file,bytes,rows,sha256
CHEMBL1163125_Ki.csv,89081,1296,847c300f6fc6a4169c0d8bcec0fbcc54df971aba38b53fdb626f20fe88a04b1d
CHEMBL1628481_EC50.csv,285493,3215,e60c279df7e52f49d9b79ac311b7dadf50faada308f4df6da5a246c549c529e2
CHEMBL1784_EC50.csv,469491,1464,2cb14851c28328c6f7f50f77abaea1591ea8009300dfe28c039a50f42ebe7007
CHEMBL1833_Ki.csv,83230,1655,b48c8d541347a9b225c8845bccb5a1d5e3b373a8f007f98cadea5eb01b2709c7
CHEMBL2000_Ki.csv,95769,1080,543384d3e1273fc2668732a01a6f5164132750417be01e33109b115700540117
CHEMBL2014_Ki.csv,145059,2108,165afe091655857e37a1f1f288b87d7a5430e0cd1e0aeb5d2e77a55739266b68
CHEMBL2056_Ki.csv,69356,1265,113c725afe9d4b8e7ed9739555cbf20acf78d159e97c97454abf85863f32f336
CHEMBL205_Ki.csv,446436,7636,58d948382efa4d905eada4f92436050130e456be8c95bdc59149b1c07d34e1c1
CHEMBL211_Ki.csv,107682,1564,ec62a39982b8ec7e8f027416143a4d20afe07a6f083a7b0616e90f3a1cee2606
CHEMBL217_Ki.csv,490303,8205,d32e5aaaab4ff5dda208c7a56b18622d79f245872a54849ba9616535eab29db9
CHEMBL222_Ki.csv,100444,1987,e777fae892b499b1f16f3d6f4b4bfaeef0c5229d36e269f71b406eeeca5e483d
CHEMBL224_Ki.csv,250732,4653,046d57d2691f805cdb747efe937d81a20258f69ec8cfde55bd5f2aeb41035137
CHEMBL225_Ki.csv,127121,2584,a2688fcebdc6d7a35717f7a951e5b8ab68610cf98fd927d1734de5d140e7462e
CHEMBL226_Ki.csv,254809,4386,0eb8a53b1e099aee523c38a3f43e03772c0c1641ec7d77d648b4ae95f82ff3b4
CHEMBL2292_EC50.csv,113545,1857,910eb2a5da0caed6ee9f24cf1bc391c67441b4bdca8f31d8e6a7a0b2574e7cc8
CHEMBL240_Ki.csv,92040,1485,3024237c1806c9626032e203eacda438c80d257ade3bfcdc8b1f15dc1cf6e213
CHEMBL245_Ki.csv,120764,1777,7717f27f07399df0eb9d7d6d7c2b50d49ccf144b0dd354fd95317bd93da5d5ae
CHEMBL251_Ki.csv,303626,5286,5ea700cfde0716259fc1cd4dab361204dfb8c5433d873542ff5dc3a766767ebb
CHEMBL253_Ki.csv,239833,4063,6ef8c2ffc1f9c2e365d600068a251d15854bbf8df3ea5513b8a0c91f739089e9
CHEMBL255_Ki.csv,110074,1843,edd961062654311caafb6f07c91a33a3d016467216a7aca4a31123c3922b0950
CHEMBL256_Ki.csv,267275,4276,d0eccf2fc0366bc44cde80ddbb17e07a15e1150abdc61519e9f66ec27e51192b
CHEMBL259_Ki.csv,229537,1982,ab6b582e0b3092a114bc1f012486f072016091e1aa41b33280adcba3f95cb126
CHEMBL261_Ki.csv,413417,7082,2c5f6df101f2c87a57306f92c127ac5b26531ed9d85965abd9153d5eba30d301
CHEMBL3155_Ki.csv,140670,2657,914f7ab611f923d16271deecf38dfbfcc6b26c3855cd1a427b63f4234a6e907e
CHEMBL3242_Ki.csv,262405,4624,a6379bbaf02a9fd8d124e7941b4db465818339815ff674d53b93e80d871feb21
CHEMBL3371_Ki.csv,211412,3904,3e9a8ed19c9e821d5057011e4a452d0e54c76ae4f46bd2262813ab38b17489c8
CHEMBL344_Ki.csv,111600,1593,f5e5a89505ccd2b16798fb11edd3e8d416a1816c722b8abdaefc68202228fd00
CHEMBL3594_Ki.csv,328434,5779,5a0edef8a110e1bb1c835378cccfd55a25523afa69961946ad5c44cbfb5cdd89
CHEMBL3759_Ki.csv,61784,1342,1f32e7570b141a05568d665aea0a795297c8ae4670ea6be5b18a76585baeddc9
CHEMBL4227_EC50.csv,91089,1332,c92a5b27c6bc62690eecd4f8da3b5724de20ff08526c590e9cd8144beb5c8796
CHEMBL4333_EC50.csv,150495,2464,a5b7d4601e7c6cebc1a8654727623a6b02b3fd35b3d89ddbd51605f812021c54
CHEMBL4361_Ki.csv,138963,1617,f4344301cb1745df5b2a001e2f28351f6b27c6c74cfeb3c2fafd666de9fa80b8
CHEMBL4422_EC50.csv,141819,2272,0f87315453c25c03728abbd5e670b1a9d4dc7a4648d7c2e261b211293c871ad8
CHEMBL4550_Ki.csv,93746,1513,182f316de685f0e0de4744bcb51a3fb1c0efe26fe4d9e4b90543019b3683a413
CHEMBL4805_Ki.csv,34988,583,a8e7b21eae76b2d709fd9748049305f697597471a4d441ace89019a75e303be0
CHEMBL4822_Ki.csv,164375,2217,7227d18dc0f447b61e3e38b4e1988fe407f04180bc464dd22f1af108a2f9892c
CHEMBL4860_Ki.csv,131407,1243,a2f0a9dd06787cf6dfd4e90bfee30e583f9701b094eb2c685709dd878e03f043
CHEMBL5024_Ki.csv,58900,1011,854bed5de93df466cba1fc8d3119bad26d220893f2d339561f7502d625f982ab
CHEMBL5113_Ki.csv,144420,2272,15e1d483a3ce4b4c81061983296e788e56ba55d73e9da2b03815d5b449b34444
CHEMBL614358_EC50.csv,66945,1243,d7eb4a8029f818f306f3fde6ad495ed8cc89cadc2eee0340374b39f31f83732a
raw_EC50.csv,20351095,203436,d35312709dffd40ad114b42b54423326dab3ee3a97f8e96d4048cf605b558389
raw_Ki.csv,35737423,425556,6bcfe9b3789bacb15a3a2965389028654cf7ae4500e46862685f23bdb4d0722f
selected.csv,1597,40,9599a7dbd15cc72f96612925bda63e770295ae56b558e60a7da2f24458f1a4d0
