collection,dataset,cluster,receptor_class,prereg,n_molecules,n_train,skill_floor,assortativity,rank_assortativity,skill_svm,skill_hgb,skill_mlp,skill_matched,selected,cv_rmse_svm,cv_rmse_hgb,cv_rmse_mlp,skill_cv,floor_minus_cv,floor_minus_matched,cv_minus_matched
ChEMBL-40,CHEMBL217_Ki,CHEMBL217_Ki,CHEMBL217_Ki,179b8bf128302f9c266dd7af9e2815c9049f18f2,8205,6551,0.38766378213789543,0.5919193612358656,0.585001992813461,0.45366477936921534,0.37697212414487824,0.2465802754683012,0.31177619980658977,svm,0.5799947716392816,0.6344687768504477,0.7943782527442812,0.45366477936921534,-0.06600099723131991,0.07588758233130566,0.14188857956262557
ChEMBL-40,CHEMBL205_Ki,CHEMBL205_Ki,CHEMBL205_Ki,179b8bf128302f9c266dd7af9e2815c9049f18f2,7636,6090,0.3260690865072359,0.5211174031053739,0.5197666178640202,0.41497089385969876,0.35513706863509775,0.28318518059904974,0.3191611246170737,svm,0.7109538984714197,0.748950474901979,0.9788624527178534,0.41497089385969876,-0.08890180735246289,0.006907961890162184,0.09580976924262508
ChEMBL-40,CHEMBL261_Ki,CHEMBL261_Ki,CHEMBL261_Ki,179b8bf128302f9c266dd7af9e2815c9049f18f2,7082,5650,0.3221738037914825,0.5259616898123023,0.5269995730574574,0.37278555800148017,0.3362268789852153,0.16456853573646946,0.25039770736084244,svm,0.6547646022138371,0.7154451246647172,0.891939240072704,0.37278555800148017,-0.05061175420999764,0.07177609643064009,0.12238785064063773
ChEMBL-40,CHEMBL3594_Ki,CHEMBL3594_Ki,CHEMBL3594_Ki,179b8bf128302f9c266dd7af9e2815c9049f18f2,5779,4596,0.3158173586360342,0.5038326921820945,0.4766850155327366,0.4134850331027662,0.35272800055458264,0.17521630530838073,0.2639721529314817,svm,0.6603460753172922,0.6982955565090265,0.9286628436492428,0.4134850331027662,-0.09766767446673197,0.05184520570455253,0.1495128801712845
ChEMBL-40,CHEMBL251_Ki,CHEMBL251_Ki,CHEMBL251_Ki,179b8bf128302f9c266dd7af9e2815c9049f18f2,5286,4199,0.41771562079074787,0.6441574510325299,0.6434214148088179,0.4867186967659046,0.4242100665741294,0.3111622178031821,0.3676861421886557,svm,0.6377659662885908,0.6781461823650681,0.8273059089152998,0.4867186967659046,-0.06900307597515676,0.05002947860209217,0.11903255457724893
ChEMBL-40,CHEMBL224_Ki,CHEMBL224_Ki,CHEMBL224_Ki,179b8bf128302f9c266dd7af9e2815c9049f18f2,4653,3703,0.3559858269709616,0.6123069596232147,0.6294556643791898,0.4837820078029009,0.4215192876331646,0.3236633930454974,0.37259134033933106,svm,0.644893302612066,0.6899748084453827,0.8877344447184139,0.4837820078029009,-0.12779618083193933,-0.016605513368369462,0.11119066746356987
ChEMBL-40,CHEMBL1628481_EC50,CHEMBL1628481_EC50,CHEMBL1628481_EC50,179b8bf128302f9c266dd7af9e2815c9049f18f2,3215,2567,0.2502763601272925,0.4557569015426612,0.4358442749896936,0.3868816311618859,0.3678424108207542,0.18596725873613695,0.27690483477844563,svm,0.6175016930441882,0.6466028525525239,0.8021851240386375,0.3868816311618859,-0.1366052710345934,-0.026628474651153144,0.10997679638344027
ChEMBL-40,CHEMBL256_Ki,CHEMBL256_Ki,CHEMBL256_Ki,179b8bf128302f9c266dd7af9e2815c9049f18f2,4276,3420,0.3787497650163999,0.6068571122491742,0.6074370517416211,0.503968567181806,0.4312638478667409,0.33174898630713545,0.3815064170869381,svm,0.658607958333127,0.7043529567412524,0.9012976594583145,0.503968567181806,-0.12521880216540615,-0.0027566520705382125,0.12246215009486794
ChEMBL-40,CHEMBL3242_Ki,CHEMBL3242_Ki,CHEMBL3242_Ki,179b8bf128302f9c266dd7af9e2815c9049f18f2,4624,3678,0.3182567412903009,0.5236780952596303,0.48507834465924393,0.3417267550125803,0.34190815878966907,0.14449361245316228,0.24320088562141573,svm,0.6520752668833137,0.6734884977018225,0.9355043077527345,0.3417267550125803,-0.023470013722279415,0.07505585566888517,0.09852586939116459
ChEMBL-40,CHEMBL226_Ki,CHEMBL226_Ki,CHEMBL226_Ki,179b8bf128302f9c266dd7af9e2815c9049f18f2,4386,3499,0.3137611891130052,0.4999240680042367,0.5010824024510303,0.40629388104433484,0.3582738653396048,0.20187040405855694,0.2800721346990809,svm,0.6397753861371906,0.688624886271136,0.8259991642343628,0.40629388104433484,-0.09253269193132962,0.033689054413924335,0.12622174634525396
ChEMBL-40,CHEMBL253_Ki,CHEMBL253_Ki,CHEMBL253_Ki,179b8bf128302f9c266dd7af9e2815c9049f18f2,4063,3252,0.2976168876371055,0.5596806317821306,0.5635499863242398,0.39648190749281087,0.34694231623946203,0.20453043646232105,0.27573637635089143,svm,0.7071187127204194,0.7609292003603394,0.8957380773315501,0.39648190749281087,-0.0988650198557054,0.021880511286214044,0.12074553114191944
ChEMBL-40,CHEMBL3371_Ki,CHEMBL3371_Ki,CHEMBL3371_Ki,179b8bf128302f9c266dd7af9e2815c9049f18f2,3904,3127,0.37542772192579,0.5975902209263451,0.5901332919864384,0.4827516839074134,0.4455539448316954,0.3062676087534777,0.37591077679258655,svm,0.6061597846769906,0.6534573253158248,0.8166417155586455,0.4827516839074134,-0.10732396198162342,-0.00048305486679656173,0.10684090711482686
ChEMBL-40,CHEMBL5113_Ki,CHEMBL5113_Ki,CHEMBL5113_Ki,179b8bf128302f9c266dd7af9e2815c9049f18f2,2272,1813,0.41499076979282457,0.6532916178717078,0.6595029464533736,0.5090629900294925,0.4659513852416469,0.4261012283425448,0.4460263067920959,svm,0.5671332973312093,0.5954027022249785,0.660489410737405,0.5090629900294925,-0.09407222023666795,-0.031035536999271307,0.06303668323739664
ChEMBL-40,CHEMBL2292_EC50,CHEMBL2292_EC50,CHEMBL2292_EC50,179b8bf128302f9c266dd7af9e2815c9049f18f2,1857,1467,0.24163453097708665,0.4345197124246565,0.47218667905492645,0.35521641073977583,0.3280451379356677,0.15336731837324957,0.24070622815445863,svm,0.49240600336477824,0.5057454159188424,0.6186636218769515,0.35521641073977583,-0.11358187976268919,0.0009283028226280132,0.1145101825853172
ChEMBL-40,CHEMBL1163125_Ki,CHEMBL1163125_Ki,CHEMBL1163125_Ki,179b8bf128302f9c266dd7af9e2815c9049f18f2,1296,1026,0.4359762831860189,0.6768655698724421,0.6584209425890659,0.5347913980484331,0.5119892861139543,0.3791469597069854,0.4455681229104699,svm,0.46756077779445604,0.495932951197725,0.6240005435474003,0.5347913980484331,-0.09881511486241423,-0.00959183972445099,0.08922327513796324
ChEMBL-40,CHEMBL3155_Ki,CHEMBL3155_Ki,CHEMBL3155_Ki,179b8bf128302f9c266dd7af9e2815c9049f18f2,2657,2111,0.3783620989541445,0.5357174946520892,0.5340201802651717,0.4583732046132022,0.43885203906304093,0.2337007760136951,0.33627640753836796,svm,0.6545213184003289,0.6768846096189538,0.8435688752721504,0.4583732046132022,-0.08001110565905767,0.04208569141577656,0.12209679707483423
ChEMBL-40,CHEMBL225_Ki,CHEMBL225_Ki,CHEMBL225_Ki,179b8bf128302f9c266dd7af9e2815c9049f18f2,2584,2053,0.32003407070962464,0.509857174176103,0.5016885481048378,0.37759388377776204,0.37597615566390263,0.12011833055744592,0.24804724311067416,svm,0.6470252787483226,0.6775203092935894,0.8891215988833512,0.37759388377776204,-0.0575598130681374,0.07198682759895048,0.12954664066708788
ChEMBL-40,CHEMBL4422_EC50,CHEMBL4422_EC50,CHEMBL4422_EC50,179b8bf128302f9c266dd7af9e2815c9049f18f2,2272,1813,0.29842111966077645,0.5450224130458442,0.5569808086389368,0.3427665283340875,0.35696011361173496,0.24028055000646398,0.2986203318090995,svm,0.6208573364020415,0.6254801442030102,0.7684458240717528,0.3427665283340875,-0.04434540867331105,-0.0001992121483230802,0.04414619652498797
ChEMBL-40,CHEMBL614358_EC50,CHEMBL614358_EC50,CHEMBL614358_EC50,179b8bf128302f9c266dd7af9e2815c9049f18f2,1243,981,-0.0008899534061812542,0.11322103326456127,0.13479547275900414,-0.0016703199225838183,0.0002755638373412861,-0.5372788643442357,-0.2685016502534472,svm,0.5871068382324562,0.6015564489691455,0.9964656133466872,-0.0016703199225838183,0.0007803665164025642,0.26761169684726593,0.26683133033086337
ChEMBL-40,CHEMBL4860_Ki,CHEMBL4860_Ki,CHEMBL4860_Ki,179b8bf128302f9c266dd7af9e2815c9049f18f2,1243,981,0.6414135522249327,0.8725045698886278,0.8414142775183591,0.707198043310636,0.6857603554891416,0.6410795733087827,0.6634199643989622,svm,0.6172592361186415,0.6476947378090114,0.7452562582812938,0.707198043310636,-0.06578449108570328,-0.022006412174029544,0.043778078911673735
ChEMBL-40,CHEMBL5024_Ki,CHEMBL5024_Ki,CHEMBL5024_Ki,179b8bf128302f9c266dd7af9e2815c9049f18f2,1011,797,0.2306370554370918,0.4391634360102922,0.36072158629715056,0.23844040673613853,0.2523253761795917,0.024994802157141005,0.13866008916836636,hgb,0.5119128390817492,0.5072789669123976,0.6327381209313729,0.2523253761795917,-0.021688320742499934,0.09197696626872542,0.11366528701122536
ChEMBL-40,CHEMBL2000_Ki,CHEMBL2000_Ki,CHEMBL2000_Ki,179b8bf128302f9c266dd7af9e2815c9049f18f2,1080,850,0.36029505260019135,0.5461332325025285,0.4943718499112561,0.41650081257342675,0.4180110255066536,0.38459401476158905,0.4013025201341214,hgb,0.7449294021716171,0.7254210817135347,0.8575440979613989,0.4180110255066536,-0.05771597290646224,-0.04100746753393003,0.016708505372532212
ChEMBL-40,CHEMBL4333_EC50,CHEMBL4333_EC50,CHEMBL4333_EC50,179b8bf128302f9c266dd7af9e2815c9049f18f2,2464,1958,0.37179640084940224,0.6194148572864997,0.606798410975099,0.474237519852592,0.4118215170450298,0.3654000087859586,0.3886107629154941,svm,0.7688548507097548,0.7986052747336166,0.9080168914610638,0.474237519852592,-0.10244111900318975,-0.01681436206609188,0.08562675693709787
ChEMBL-40,CHEMBL4550_Ki,CHEMBL4550_Ki,CHEMBL4550_Ki,179b8bf128302f9c266dd7af9e2815c9049f18f2,1513,1193,0.28696807455995554,0.41508525596385415,0.42435208780171363,0.38766598475685865,0.3297130089002913,0.23913750367556685,0.28442525628792903,svm,0.6138656348931375,0.6441024825982726,0.6914577732048172,0.38766598475685865,-0.1006979101969031,0.0025428182720265147,0.10324072846892962
ChEMBL-40,CHEMBL259_Ki,CHEMBL259_Ki,CHEMBL259_Ki,179b8bf128302f9c266dd7af9e2815c9049f18f2,1982,1572,0.46082718298477,0.6974640357297915,0.6800062266981456,0.5025274481614987,0.5011930905899386,0.3844136852389236,0.4428033879144311,svm,0.6327646531909685,0.6467257123307925,0.7804700003477686,0.5025274481614987,-0.04170026517672876,0.01802379507033891,0.05972406024706767
ChEMBL-40,CHEMBL4822_Ki,CHEMBL4822_Ki,CHEMBL4822_Ki,179b8bf128302f9c266dd7af9e2815c9049f18f2,2217,1763,0.34470757946532793,0.5357850901614466,0.5463231906649918,0.3813608947104561,0.42607834915716325,0.34542646509954567,0.38575240712835446,hgb,0.6695986977789078,0.6493306013517388,0.7327556572538643,0.42607834915716325,-0.08137076969183532,-0.04104482766302653,0.04032594202880879
ChEMBL-40,CHEMBL222_Ki,CHEMBL222_Ki,CHEMBL222_Ki,179b8bf128302f9c266dd7af9e2815c9049f18f2,1987,1577,0.3209156784668059,0.5535579606260396,0.5540245538685513,0.3779814598150477,0.36779677879157346,0.16030858728503095,0.2640526830383022,hgb,0.6650202324838801,0.6524748314796228,0.8955294903177101,0.36779677879157346,-0.046881100324767555,0.056862995428503704,0.10374409575327126
ChEMBL-40,CHEMBL245_Ki,CHEMBL245_Ki,CHEMBL245_Ki,179b8bf128302f9c266dd7af9e2815c9049f18f2,1777,1398,0.4836640054859367,0.7165869096438549,0.7121783266073024,0.5659581754495119,0.5385836424279117,0.3745606263648771,0.4565721343963943,svm,0.6975343963073332,0.7315881240440952,0.9354168466515722,0.5659581754495119,-0.08229416996357519,0.027091871089542363,0.10938604105311756
ChEMBL-40,CHEMBL2014_Ki,CHEMBL2014_Ki,CHEMBL2014_Ki,179b8bf128302f9c266dd7af9e2815c9049f18f2,2108,1677,0.3545355711797278,0.5559074267959228,0.5432602742735599,0.44685057948123097,0.40194022415063957,0.2456685229133856,0.3238043735320125,svm,0.671871345110843,0.6802105061729322,0.8345869386399961,0.44685057948123097,-0.09231500830150319,0.030731197647715258,0.12304620594921845
ChEMBL-40,CHEMBL255_Ki,CHEMBL255_Ki,CHEMBL255_Ki,179b8bf128302f9c266dd7af9e2815c9049f18f2,1843,1456,0.4148036376261838,0.6689078978329568,0.6535300187942188,0.47725649347244903,0.46398579915596616,0.3405268202413376,0.4022563096986519,svm,0.5849254683597774,0.6023677556941252,0.7390145308632461,0.47725649347244903,-0.062452855846265254,0.012547327927531882,0.07500018377379714
ChEMBL-40,CHEMBL4361_Ki,CHEMBL4361_Ki,CHEMBL4361_Ki,179b8bf128302f9c266dd7af9e2815c9049f18f2,1617,1272,0.671425999847843,0.8708955537023604,0.8504487457392921,0.7044628942442777,0.6919287512313297,0.6238241383087828,0.6578764447700562,svm,0.5066814833708569,0.5363738369899352,0.6599941336187509,0.7044628942442777,-0.033036894396434646,0.013549555077786768,0.046586449474221414
ChEMBL-40,CHEMBL4805_Ki,CHEMBL4805_Ki,CHEMBL4805_Ki,179b8bf128302f9c266dd7af9e2815c9049f18f2,583,451,0.09474645520471581,0.25004524103487624,0.31096930283773655,0.0855426719441138,0.10152806732018393,-0.18484020479314234,-0.04165606873647931,svm,0.5459635288960295,0.5472585192240194,0.9341199734101977,0.0855426719441138,0.009203783260602005,0.13640252394119512,0.12719874068059311
ChEMBL-40,CHEMBL1784_EC50,CHEMBL1784_EC50,CHEMBL1784_EC50,179b8bf128302f9c266dd7af9e2815c9049f18f2,1464,1155,0.519884620162027,0.7482157958178667,0.7457968144427248,0.5529199114181882,0.5556017135448182,0.43460605500820826,0.4951038842765133,hgb,0.7332715299808222,0.7295895146126322,0.9232745956527614,0.5556017135448182,-0.035717093382791276,0.02478073588551366,0.06049782926830494
ChEMBL-40,CHEMBL1833_Ki,CHEMBL1833_Ki,CHEMBL1833_Ki,179b8bf128302f9c266dd7af9e2815c9049f18f2,1655,1305,0.18770591699169326,0.4002432488888049,0.3750205141892499,0.26764369625898854,0.24259149182473505,0.018826186079583973,0.13070883895215957,svm,0.6319612944211138,0.6446259330802308,0.8815779182022865,0.26764369625898854,-0.07993777926729528,0.05699707803953369,0.13693485730682897
ChEMBL-40,CHEMBL4227_EC50,CHEMBL4227_EC50,CHEMBL4227_EC50,179b8bf128302f9c266dd7af9e2815c9049f18f2,1332,1057,0.30847590858021545,0.5199645042237123,0.5282501842272807,0.3126871307764433,0.3059523289652111,0.2279010169380239,0.2669266729516174,hgb,0.9643233518756278,0.9248451642077347,1.0793353465456812,0.3059523289652111,0.0025235796150043788,0.041549235628598025,0.039025656013593646
ChEMBL-40,CHEMBL211_Ki,CHEMBL211_Ki,CHEMBL211_Ki,179b8bf128302f9c266dd7af9e2815c9049f18f2,1564,1233,0.4383310938688363,0.6260890399704975,0.6146934259964413,0.5483443256546972,0.5206502298357507,0.3541687464128256,0.43740948812428815,svm,0.7686378607257313,0.7926255083513647,1.0594038803395747,0.5483443256546972,-0.11001323178586087,0.0009216057445481374,0.110934837530409
ChEMBL-40,CHEMBL344_Ki,CHEMBL344_Ki,CHEMBL344_Ki,179b8bf128302f9c266dd7af9e2815c9049f18f2,1593,1255,0.2266513254484478,0.4214743486615958,0.41310031430119454,0.35476945260462345,0.3310203554763672,0.1399504331021747,0.23548539428927096,svm,0.6421628316451942,0.6746273998435377,0.7303786995783644,0.35476945260462345,-0.12811812715617565,-0.008834068840823162,0.11928405831535249
ChEMBL-40,CHEMBL240_Ki,CHEMBL240_Ki,CHEMBL240_Ki,179b8bf128302f9c266dd7af9e2815c9049f18f2,1485,1170,0.37211992531463867,0.5722638405787761,0.5759189577814343,0.45517174203415145,0.4155541779870805,0.2502322730778517,0.33289322553246614,svm,0.5629609416372847,0.5804073616007177,0.7570044608245896,0.45517174203415145,-0.08305181671951278,0.039226699782172525,0.12227851650168531
ChEMBL-40,CHEMBL3759_Ki,CHEMBL3759_Ki,CHEMBL3759_Ki,179b8bf128302f9c266dd7af9e2815c9049f18f2,1342,1066,0.33850243887948805,0.5319512826266869,0.5194748851150306,0.46454858146452527,0.44062194924878206,0.2593401868325458,0.34998106804066387,svm,0.698156121521162,0.7222413294405055,0.9157087397488253,0.46454858146452527,-0.1260461425850372,-0.011478629161175813,0.1145675134238614
ChEMBL-40,CHEMBL2056_Ki,CHEMBL2056_Ki,CHEMBL2056_Ki,179b8bf128302f9c266dd7af9e2815c9049f18f2,1265,999,0.33680830835913667,0.5510389228492543,0.554038782674466,0.4420216994655295,0.4365601694605665,0.2572933327114899,0.3469267510860282,svm,0.6276307245696755,0.6374062492753814,0.9108726956999661,0.4420216994655295,-0.10521339110639283,-0.010118442726891552,0.09509494837950128
MoleculeACE-30,CHEMBL1862_Ki,CHEMBL1862_Ki,CHEMBL1862_Ki,179b8bf128302f9c266dd7af9e2815c9049f18f2,794,622,0.42255876138116544,0.5999912152746948,0.6187561201529371,0.5152017092956169,0.5250736273154792,0.36162387646768157,0.4433487518915804,svm,0.7308890049950222,0.7932145382219546,0.9741364991214365,0.5152017092956169,-0.09264294791445149,-0.02078999051041497,0.07185295740403652
MoleculeACE-30,CHEMBL1871_Ki,CHEMBL1871_Ki,CHEMBL1871_Ki,179b8bf128302f9c266dd7af9e2815c9049f18f2,659,517,0.3381794618750227,0.5880238292430153,0.5931455038648209,0.354241374679924,0.37030457741340694,0.15310899413150159,0.2617067857724543,svm,0.6262525504855965,0.6588489823925959,0.9726654769762488,0.354241374679924,-0.016061912804901324,0.07647267610256836,0.09253458890746968
MoleculeACE-30,CHEMBL2034_Ki,CHEMBL2034_Ki,CHEMBL2034_Ki,179b8bf128302f9c266dd7af9e2815c9049f18f2,750,587,0.3522910255803384,0.5647806523125452,0.5387437688892572,0.3900295258699581,0.38154218764481906,0.24433457576265993,0.31293838170373944,svm,0.6466337946569767,0.6841165395128457,0.8457567657065421,0.3900295258699581,-0.03773850028961967,0.03935264387659898,0.07709114416621865
MoleculeACE-30,CHEMBL2047_EC50,CHEMBL2047_EC50,CHEMBL2047_EC50,179b8bf128302f9c266dd7af9e2815c9049f18f2,631,495,0.24110361904287536,0.5201456411300904,0.5051724674627449,0.3351789665095598,0.37816184148980336,0.25562812115967026,0.3168949813247367,svm,0.5778068616890878,0.608242138063884,0.7345764359510295,0.3351789665095598,-0.09407534746668444,-0.07579136228186134,0.018283985184823104
MoleculeACE-30,CHEMBL204_Ki,CHEMBL204_Ki,CHEMBL204_Ki,179b8bf128302f9c266dd7af9e2815c9049f18f2,2754,2194,0.4326638394699195,0.6626660522234534,0.6755556160465123,0.5898322442843124,0.5337463286207816,0.45039403144010615,0.4920701800304439,svm,0.713656543729827,0.7842789789714051,0.9276059981070823,0.5898322442843124,-0.15716840481439287,-0.05940634056052441,0.09776206425386846
MoleculeACE-30,CHEMBL2147_Ki,CHEMBL2147_Ki,CHEMBL2147_Ki,179b8bf128302f9c266dd7af9e2815c9049f18f2,1456,1148,0.5363344056137258,0.8052380569238171,0.7834139124940351,0.6367501061861016,0.6205125169860626,0.5183613376284294,0.5694369273072459,svm,0.6290399389110134,0.6740018590988617,0.8544194769501233,0.6367501061861016,-0.10041570057237581,-0.033102521693520126,0.06731317887885568
MoleculeACE-30,CHEMBL214_Ki,CHEMBL214_Ki,CHEMBL214_Ki,179b8bf128302f9c266dd7af9e2815c9049f18f2,3317,2649,0.34583012115580414,0.5786389764886399,0.5708073674974836,0.4468618687522182,0.41484846104247275,0.2607996476899851,0.337824054366229,svm,0.6366087173174542,0.666537201011943,0.8556678475299538,0.4468618687522182,-0.10103174759641409,0.008006066789575161,0.10903781438598925
MoleculeACE-30,CHEMBL218_EC50,CHEMBL218_EC50,CHEMBL218_EC50,179b8bf128302f9c266dd7af9e2815c9049f18f2,1031,814,0.2909187836881817,0.4631119043738833,0.4623230594451974,0.4008656039331303,0.36412631979133425,0.20242440572401277,0.2832753627576735,svm,0.6571919862041411,0.7049304605561116,0.8449564227714592,0.4008656039331303,-0.10994682024494862,0.007643420930508182,0.1175902411754568
MoleculeACE-30,CHEMBL219_Ki,CHEMBL219_Ki,CHEMBL219_Ki,179b8bf128302f9c266dd7af9e2815c9049f18f2,1865,1474,0.2506274103705378,0.4419260794150359,0.4438694179806295,0.3484584790689115,0.3107640097176614,0.13349039297691567,0.22212720134728847,svm,0.6853613958228078,0.7143058578748884,0.9069293593638117,0.3484584790689115,-0.09783106869837366,0.028500209023249345,0.126331277721623
MoleculeACE-30,CHEMBL228_Ki,CHEMBL228_Ki,CHEMBL228_Ki,179b8bf128302f9c266dd7af9e2815c9049f18f2,1704,1343,0.3226352379528805,0.5261103517446459,0.537194436979068,0.4627746219935869,0.42110454637924566,0.28010591126858597,0.35060522882391576,svm,0.7255189636013223,0.7483119193797663,0.9987840671134253,0.4627746219935869,-0.14013938404070636,-0.027969990871035244,0.11216939316967112
MoleculeACE-30,CHEMBL231_Ki,CHEMBL231_Ki,CHEMBL231_Ki,179b8bf128302f9c266dd7af9e2815c9049f18f2,973,766,0.3723995955262632,0.6210885846432446,0.6261068344857911,0.46395279813179124,0.4696361721824063,0.22126306630759074,0.3454496192449985,svm,0.6587994466815752,0.6866844709191733,0.905846148809958,0.46395279813179124,-0.09155320260552802,0.02694997628126472,0.11850317888679274
MoleculeACE-30,CHEMBL233_Ki,CHEMBL233_Ki,CHEMBL233_Ki,179b8bf128302f9c266dd7af9e2815c9049f18f2,3142,2508,0.40645286357773125,0.6118547719646804,0.6202265442403742,0.4823594765720707,0.4520055325027339,0.34204788227446214,0.397026707388598,svm,0.7339456696102308,0.7660949137957533,0.9884331790300284,0.4823594765720707,-0.07590661299433943,0.009426156189133228,0.08533276918347266
MoleculeACE-30,CHEMBL234_Ki,CHEMBL234_Ki,CHEMBL234_Ki,179b8bf128302f9c266dd7af9e2815c9049f18f2,3657,2913,0.3541400485067904,0.5913670695372554,0.5966327977901159,0.4695038257124051,0.4380770437221613,0.27421518952262813,0.3561461166223947,svm,0.6315183149775605,0.6738905748228695,0.8942347572361206,0.4695038257124051,-0.11536377720561475,-0.0020060681156043314,0.11335770909001042
MoleculeACE-30,CHEMBL235_EC50,CHEMBL235_EC50,CHEMBL235_EC50,179b8bf128302f9c266dd7af9e2815c9049f18f2,2349,1877,0.2932676604812854,0.5825291251051303,0.5901910055102576,0.38151428917279273,0.35287810289230914,0.34038858242058456,0.34663334265644685,svm,0.644709199769544,0.671785728696762,0.7748563837197626,0.38151428917279273,-0.08824662869150735,-0.053365682175161466,0.03488094651634588
MoleculeACE-30,CHEMBL236_Ki,CHEMBL236_Ki,CHEMBL236_Ki,179b8bf128302f9c266dd7af9e2815c9049f18f2,2598,2066,0.43713821003467,0.6799773522729705,0.6762661625269546,0.5287812233034264,0.48451672757391895,0.3813974743163202,0.4329571009451195,svm,0.669666346816032,0.7017737881872083,0.8468700398450227,0.5287812233034264,-0.09164301326875635,0.004181109089550494,0.09582412235830684
MoleculeACE-30,CHEMBL237_EC50,CHEMBL237_EC50,CHEMBL237_EC50,179b8bf128302f9c266dd7af9e2815c9049f18f2,955,752,0.2987170086615628,0.5206351920539958,0.49663941182953003,0.4340522341126364,0.4110630139475443,0.28242196238326744,0.34674248816540587,svm,0.792049206273898,0.8529799241967317,0.9977596252128782,0.4340522341126364,-0.13533522545107357,-0.04802547950384306,0.08730974594723051
MoleculeACE-30,CHEMBL237_Ki,CHEMBL237_Ki,CHEMBL237_Ki,179b8bf128302f9c266dd7af9e2815c9049f18f2,2603,2069,0.4034239482833323,0.6454298724215494,0.6415425161143787,0.49373376200794694,0.4761885186443988,0.34028989566214596,0.40823920715327244,svm,0.7303262472967034,0.7391554715609627,0.9728325285948369,0.49373376200794694,-0.09030981372461466,-0.004815258869940164,0.0854945548546745
MoleculeACE-30,CHEMBL238_Ki,CHEMBL238_Ki,CHEMBL238_Ki,179b8bf128302f9c266dd7af9e2815c9049f18f2,1052,834,0.36734267443083735,0.5328737557677491,0.5391053517878116,0.44963494163164364,0.44331092386623105,0.18560016344008246,0.31445554365315675,svm,0.6402804986583683,0.6680353754198024,1.00501606228926,0.44963494163164364,-0.08229226720080629,0.05288713077768059,0.13517939797848688
MoleculeACE-30,CHEMBL239_EC50,CHEMBL239_EC50,CHEMBL239_EC50,179b8bf128302f9c266dd7af9e2815c9049f18f2,1721,1357,0.32302841465745413,0.5137419196498889,0.5267916543557966,0.43028744574065436,0.38500978567612576,0.3088862195001958,0.34694800258816083,svm,0.7004580866058108,0.7226644750379346,0.7923717681522847,0.43028744574065436,-0.10725903108320023,-0.0239195879307067,0.08333944315249353
MoleculeACE-30,CHEMBL244_Ki,CHEMBL244_Ki,CHEMBL244_Ki,179b8bf128302f9c266dd7af9e2815c9049f18f2,3097,2471,0.5260475065789038,0.7549038358404901,0.7543778310736075,0.5857301503316458,0.550013004235169,0.47040288610515213,0.5102079451701604,svm,0.7358482363243815,0.796226055033421,0.9132952271440308,0.5857301503316458,-0.059682643752742015,0.01583956140874332,0.07552220516148533
MoleculeACE-30,CHEMBL262_Ki,CHEMBL262_Ki,CHEMBL262_Ki,179b8bf128302f9c266dd7af9e2815c9049f18f2,856,671,0.17604928115775687,0.384770204839488,0.3684298291945885,0.3477692123296343,0.28883723708972964,0.10420608011355659,0.19652165860164317,svm,0.7068059160145501,0.7262386625641325,1.0797496244574525,0.3477692123296343,-0.17171993117187745,-0.020472377443886303,0.15124755372799115
MoleculeACE-30,CHEMBL264_Ki,CHEMBL264_Ki,CHEMBL264_Ki,179b8bf128302f9c266dd7af9e2815c9049f18f2,2862,2279,0.34303931988292513,0.5615735208834454,0.5602217701227769,0.46221723794268144,0.4231067526258875,0.2327092579357588,0.3279080052808232,svm,0.621149184688133,0.6717118160616666,0.8690353064148504,0.46221723794268144,-0.1191779180597563,0.01513131460210193,0.13430923266185824
MoleculeACE-30,CHEMBL2835_Ki,CHEMBL2835_Ki,CHEMBL2835_Ki,179b8bf128302f9c266dd7af9e2815c9049f18f2,615,480,0.5126534839395419,0.7840189108351248,0.668984465755763,0.568115898479746,0.5571503322261651,0.45906578617836935,0.5081080592022672,svm,0.39235623922184026,0.4146406172280357,0.7602267078895675,0.568115898479746,-0.055462414540204064,0.004545424737274706,0.06000783927747877
MoleculeACE-30,CHEMBL287_Ki,CHEMBL287_Ki,CHEMBL287_Ki,179b8bf128302f9c266dd7af9e2815c9049f18f2,1328,1054,0.26193268519576796,0.3750248425846566,0.36879138738929207,0.39773474201191505,0.360697699468179,-0.04633177337978256,0.15718296304419832,svm,0.7460472157051161,0.7830311608033369,1.1645927627379595,0.39773474201191505,-0.1358020568161471,0.10474972215156964,0.24055177896771673
MoleculeACE-30,CHEMBL2971_Ki,CHEMBL2971_Ki,CHEMBL2971_Ki,179b8bf128302f9c266dd7af9e2815c9049f18f2,976,769,0.48291079387992697,0.734889061710484,0.7532363064540621,0.5780916669228435,0.5642792022046155,0.33740550668268177,0.4508423544436486,svm,0.6245296783285932,0.6445940891291665,0.8175734314770853,0.5780916669228435,-0.09518087304291656,0.03206843943627835,0.1272493124791949
MoleculeACE-30,CHEMBL3979_EC50,CHEMBL3979_EC50,CHEMBL3979_EC50,179b8bf128302f9c266dd7af9e2815c9049f18f2,1125,887,0.4147432621944189,0.6086937707707706,0.6120080914184454,0.46054165755687193,0.44752973272514407,0.36055445601307934,0.40404209436911176,svm,0.6559642154628293,0.6783088982944596,0.7961205308113868,0.46054165755687193,-0.045798395362453004,0.010701167825307167,0.05649956318776017
MoleculeACE-30,CHEMBL4005_Ki,CHEMBL4005_Ki,CHEMBL4005_Ki,179b8bf128302f9c266dd7af9e2815c9049f18f2,960,756,0.2985788047994338,0.591282282235574,0.5878051236068353,0.451050427032189,0.4261333402624765,0.33893833965419495,0.38253583995833573,svm,0.5944961421227952,0.6241077739474614,0.7229296003578664,0.451050427032189,-0.15247162223275523,-0.08395703515890196,0.06851458707385327
MoleculeACE-30,CHEMBL4203_Ki,CHEMBL4203_Ki,CHEMBL4203_Ki,179b8bf128302f9c266dd7af9e2815c9049f18f2,731,573,0.22719337733798062,0.36887762688690123,0.3420750152146599,0.3000911044447335,0.26509224689899114,-0.11443505584960212,0.07532859552469451,svm,0.7462185126107229,0.7642431993043759,1.0880724763913476,0.3000911044447335,-0.07289772710675291,0.1518647818132861,0.22476250892003902
MoleculeACE-30,CHEMBL4616_EC50,CHEMBL4616_EC50,CHEMBL4616_EC50,179b8bf128302f9c266dd7af9e2815c9049f18f2,682,537,0.3124177056770284,0.3988669189346174,0.36964140835968906,0.3094453900198302,0.3212781128066875,0.2470345522754681,0.28415633254107775,svm,0.6954547289414932,0.7111901622867601,0.9063926182797154,0.3094453900198302,0.0029723156571982434,0.028261373135950674,0.02528905747875243
MoleculeACE-30,CHEMBL4792_Ki,CHEMBL4792_Ki,CHEMBL4792_Ki,179b8bf128302f9c266dd7af9e2815c9049f18f2,1471,1160,0.3827599528581801,0.5447958878548221,0.5192895539441912,0.4983920627395131,0.43030417728342785,0.32556077776605796,0.3779324775247429,svm,0.6633684633504806,0.7148413244891182,0.7784670909839576,0.4983920627395131,-0.11563210988133299,0.004827475333437192,0.12045958521477018
