dataset,fingerprint,metric,k,construction,frozen,n_edges,mean_degree,assortativity,rank_assortativity,avg_clustering
ACE:CHEMBL1862_Ki,ecfp4,tanimoto,5,ecfp4/tanimoto/k5,False,2852,7.183879093198993,0.6848273014296109,0.698797148483602,0.43271556268975736
ACE:CHEMBL1862_Ki,ecfp4,tanimoto,10,ecfp4/tanimoto/k10,True,5707,14.375314861460957,0.5999912152746948,0.6187561201529371,0.4459077726219267
ACE:CHEMBL1862_Ki,ecfp4,tanimoto,20,ecfp4/tanimoto/k20,False,11549,29.090680100755666,0.5439111959578969,0.5601093228046384,0.4461462505511095
ACE:CHEMBL1862_Ki,ecfp4,tanimoto,30,ecfp4/tanimoto/k30,False,17456,43.96977329974811,0.5045550974997381,0.5196232396246181,0.4597764906320819
ACE:CHEMBL1862_Ki,ecfp6,tanimoto,10,ecfp6/tanimoto/k10,False,5679,14.30478589420655,0.6171452487704406,0.6360682664601515,0.4587126548429785
ACE:CHEMBL1862_Ki,maccs,tanimoto,10,maccs/tanimoto/k10,False,5628,14.17632241813602,0.550654139571236,0.5578650500133256,0.45524629816065876
ACE:CHEMBL1862_Ki,rdkit,tanimoto,10,rdkit/tanimoto/k10,False,5770,14.534005037783375,0.5760198906343964,0.5970682572968532,0.5863687952462305
ACE:CHEMBL1862_Ki,atompair,tanimoto,10,atompair/tanimoto/k10,False,5578,14.05037783375315,0.6487313603804103,0.6345045224862661,0.4705976007129265
ACE:CHEMBL1862_Ki,ecfp4,dice,10,ecfp4/dice/k10,False,5707,14.375314861460957,0.5999912152746948,0.6187561201529371,0.4459077726219267
ACE:CHEMBL1862_Ki,ecfp4,cosine,10,ecfp4/cosine/k10,False,5714,14.39294710327456,0.597364040244023,0.6179797735415812,0.44762336118777835
ACE:CHEMBL1871_Ki,ecfp4,tanimoto,5,ecfp4/tanimoto/k5,False,2228,6.761760242792109,0.6499053490799575,0.6554016598471523,0.5918245879413117
ACE:CHEMBL1871_Ki,ecfp4,tanimoto,10,ecfp4/tanimoto/k10,True,4326,13.12898330804249,0.5880238292430153,0.5931455038648209,0.6316392289059438
ACE:CHEMBL1871_Ki,ecfp4,tanimoto,20,ecfp4/tanimoto/k20,False,8627,26.18209408194234,0.5217825714458796,0.5246123522349342,0.6405323777880095
ACE:CHEMBL1871_Ki,ecfp4,tanimoto,30,ecfp4/tanimoto/k30,False,12826,38.925644916540215,0.47282357851664225,0.4757999097886001,0.6425406258417906
ACE:CHEMBL1871_Ki,ecfp6,tanimoto,10,ecfp6/tanimoto/k10,False,4316,13.098634294385432,0.5829128236355207,0.5877429427364885,0.641188245115922
ACE:CHEMBL1871_Ki,maccs,tanimoto,10,maccs/tanimoto/k10,False,4367,13.253414264036419,0.5441053561503754,0.5449825288856573,0.6129035011445607
ACE:CHEMBL1871_Ki,rdkit,tanimoto,10,rdkit/tanimoto/k10,False,4419,13.41122913505311,0.5639233962854525,0.5683223699663212,0.6906939193140009
ACE:CHEMBL1871_Ki,atompair,tanimoto,10,atompair/tanimoto/k10,False,4323,13.119878603945372,0.5985833173231052,0.6007357805824208,0.5970824064689283
ACE:CHEMBL1871_Ki,ecfp4,dice,10,ecfp4/dice/k10,False,4326,13.12898330804249,0.5880238292430153,0.5931455038648209,0.6316392289059438
ACE:CHEMBL1871_Ki,ecfp4,cosine,10,ecfp4/cosine/k10,False,4330,13.141122913505312,0.5889262582479892,0.5940984705782941,0.6292480516577271
ACE:CHEMBL2034_Ki,ecfp4,tanimoto,5,ecfp4/tanimoto/k5,False,2542,6.778666666666667,0.6359121125036429,0.6076496661490512,0.6308375362617178
ACE:CHEMBL2034_Ki,ecfp4,tanimoto,10,ecfp4/tanimoto/k10,True,4927,13.138666666666667,0.5647806523125452,0.5387437688892572,0.6861858447336425
ACE:CHEMBL2034_Ki,ecfp4,tanimoto,20,ecfp4/tanimoto/k20,False,9477,25.272,0.45491605410650493,0.4259554967580502,0.7230559060895853
ACE:CHEMBL2034_Ki,ecfp4,tanimoto,30,ecfp4/tanimoto/k30,False,13940,37.17333333333333,0.36083337486468914,0.3390804326794709,0.7135489626294119
ACE:CHEMBL2034_Ki,ecfp6,tanimoto,10,ecfp6/tanimoto/k10,False,4908,13.088,0.563854699541151,0.5398499752730248,0.6849129288320744
ACE:CHEMBL2034_Ki,maccs,tanimoto,10,maccs/tanimoto/k10,False,5080,13.546666666666667,0.5065013748183163,0.49438975839318705,0.6382574407438885
ACE:CHEMBL2034_Ki,rdkit,tanimoto,10,rdkit/tanimoto/k10,False,5107,13.618666666666666,0.5168014955865947,0.5011078289689431,0.7084888649385996
ACE:CHEMBL2034_Ki,atompair,tanimoto,10,atompair/tanimoto/k10,False,4976,13.269333333333334,0.5732661821708146,0.5493631506963251,0.6388667380081913
ACE:CHEMBL2034_Ki,ecfp4,dice,10,ecfp4/dice/k10,False,4927,13.138666666666667,0.5647806523125452,0.5387437688892572,0.6861858447336425
ACE:CHEMBL2034_Ki,ecfp4,cosine,10,ecfp4/cosine/k10,False,4932,13.152,0.5613370735663267,0.5362609191256392,0.6838853532644164
ACE:CHEMBL2047_EC50,ecfp4,tanimoto,5,ecfp4/tanimoto/k5,False,2191,6.944532488114104,0.5970982188605498,0.5759197656500741,0.5943368587517845
ACE:CHEMBL2047_EC50,ecfp4,tanimoto,10,ecfp4/tanimoto/k10,True,4295,13.613312202852615,0.5201456411300904,0.5051724674627449,0.6352166348627605
ACE:CHEMBL2047_EC50,ecfp4,tanimoto,20,ecfp4/tanimoto/k20,False,8530,27.0364500792393,0.38038611411765044,0.38146052707907396,0.6690010060972827
ACE:CHEMBL2047_EC50,ecfp4,tanimoto,30,ecfp4/tanimoto/k30,False,12372,39.21394611727417,0.32242526007891914,0.32124407895892154,0.7047717237728139
ACE:CHEMBL2047_EC50,ecfp6,tanimoto,10,ecfp6/tanimoto/k10,False,4297,13.619651347068146,0.5091318893828155,0.4952480068420331,0.6400019409750087
ACE:CHEMBL2047_EC50,maccs,tanimoto,10,maccs/tanimoto/k10,False,4297,13.619651347068146,0.5077981378446064,0.4936873239889959,0.6172655461643796
ACE:CHEMBL2047_EC50,rdkit,tanimoto,10,rdkit/tanimoto/k10,False,4399,13.942947702060222,0.4409520437862369,0.4416797040607764,0.6789841231972604
ACE:CHEMBL2047_EC50,atompair,tanimoto,10,atompair/tanimoto/k10,False,4321,13.695721077654516,0.49410997296408843,0.48105020079832933,0.5761477023567319
ACE:CHEMBL2047_EC50,ecfp4,dice,10,ecfp4/dice/k10,False,4295,13.613312202852615,0.5201456411300904,0.5051724674627449,0.6352166348627605
ACE:CHEMBL2047_EC50,ecfp4,cosine,10,ecfp4/cosine/k10,False,4301,13.632329635499207,0.5120451801678054,0.4973356579409859,0.6371822918766817
ACE:CHEMBL204_Ki,ecfp4,tanimoto,5,ecfp4/tanimoto/k5,False,9197,6.679012345679013,0.7272463747005137,0.7400316499634343,0.5857973565507083
ACE:CHEMBL204_Ki,ecfp4,tanimoto,10,ecfp4/tanimoto/k10,True,18073,13.124909222948439,0.6626660522234534,0.6755556160465123,0.6316517023100687
ACE:CHEMBL204_Ki,ecfp4,tanimoto,20,ecfp4/tanimoto/k20,False,35690,25.918663761801017,0.5759419670467996,0.5913901530107731,0.6305456549575564
ACE:CHEMBL204_Ki,ecfp4,tanimoto,30,ecfp4/tanimoto/k30,False,53930,39.16485112563544,0.532849077184744,0.5473284291175211,0.6055626462163775
ACE:CHEMBL204_Ki,ecfp6,tanimoto,10,ecfp6/tanimoto/k10,False,18120,13.159041394335512,0.6654447659227436,0.6793964330256719,0.6342499784352235
ACE:CHEMBL204_Ki,maccs,tanimoto,10,maccs/tanimoto/k10,False,18349,13.325344952795934,0.6180145341215316,0.627474972107468,0.5795593022181855
ACE:CHEMBL204_Ki,rdkit,tanimoto,10,rdkit/tanimoto/k10,False,18646,13.541031227305737,0.6406675179584149,0.6547593209287085,0.6531024006958228
ACE:CHEMBL204_Ki,atompair,tanimoto,10,atompair/tanimoto/k10,False,18234,13.241830065359476,0.6551748139023698,0.66870598027886,0.5849539172678367
ACE:CHEMBL204_Ki,ecfp4,dice,10,ecfp4/dice/k10,False,18073,13.124909222948439,0.6626660522234534,0.6755556160465123,0.6316517023100687
ACE:CHEMBL204_Ki,ecfp4,cosine,10,ecfp4/cosine/k10,False,18072,13.124183006535947,0.6612909801387942,0.6744969740822312,0.6320645204541246
ACE:CHEMBL2147_Ki,ecfp4,tanimoto,5,ecfp4/tanimoto/k5,False,5269,7.237637362637362,0.8481250589271834,0.8263285645515152,0.4588984479777054
ACE:CHEMBL2147_Ki,ecfp4,tanimoto,10,ecfp4/tanimoto/k10,True,10415,14.30631868131868,0.8052380569238171,0.7834139124940351,0.464312153111595
ACE:CHEMBL2147_Ki,ecfp4,tanimoto,20,ecfp4/tanimoto/k20,False,20533,28.20467032967033,0.7494964448880513,0.7273124300344722,0.4696703615937805
ACE:CHEMBL2147_Ki,ecfp4,tanimoto,30,ecfp4/tanimoto/k30,False,30693,42.160714285714285,0.7120249987402995,0.690004165662839,0.4646748512497584
ACE:CHEMBL2147_Ki,ecfp6,tanimoto,10,ecfp6/tanimoto/k10,False,10387,14.267857142857142,0.8019888850224806,0.7792893626751984,0.47765964809934053
ACE:CHEMBL2147_Ki,maccs,tanimoto,10,maccs/tanimoto/k10,False,10528,14.461538461538462,0.6913674410778423,0.6727286408862111,0.4153318902587933
ACE:CHEMBL2147_Ki,rdkit,tanimoto,10,rdkit/tanimoto/k10,False,10768,14.791208791208792,0.7522064452946715,0.7274400385352104,0.5480728988628707
ACE:CHEMBL2147_Ki,atompair,tanimoto,10,atompair/tanimoto/k10,False,10635,14.608516483516484,0.7665943168415583,0.7435810139004723,0.4195127548427219
ACE:CHEMBL2147_Ki,ecfp4,dice,10,ecfp4/dice/k10,False,10415,14.30631868131868,0.8052380569238171,0.7834139124940351,0.464312153111595
ACE:CHEMBL2147_Ki,ecfp4,cosine,10,ecfp4/cosine/k10,False,10428,14.324175824175825,0.8033726312320804,0.7817406345853704,0.4654879259989305
ACE:CHEMBL214_Ki,ecfp4,tanimoto,5,ecfp4/tanimoto/k5,False,11025,6.647573108230328,0.6485926817143328,0.6420281425663787,0.5150187296507605
ACE:CHEMBL214_Ki,ecfp4,tanimoto,10,ecfp4/tanimoto/k10,True,21861,13.181187820319566,0.5786389764886399,0.5708073674974836,0.5586166387406742
ACE:CHEMBL214_Ki,ecfp4,tanimoto,20,ecfp4/tanimoto/k20,False,43355,26.141091347603258,0.47457760755186207,0.4666577117602648,0.5504034740007142
ACE:CHEMBL214_Ki,ecfp4,tanimoto,30,ecfp4/tanimoto/k30,False,65788,39.667169128730784,0.415102685406459,0.4069129965323458,0.5089590645548637
ACE:CHEMBL214_Ki,ecfp6,tanimoto,10,ecfp6/tanimoto/k10,False,21787,13.136569189026229,0.5809601204793715,0.5728606007039658,0.5563369363813012
ACE:CHEMBL214_Ki,maccs,tanimoto,10,maccs/tanimoto/k10,False,22415,13.515224600542659,0.4873230368074948,0.476905128708936,0.5446022308735041
ACE:CHEMBL214_Ki,rdkit,tanimoto,10,rdkit/tanimoto/k10,False,22452,13.537533916189327,0.5262812700378896,0.5231271411860563,0.6176023408032082
ACE:CHEMBL214_Ki,atompair,tanimoto,10,atompair/tanimoto/k10,False,21952,13.236056677720832,0.5787395615820667,0.5675766390187299,0.5255329950815811
ACE:CHEMBL214_Ki,ecfp4,dice,10,ecfp4/dice/k10,False,21861,13.181187820319566,0.5786389764886399,0.5708073674974836,0.5586166387406742
ACE:CHEMBL214_Ki,ecfp4,cosine,10,ecfp4/cosine/k10,False,21867,13.184805547181188,0.5783268268180506,0.5700608523881567,0.5587290656662725
ACE:CHEMBL218_EC50,ecfp4,tanimoto,5,ecfp4/tanimoto/k5,False,3433,6.659553831231814,0.5550198899239235,0.5466490444847808,0.5575370455983223
ACE:CHEMBL218_EC50,ecfp4,tanimoto,10,ecfp4/tanimoto/k10,True,6783,13.158098933074685,0.4631119043738833,0.4623230594451974,0.5832284305585373
ACE:CHEMBL218_EC50,ecfp4,tanimoto,20,ecfp4/tanimoto/k20,False,13571,26.325897187196897,0.34976486571781573,0.35477686439617817,0.5694107297389525
ACE:CHEMBL218_EC50,ecfp4,tanimoto,30,ecfp4/tanimoto/k30,False,20423,39.61784675072745,0.27400556836178197,0.2828210822965059,0.5442237715120313
ACE:CHEMBL218_EC50,ecfp6,tanimoto,10,ecfp6/tanimoto/k10,False,6804,13.198836081474298,0.45642771497113094,0.45481832861590654,0.583727502225939
ACE:CHEMBL218_EC50,maccs,tanimoto,10,maccs/tanimoto/k10,False,6854,13.295829291949563,0.41012390475934024,0.40487014071621696,0.5456646754239254
ACE:CHEMBL218_EC50,rdkit,tanimoto,10,rdkit/tanimoto/k10,False,6928,13.439379243452958,0.4138846938166617,0.41388188455821734,0.6587147861204816
ACE:CHEMBL218_EC50,atompair,tanimoto,10,atompair/tanimoto/k10,False,6845,13.278370514064015,0.4492428358481246,0.44897405464905193,0.5615495863325324
ACE:CHEMBL218_EC50,ecfp4,dice,10,ecfp4/dice/k10,False,6783,13.158098933074685,0.4631119043738833,0.4623230594451974,0.5832284305585373
ACE:CHEMBL218_EC50,ecfp4,cosine,10,ecfp4/cosine/k10,False,6786,13.1639185257032,0.46247127263959353,0.46159748624399655,0.5825500728608705
ACE:CHEMBL219_Ki,ecfp4,tanimoto,5,ecfp4/tanimoto/k5,False,6340,6.798927613941019,0.5270294917162822,0.5311742542215616,0.5281307623850887
ACE:CHEMBL219_Ki,ecfp4,tanimoto,10,ecfp4/tanimoto/k10,True,12600,13.512064343163539,0.4419260794150359,0.4438694179806295,0.5547225494541654
ACE:CHEMBL219_Ki,ecfp4,tanimoto,20,ecfp4/tanimoto/k20,False,25327,27.160321715817695,0.3279938107651724,0.33201127669975766,0.518108318988804
ACE:CHEMBL219_Ki,ecfp4,tanimoto,30,ecfp4/tanimoto/k30,False,38663,41.46166219839142,0.2545637596254353,0.26038048014703047,0.4885844547805402
ACE:CHEMBL219_Ki,ecfp6,tanimoto,10,ecfp6/tanimoto/k10,False,12562,13.471313672922252,0.44303425708053057,0.4437295797664465,0.5500139920067949
ACE:CHEMBL219_Ki,maccs,tanimoto,10,maccs/tanimoto/k10,False,12958,13.89597855227882,0.3631510911964524,0.36424921366000174,0.5320702937283784
ACE:CHEMBL219_Ki,rdkit,tanimoto,10,rdkit/tanimoto/k10,False,12810,13.737265415549597,0.4317788388472532,0.4332843646863233,0.5973036073578367
ACE:CHEMBL219_Ki,atompair,tanimoto,10,atompair/tanimoto/k10,False,12822,13.750134048257372,0.469529744744588,0.4689644130503675,0.5089869245735605
ACE:CHEMBL219_Ki,ecfp4,dice,10,ecfp4/dice/k10,False,12600,13.512064343163539,0.4419260794150359,0.4438694179806295,0.5547225494541654
ACE:CHEMBL219_Ki,ecfp4,cosine,10,ecfp4/cosine/k10,False,12598,13.509919571045577,0.43880694610930965,0.44115900431665,0.5559005520723744
ACE:CHEMBL228_Ki,ecfp4,tanimoto,5,ecfp4/tanimoto/k5,False,5693,6.681924882629108,0.6076615997780866,0.6150814532194501,0.5506617048114937
ACE:CHEMBL228_Ki,ecfp4,tanimoto,10,ecfp4/tanimoto/k10,True,11354,13.326291079812206,0.5261103517446459,0.537194436979068,0.5723186779412248
ACE:CHEMBL228_Ki,ecfp4,tanimoto,20,ecfp4/tanimoto/k20,False,22274,26.143192488262912,0.43427061899948466,0.4475296090045332,0.5877354546390229
ACE:CHEMBL228_Ki,ecfp4,tanimoto,30,ecfp4/tanimoto/k30,False,33921,39.813380281690144,0.3609451839215043,0.3700836905625644,0.5497150921411529
ACE:CHEMBL228_Ki,ecfp6,tanimoto,10,ecfp6/tanimoto/k10,False,11321,13.28755868544601,0.5249838643873777,0.5348036036526524,0.5683337283832652
ACE:CHEMBL228_Ki,maccs,tanimoto,10,maccs/tanimoto/k10,False,11560,13.568075117370892,0.4421756503063908,0.45742181797653814,0.5566118860430735
ACE:CHEMBL228_Ki,rdkit,tanimoto,10,rdkit/tanimoto/k10,False,11684,13.713615023474178,0.49341415257211446,0.503935397291663,0.6239624809883311
ACE:CHEMBL228_Ki,atompair,tanimoto,10,atompair/tanimoto/k10,False,11478,13.471830985915492,0.49623529896980995,0.5094578736515799,0.5397824857883603
ACE:CHEMBL228_Ki,ecfp4,dice,10,ecfp4/dice/k10,False,11354,13.326291079812206,0.5261103517446459,0.537194436979068,0.5723186779412248
ACE:CHEMBL228_Ki,ecfp4,cosine,10,ecfp4/cosine/k10,False,11353,13.325117370892018,0.528043381979915,0.5397765881991149,0.572043920576479
ACE:CHEMBL231_Ki,ecfp4,tanimoto,5,ecfp4/tanimoto/k5,False,3373,6.933196300102775,0.6748669290553684,0.684022232475592,0.5097400030792109
ACE:CHEMBL231_Ki,ecfp4,tanimoto,10,ecfp4/tanimoto/k10,True,6714,13.800616649537513,0.6210885846432446,0.6261068344857911,0.5454875295310622
ACE:CHEMBL231_Ki,ecfp4,tanimoto,20,ecfp4/tanimoto/k20,False,13247,27.22918807810894,0.546952478268773,0.5455646191045769,0.5383434097855133
ACE:CHEMBL231_Ki,ecfp4,tanimoto,30,ecfp4/tanimoto/k30,False,19571,40.22816032887975,0.49858996307658715,0.49349541947595066,0.5318369747345341
ACE:CHEMBL231_Ki,ecfp6,tanimoto,10,ecfp6/tanimoto/k10,False,6691,13.753340184994862,0.6188364039232145,0.6237168074196975,0.5515816566422412
ACE:CHEMBL231_Ki,maccs,tanimoto,10,maccs/tanimoto/k10,False,6787,13.950668036998973,0.5460137552971287,0.5475225936734583,0.5170660853988326
ACE:CHEMBL231_Ki,rdkit,tanimoto,10,rdkit/tanimoto/k10,False,6818,14.014388489208633,0.6410986641710906,0.644985472627628,0.6215647097560508
ACE:CHEMBL231_Ki,atompair,tanimoto,10,atompair/tanimoto/k10,False,6665,13.69989722507708,0.5947220891002893,0.5928809664399532,0.5255522628248653
ACE:CHEMBL231_Ki,ecfp4,dice,10,ecfp4/dice/k10,False,6714,13.800616649537513,0.6210885846432446,0.6261068344857911,0.5454875295310622
ACE:CHEMBL231_Ki,ecfp4,cosine,10,ecfp4/cosine/k10,False,6701,13.773895169578623,0.6231685480383642,0.6280911460752613,0.5460783069146414
ACE:CHEMBL233_Ki,ecfp4,tanimoto,5,ecfp4/tanimoto/k5,False,10751,6.8434118395926165,0.6615617850961103,0.6694929160788458,0.5535359107959196
ACE:CHEMBL233_Ki,ecfp4,tanimoto,10,ecfp4/tanimoto/k10,True,21135,13.453214513049014,0.6118547719646804,0.6202265442403742,0.591704672678774
ACE:CHEMBL233_Ki,ecfp4,tanimoto,20,ecfp4/tanimoto/k20,False,42264,26.902609802673457,0.5400868592309112,0.5485091985638935,0.5923989415581944
ACE:CHEMBL233_Ki,ecfp4,tanimoto,30,ecfp4/tanimoto/k30,False,63682,40.53596435391471,0.4867888848076485,0.4954177715618524,0.582150467029296
ACE:CHEMBL233_Ki,ecfp6,tanimoto,10,ecfp6/tanimoto/k10,False,21180,13.481858688733292,0.6097398803866119,0.6173750978114515,0.603550250487218
ACE:CHEMBL233_Ki,maccs,tanimoto,10,maccs/tanimoto/k10,False,21688,13.805219605346913,0.5223890373033067,0.5332019482582361,0.5292991365453649
ACE:CHEMBL233_Ki,rdkit,tanimoto,10,rdkit/tanimoto/k10,False,22018,14.015276893698282,0.5637507127657752,0.5701047073520542,0.6727168519627983
ACE:CHEMBL233_Ki,atompair,tanimoto,10,atompair/tanimoto/k10,False,21361,13.597071928707829,0.5788431789710382,0.586712609505506,0.5363190321933679
ACE:CHEMBL233_Ki,ecfp4,dice,10,ecfp4/dice/k10,False,21135,13.453214513049014,0.6118547719646804,0.6202265442403742,0.591704672678774
ACE:CHEMBL233_Ki,ecfp4,cosine,10,ecfp4/cosine/k10,False,21142,13.457670273711011,0.6108880002686068,0.6195245177661354,0.5921457661102947
ACE:CHEMBL234_Ki,ecfp4,tanimoto,5,ecfp4/tanimoto/k5,False,12557,6.867377631938748,0.6487942361119854,0.6536424257998046,0.5108187744098944
ACE:CHEMBL234_Ki,ecfp4,tanimoto,10,ecfp4/tanimoto/k10,True,25032,13.689909762100083,0.5913670695372554,0.5966327977901159,0.5397264865523397
ACE:CHEMBL234_Ki,ecfp4,tanimoto,20,ecfp4/tanimoto/k20,False,50094,27.39622641509434,0.5166792243473952,0.5221372897895389,0.5334649803752172
ACE:CHEMBL234_Ki,ecfp4,tanimoto,30,ecfp4/tanimoto/k30,False,74906,40.9658189773038,0.4699431871316036,0.47635569825173485,0.5193175164579825
ACE:CHEMBL234_Ki,ecfp6,tanimoto,10,ecfp6/tanimoto/k10,False,25065,13.707957342083676,0.5951794567313939,0.5996767981935558,0.5506289813993349
ACE:CHEMBL234_Ki,maccs,tanimoto,10,maccs/tanimoto/k10,False,25291,13.83155592015313,0.5067915032235938,0.5122288443968724,0.5166988733158241
ACE:CHEMBL234_Ki,rdkit,tanimoto,10,rdkit/tanimoto/k10,False,25606,14.003828274541974,0.5358077012363911,0.5383346069031117,0.6168950072195858
ACE:CHEMBL234_Ki,atompair,tanimoto,10,atompair/tanimoto/k10,False,24883,13.608422203992344,0.5867615680674181,0.5892071955760677,0.49070516501841727
ACE:CHEMBL234_Ki,ecfp4,dice,10,ecfp4/dice/k10,False,25032,13.689909762100083,0.5913670695372554,0.5966327977901159,0.5397264865523397
ACE:CHEMBL234_Ki,ecfp4,cosine,10,ecfp4/cosine/k10,False,25055,13.702488378452284,0.5902472141726932,0.595584173942214,0.5407317078180595
ACE:CHEMBL235_EC50,ecfp4,tanimoto,5,ecfp4/tanimoto/k5,False,7917,6.7407407407407405,0.6479891381415529,0.6544862673222208,0.6161388376405604
ACE:CHEMBL235_EC50,ecfp4,tanimoto,10,ecfp4/tanimoto/k10,True,15323,13.046402724563643,0.5825291251051303,0.5901910055102576,0.6520857597776077
ACE:CHEMBL235_EC50,ecfp4,tanimoto,20,ecfp4/tanimoto/k20,False,30797,26.22137079608344,0.4816660680189199,0.49378889783989277,0.6157898879444043
ACE:CHEMBL235_EC50,ecfp4,tanimoto,30,ecfp4/tanimoto/k30,False,46994,40.01191996594295,0.4021710177565094,0.4150499958103965,0.5799335009777499
ACE:CHEMBL235_EC50,ecfp6,tanimoto,10,ecfp6/tanimoto/k10,False,15259,12.991911451681567,0.5735115712294263,0.5825442519451697,0.6488988984813051
ACE:CHEMBL235_EC50,maccs,tanimoto,10,maccs/tanimoto/k10,False,15891,13.530012771392082,0.5165039480073099,0.5296192809803335,0.6230824144284016
ACE:CHEMBL235_EC50,rdkit,tanimoto,10,rdkit/tanimoto/k10,False,15820,13.469561515538526,0.5573439264525578,0.5638847764276942,0.6882661955947599
ACE:CHEMBL235_EC50,atompair,tanimoto,10,atompair/tanimoto/k10,False,15475,13.175819497658578,0.5804301899287543,0.5878983328653575,0.5964021918147222
ACE:CHEMBL235_EC50,ecfp4,dice,10,ecfp4/dice/k10,False,15323,13.046402724563643,0.5825291251051303,0.5901910055102576,0.6520857597776077
ACE:CHEMBL235_EC50,ecfp4,cosine,10,ecfp4/cosine/k10,False,15333,13.054916985951468,0.5790687858746686,0.5873459277492995,0.652472225046429
ACE:CHEMBL236_Ki,ecfp4,tanimoto,5,ecfp4/tanimoto/k5,False,8829,6.796766743648961,0.7240741771456692,0.721391026652659,0.5676244016653199
ACE:CHEMBL236_Ki,ecfp4,tanimoto,10,ecfp4/tanimoto/k10,True,17568,13.524249422632794,0.6799773522729705,0.6762661625269546,0.6020510576849928
ACE:CHEMBL236_Ki,ecfp4,tanimoto,20,ecfp4/tanimoto/k20,False,35180,27.08237105465743,0.6042075420965828,0.6021941039489105,0.6062418557882867
ACE:CHEMBL236_Ki,ecfp4,tanimoto,30,ecfp4/tanimoto/k30,False,52490,40.408006158583525,0.5607226908179336,0.5593179889195912,0.6062442806967671
ACE:CHEMBL236_Ki,ecfp6,tanimoto,10,ecfp6/tanimoto/k10,False,17537,13.500384911470363,0.67923788268817,0.6754472469550736,0.614391861269271
ACE:CHEMBL236_Ki,maccs,tanimoto,10,maccs/tanimoto/k10,False,17957,13.823710546574288,0.587438229484512,0.5853801426133882,0.5465391568685961
ACE:CHEMBL236_Ki,rdkit,tanimoto,10,rdkit/tanimoto/k10,False,18236,14.038491147036181,0.6250416658489232,0.6228713727933779,0.6690259563738732
ACE:CHEMBL236_Ki,atompair,tanimoto,10,atompair/tanimoto/k10,False,17622,13.565819861431871,0.6402988065244154,0.6350202659604474,0.5487564305221905
ACE:CHEMBL236_Ki,ecfp4,dice,10,ecfp4/dice/k10,False,17568,13.524249422632794,0.6799773522729705,0.6762661625269546,0.6020510576849928
ACE:CHEMBL236_Ki,ecfp4,cosine,10,ecfp4/cosine/k10,False,17580,13.533487297921479,0.6789567071385532,0.6753077765004504,0.6045469723223784
ACE:CHEMBL237_EC50,ecfp4,tanimoto,5,ecfp4/tanimoto/k5,False,3296,6.90261780104712,0.5987790420474048,0.5744165812117298,0.5762352152017778
ACE:CHEMBL237_EC50,ecfp4,tanimoto,10,ecfp4/tanimoto/k10,True,6500,13.612565445026178,0.5206351920539958,0.49663941182953003,0.6001308155268884
ACE:CHEMBL237_EC50,ecfp4,tanimoto,20,ecfp4/tanimoto/k20,False,13107,27.449214659685865,0.4386906572079843,0.4174076438741127,0.6198647834113583
ACE:CHEMBL237_EC50,ecfp4,tanimoto,30,ecfp4/tanimoto/k30,False,19384,40.594764397905756,0.3746527162938165,0.3573081659980176,0.6518268674055446
ACE:CHEMBL237_EC50,ecfp6,tanimoto,10,ecfp6/tanimoto/k10,False,6500,13.612565445026178,0.5318689482615576,0.5086896547249982,0.6113062567583996
ACE:CHEMBL237_EC50,maccs,tanimoto,10,maccs/tanimoto/k10,False,6533,13.681675392670156,0.45026863854788396,0.4273363688973024,0.5475765485451505
ACE:CHEMBL237_EC50,rdkit,tanimoto,10,rdkit/tanimoto/k10,False,6758,14.152879581151833,0.4256188036203701,0.4150906724179349,0.6855000840308805
ACE:CHEMBL237_EC50,atompair,tanimoto,10,atompair/tanimoto/k10,False,6443,13.493193717277487,0.49407048871933124,0.46309169065978634,0.5704404584872086
ACE:CHEMBL237_EC50,ecfp4,dice,10,ecfp4/dice/k10,False,6500,13.612565445026178,0.5206351920539958,0.49663941182953003,0.6001308155268884
ACE:CHEMBL237_EC50,ecfp4,cosine,10,ecfp4/cosine/k10,False,6508,13.629319371727748,0.5196648262946304,0.49614900807018475,0.5976829218908476
ACE:CHEMBL237_Ki,ecfp4,tanimoto,5,ecfp4/tanimoto/k5,False,8909,6.845178640030734,0.7163812404376932,0.71311940222809,0.5596739022954785
ACE:CHEMBL237_Ki,ecfp4,tanimoto,10,ecfp4/tanimoto/k10,True,17630,13.545908567038033,0.6454298724215494,0.6415425161143787,0.5918001652369886
ACE:CHEMBL237_Ki,ecfp4,tanimoto,20,ecfp4/tanimoto/k20,False,35480,27.260852862082213,0.5686220658278,0.5661302364991635,0.5865688298308664
ACE:CHEMBL237_Ki,ecfp4,tanimoto,30,ecfp4/tanimoto/k30,False,53349,40.990395697272376,0.5355796558529329,0.5337524296362943,0.5834201708559165
ACE:CHEMBL237_Ki,ecfp6,tanimoto,10,ecfp6/tanimoto/k10,False,17639,13.55282366500192,0.6424358029993051,0.637581531452723,0.6073521248678424
ACE:CHEMBL237_Ki,maccs,tanimoto,10,maccs/tanimoto/k10,False,17980,13.814829043411448,0.5590461050129076,0.5611486400309477,0.5291256430610709
ACE:CHEMBL237_Ki,rdkit,tanimoto,10,rdkit/tanimoto/k10,False,18410,14.145217057241645,0.5772774955415586,0.5841477948264724,0.6698832850352767
ACE:CHEMBL237_Ki,atompair,tanimoto,10,atompair/tanimoto/k10,False,17707,13.605071071840184,0.6243339341724791,0.6226691123709528,0.5352172039593228
ACE:CHEMBL237_Ki,ecfp4,dice,10,ecfp4/dice/k10,False,17630,13.545908567038033,0.6454298724215494,0.6415425161143787,0.5918001652369886
ACE:CHEMBL237_Ki,ecfp4,cosine,10,ecfp4/cosine/k10,False,17644,13.55666538609297,0.6448650048076823,0.6418074543359222,0.5927544158271415
ACE:CHEMBL238_Ki,ecfp4,tanimoto,5,ecfp4/tanimoto/k5,False,3570,6.787072243346008,0.6135423319461648,0.6199232678789595,0.535177099471146
ACE:CHEMBL238_Ki,ecfp4,tanimoto,10,ecfp4/tanimoto/k10,True,7124,13.543726235741445,0.5328737557677491,0.5391053517878116,0.5489322188863053
ACE:CHEMBL238_Ki,ecfp4,tanimoto,20,ecfp4/tanimoto/k20,False,13874,26.376425855513308,0.4403963942728523,0.4468826013670086,0.5471422881474922
ACE:CHEMBL238_Ki,ecfp4,tanimoto,30,ecfp4/tanimoto/k30,False,21239,40.37832699619772,0.3830614666229432,0.3938820231280681,0.4939542242654952
ACE:CHEMBL238_Ki,ecfp6,tanimoto,10,ecfp6/tanimoto/k10,False,7080,13.460076045627376,0.5243528979891383,0.5311973727767636,0.5381049990392478
ACE:CHEMBL238_Ki,maccs,tanimoto,10,maccs/tanimoto/k10,False,7179,13.64828897338403,0.5061020091436655,0.5161823044570427,0.5374734002734874
ACE:CHEMBL238_Ki,rdkit,tanimoto,10,rdkit/tanimoto/k10,False,7284,13.847908745247148,0.5275247785660865,0.5338879538112208,0.621346656867658
ACE:CHEMBL238_Ki,atompair,tanimoto,10,atompair/tanimoto/k10,False,7171,13.633079847908744,0.5161802790964606,0.5195040940654588,0.518215058808707
ACE:CHEMBL238_Ki,ecfp4,dice,10,ecfp4/dice/k10,False,7124,13.543726235741445,0.5328737557677491,0.5391053517878116,0.5489322188863053
ACE:CHEMBL238_Ki,ecfp4,cosine,10,ecfp4/cosine/k10,False,7120,13.536121673003802,0.5357449233606274,0.5416870649086633,0.5495312589425378
ACE:CHEMBL239_EC50,ecfp4,tanimoto,5,ecfp4/tanimoto/k5,False,5822,6.765833817547938,0.5770155901382134,0.5867809083501404,0.6167867182246815
ACE:CHEMBL239_EC50,ecfp4,tanimoto,10,ecfp4/tanimoto/k10,True,11386,13.231841952353284,0.5137419196498889,0.5267916543557966,0.6374789363668926
ACE:CHEMBL239_EC50,ecfp4,tanimoto,20,ecfp4/tanimoto/k20,False,22518,26.168506682161535,0.3826909942320444,0.3932700382807122,0.5925710597383002
ACE:CHEMBL239_EC50,ecfp4,tanimoto,30,ecfp4/tanimoto/k30,False,34841,40.489250435793146,0.30156550396799425,0.31057964209420386,0.5296282023621807
ACE:CHEMBL239_EC50,ecfp6,tanimoto,10,ecfp6/tanimoto/k10,False,11369,13.212085996513656,0.5088561852201576,0.5211968218933921,0.6304620327498458
ACE:CHEMBL239_EC50,maccs,tanimoto,10,maccs/tanimoto/k10,False,11697,13.59325973271354,0.4556666791884171,0.46693740518748406,0.5899148182565888
ACE:CHEMBL239_EC50,rdkit,tanimoto,10,rdkit/tanimoto/k10,False,11698,13.594421847762929,0.5067766310487886,0.5121966158378692,0.6599990360476999
ACE:CHEMBL239_EC50,atompair,tanimoto,10,atompair/tanimoto/k10,False,11466,13.324811156304474,0.49282029710068415,0.5066252551166366,0.5577010241930749
ACE:CHEMBL239_EC50,ecfp4,dice,10,ecfp4/dice/k10,False,11386,13.231841952353284,0.5137419196498889,0.5267916543557966,0.6374789363668926
ACE:CHEMBL239_EC50,ecfp4,cosine,10,ecfp4/cosine/k10,False,11386,13.231841952353284,0.5106625818735194,0.5242878334618177,0.6354014692743575
ACE:CHEMBL244_Ki,ecfp4,tanimoto,5,ecfp4/tanimoto/k5,False,10513,6.78915079108815,0.794099892267495,0.792855545340669,0.5950597098744463
ACE:CHEMBL244_Ki,ecfp4,tanimoto,10,ecfp4/tanimoto/k10,True,20700,13.367775266386825,0.7549038358404901,0.7543778310736075,0.6373482095941648
ACE:CHEMBL244_Ki,ecfp4,tanimoto,20,ecfp4/tanimoto/k20,False,41071,26.52308685824992,0.7029773817537436,0.703968810258588,0.6531219236854526
ACE:CHEMBL244_Ki,ecfp4,tanimoto,30,ecfp4/tanimoto/k30,False,61660,39.819179851469165,0.6604693868933655,0.6615479981647093,0.6331450483547569
ACE:CHEMBL244_Ki,ecfp6,tanimoto,10,ecfp6/tanimoto/k10,False,20744,13.396189861155957,0.7553509427639156,0.7550298811453074,0.6448625200475122
ACE:CHEMBL244_Ki,maccs,tanimoto,10,maccs/tanimoto/k10,False,21070,13.606716176945431,0.6772776442231112,0.6779199336428163,0.5581946741574392
ACE:CHEMBL244_Ki,rdkit,tanimoto,10,rdkit/tanimoto/k10,False,21482,13.872780109783662,0.7309483286227997,0.7325334720673218,0.6726513623140266
ACE:CHEMBL244_Ki,atompair,tanimoto,10,atompair/tanimoto/k10,False,20786,13.423312883435583,0.7302855073553827,0.7319082530688735,0.5935978268602206
ACE:CHEMBL244_Ki,ecfp4,dice,10,ecfp4/dice/k10,False,20700,13.367775266386825,0.7549038358404901,0.7543778310736075,0.6373482095941648
ACE:CHEMBL244_Ki,ecfp4,cosine,10,ecfp4/cosine/k10,False,20699,13.367129480142072,0.7546578246808546,0.7539049955312059,0.6380157530632465
ACE:CHEMBL262_Ki,ecfp4,tanimoto,5,ecfp4/tanimoto/k5,False,3036,7.093457943925234,0.4569538119855122,0.4431356901281442,0.42714118162308456
ACE:CHEMBL262_Ki,ecfp4,tanimoto,10,ecfp4/tanimoto/k10,True,6049,14.133177570093459,0.384770204839488,0.3684298291945885,0.4249439701319051
ACE:CHEMBL262_Ki,ecfp4,tanimoto,20,ecfp4/tanimoto/k20,False,11909,27.824766355140188,0.30096840308964556,0.2822287819317629,0.4245187359619736
ACE:CHEMBL262_Ki,ecfp4,tanimoto,30,ecfp4/tanimoto/k30,False,17651,41.24065420560748,0.24629880776679677,0.229228602936303,0.4169527154073949
ACE:CHEMBL262_Ki,ecfp6,tanimoto,10,ecfp6/tanimoto/k10,False,5981,13.97429906542056,0.37293849216680464,0.3574523362698704,0.4245835184229501
ACE:CHEMBL262_Ki,maccs,tanimoto,10,maccs/tanimoto/k10,False,6006,14.032710280373832,0.29824044192486976,0.28082595394367216,0.42191167113086037
ACE:CHEMBL262_Ki,rdkit,tanimoto,10,rdkit/tanimoto/k10,False,6298,14.714953271028037,0.38608462255631487,0.3719122945490042,0.5573901730145352
ACE:CHEMBL262_Ki,atompair,tanimoto,10,atompair/tanimoto/k10,False,6297,14.712616822429906,0.361386686259516,0.339964604526481,0.39560245444876774
ACE:CHEMBL262_Ki,ecfp4,dice,10,ecfp4/dice/k10,False,6049,14.133177570093459,0.384770204839488,0.3684298291945885,0.4249439701319051
ACE:CHEMBL262_Ki,ecfp4,cosine,10,ecfp4/cosine/k10,False,6049,14.133177570093459,0.3789941827819243,0.36350158017628026,0.4236780995191541
ACE:CHEMBL264_Ki,ecfp4,tanimoto,5,ecfp4/tanimoto/k5,False,9743,6.8085255066387145,0.6195972603892977,0.6180540550928073,0.5429311833285515
ACE:CHEMBL264_Ki,ecfp4,tanimoto,10,ecfp4/tanimoto/k10,True,19142,13.37665967854647,0.5615735208834454,0.5602217701227769,0.5825619779479303
ACE:CHEMBL264_Ki,ecfp4,tanimoto,20,ecfp4/tanimoto/k20,False,37788,26.40670859538784,0.47677159108451256,0.4758318076570605,0.5956879189685045
ACE:CHEMBL264_Ki,ecfp4,tanimoto,30,ecfp4/tanimoto/k30,False,57142,39.93151642208246,0.4127969862899098,0.41114086209703304,0.5667833460686231
ACE:CHEMBL264_Ki,ecfp6,tanimoto,10,ecfp6/tanimoto/k10,False,19099,13.3466107617051,0.5712270340135258,0.5709680259587261,0.59612907120375
ACE:CHEMBL264_Ki,maccs,tanimoto,10,maccs/tanimoto/k10,False,19444,13.587700908455625,0.49341717160846377,0.4866249821773092,0.5302882288633654
ACE:CHEMBL264_Ki,rdkit,tanimoto,10,rdkit/tanimoto/k10,False,19689,13.758909853249476,0.514484952636368,0.5171541661771615,0.6626376562334128
ACE:CHEMBL264_Ki,atompair,tanimoto,10,atompair/tanimoto/k10,False,19023,13.29350104821803,0.5725872638910863,0.569597421864578,0.5435526318192311
ACE:CHEMBL264_Ki,ecfp4,dice,10,ecfp4/dice/k10,False,19142,13.37665967854647,0.5615735208834454,0.5602217701227769,0.5825619779479303
ACE:CHEMBL264_Ki,ecfp4,cosine,10,ecfp4/cosine/k10,False,19180,13.403214535290006,0.5598001360520392,0.5590224770521757,0.5839443585303057
ACE:CHEMBL2835_Ki,ecfp4,tanimoto,5,ecfp4/tanimoto/k5,False,2187,7.11219512195122,0.8048829999890105,0.6982056317920796,0.5024125204847342
ACE:CHEMBL2835_Ki,ecfp4,tanimoto,10,ecfp4/tanimoto/k10,True,4335,14.097560975609756,0.7840189108351248,0.668984465755763,0.5679786466716773
ACE:CHEMBL2835_Ki,ecfp4,tanimoto,20,ecfp4/tanimoto/k20,False,8415,27.365853658536587,0.7334388520434999,0.6131349767371914,0.6156459065924595
ACE:CHEMBL2835_Ki,ecfp4,tanimoto,30,ecfp4/tanimoto/k30,False,12469,40.54959349593496,0.6334501444049875,0.5494611276663341,0.607044919659562
ACE:CHEMBL2835_Ki,ecfp6,tanimoto,10,ecfp6/tanimoto/k10,False,4389,14.273170731707317,0.7828316718081557,0.6686872094750794,0.6159065573857216
ACE:CHEMBL2835_Ki,maccs,tanimoto,10,maccs/tanimoto/k10,False,4436,14.426016260162601,0.7539862521109334,0.5749528861734681,0.5408155187722586
ACE:CHEMBL2835_Ki,rdkit,tanimoto,10,rdkit/tanimoto/k10,False,4474,14.549593495934959,0.768707908085485,0.6395832119733547,0.6566821868877186
ACE:CHEMBL2835_Ki,atompair,tanimoto,10,atompair/tanimoto/k10,False,4103,13.34308943089431,0.7833388344325317,0.6591814656544063,0.5115343977649878
ACE:CHEMBL2835_Ki,ecfp4,dice,10,ecfp4/dice/k10,False,4335,14.097560975609756,0.7840189108351248,0.668984465755763,0.5679786466716773
ACE:CHEMBL2835_Ki,ecfp4,cosine,10,ecfp4/cosine/k10,False,4340,14.113821138211382,0.7799271477559413,0.6674685855592677,0.5664350476560559
ACE:CHEMBL287_Ki,ecfp4,tanimoto,5,ecfp4/tanimoto/k5,False,4629,6.971385542168675,0.46941095387300114,0.4629389323027438,0.5235747245034628
ACE:CHEMBL287_Ki,ecfp4,tanimoto,10,ecfp4/tanimoto/k10,True,9197,13.850903614457831,0.3750248425846566,0.36879138738929207,0.5258971979280361
ACE:CHEMBL287_Ki,ecfp4,tanimoto,20,ecfp4/tanimoto/k20,False,18685,28.140060240963855,0.2622566141391827,0.25875935447316356,0.4891332919703408
ACE:CHEMBL287_Ki,ecfp4,tanimoto,30,ecfp4/tanimoto/k30,False,28164,42.41566265060241,0.20808360432032427,0.20623039948249358,0.4817798790481806
ACE:CHEMBL287_Ki,ecfp6,tanimoto,10,ecfp6/tanimoto/k10,False,9090,13.689759036144578,0.38350890498376605,0.37668520252010546,0.5216652896731063
ACE:CHEMBL287_Ki,maccs,tanimoto,10,maccs/tanimoto/k10,False,9179,13.823795180722891,0.3679274043541663,0.37594384756549143,0.5418659013951879
ACE:CHEMBL287_Ki,rdkit,tanimoto,10,rdkit/tanimoto/k10,False,9187,13.835843373493976,0.3762082044107881,0.3795575224705882,0.6027089904642547
ACE:CHEMBL287_Ki,atompair,tanimoto,10,atompair/tanimoto/k10,False,9265,13.953313253012048,0.41245277503248584,0.4079192180443232,0.4749476366101722
ACE:CHEMBL287_Ki,ecfp4,dice,10,ecfp4/dice/k10,False,9197,13.850903614457831,0.3750248425846566,0.36879138738929207,0.5258971979280361
ACE:CHEMBL287_Ki,ecfp4,cosine,10,ecfp4/cosine/k10,False,9197,13.850903614457831,0.37030933856111853,0.3637517524292472,0.5258816622530386
ACE:CHEMBL2971_Ki,ecfp4,tanimoto,5,ecfp4/tanimoto/k5,False,3481,7.133196721311475,0.7771606830932576,0.7946932710312179,0.4676715210622005
ACE:CHEMBL2971_Ki,ecfp4,tanimoto,10,ecfp4/tanimoto/k10,True,6952,14.245901639344263,0.734889061710484,0.7532363064540621,0.495290052403494
ACE:CHEMBL2971_Ki,ecfp4,tanimoto,20,ecfp4/tanimoto/k20,False,13628,27.92622950819672,0.6900129255059303,0.7095184950552579,0.5254442440020778
ACE:CHEMBL2971_Ki,ecfp4,tanimoto,30,ecfp4/tanimoto/k30,False,20126,41.24180327868852,0.6598363300387714,0.6767187036484595,0.528596276670189
ACE:CHEMBL2971_Ki,ecfp6,tanimoto,10,ecfp6/tanimoto/k10,False,6991,14.325819672131148,0.7331528539817899,0.7521330793231384,0.5261465665758103
ACE:CHEMBL2971_Ki,maccs,tanimoto,10,maccs/tanimoto/k10,False,7175,14.702868852459016,0.6019208520168385,0.6036117732998738,0.4508731426059602
ACE:CHEMBL2971_Ki,rdkit,tanimoto,10,rdkit/tanimoto/k10,False,7195,14.743852459016393,0.6233901320882297,0.639719946252429,0.5752150336634053
ACE:CHEMBL2971_Ki,atompair,tanimoto,10,atompair/tanimoto/k10,False,6831,13.99795081967213,0.7227025667544764,0.7124919774391206,0.4486862287924223
ACE:CHEMBL2971_Ki,ecfp4,dice,10,ecfp4/dice/k10,False,6952,14.245901639344263,0.734889061710484,0.7532363064540621,0.495290052403494
ACE:CHEMBL2971_Ki,ecfp4,cosine,10,ecfp4/cosine/k10,False,6944,14.229508196721312,0.729426218473145,0.7494005131294059,0.49587758444523256
ACE:CHEMBL3979_EC50,ecfp4,tanimoto,5,ecfp4/tanimoto/k5,False,3830,6.808888888888889,0.6800742841743654,0.6816002062322459,0.6039548927851166
ACE:CHEMBL3979_EC50,ecfp4,tanimoto,10,ecfp4/tanimoto/k10,True,7433,13.214222222222222,0.6086937707707706,0.6120080914184454,0.6280613314342834
ACE:CHEMBL3979_EC50,ecfp4,tanimoto,20,ecfp4/tanimoto/k20,False,14896,26.48177777777778,0.5109853687341562,0.5089994185747289,0.5799632087892143
ACE:CHEMBL3979_EC50,ecfp4,tanimoto,30,ecfp4/tanimoto/k30,False,22545,40.08,0.4509331507079422,0.44774381473431396,0.5429014447539035
ACE:CHEMBL3979_EC50,ecfp6,tanimoto,10,ecfp6/tanimoto/k10,False,7445,13.235555555555555,0.6145425087296942,0.6181866469461793,0.6431833594771112
ACE:CHEMBL3979_EC50,maccs,tanimoto,10,maccs/tanimoto/k10,False,7640,13.582222222222223,0.5102865146960265,0.5161588695189765,0.5812336244089256
ACE:CHEMBL3979_EC50,rdkit,tanimoto,10,rdkit/tanimoto/k10,False,7565,13.448888888888888,0.5644116098977099,0.5684080536234004,0.6725426251469919
ACE:CHEMBL3979_EC50,atompair,tanimoto,10,atompair/tanimoto/k10,False,7448,13.24088888888889,0.5596268320598259,0.5631456997261304,0.5830400918449957
ACE:CHEMBL3979_EC50,ecfp4,dice,10,ecfp4/dice/k10,False,7433,13.214222222222222,0.6086937707707706,0.6120080914184454,0.6280613314342834
ACE:CHEMBL3979_EC50,ecfp4,cosine,10,ecfp4/cosine/k10,False,7435,13.217777777777778,0.6112892419680171,0.6144297850930593,0.6289410794808871
ACE:CHEMBL4005_Ki,ecfp4,tanimoto,5,ecfp4/tanimoto/k5,False,3204,6.675,0.6478166504470555,0.6429711280587906,0.5323683873942671
ACE:CHEMBL4005_Ki,ecfp4,tanimoto,10,ecfp4/tanimoto/k10,True,6358,13.245833333333334,0.591282282235574,0.5878051236068353,0.5847371416715116
ACE:CHEMBL4005_Ki,ecfp4,tanimoto,20,ecfp4/tanimoto/k20,False,12727,26.514583333333334,0.48687832433610406,0.49140553834785855,0.585652904686141
ACE:CHEMBL4005_Ki,ecfp4,tanimoto,30,ecfp4/tanimoto/k30,False,19075,39.739583333333336,0.4350849552563791,0.44057422588224016,0.587477682723094
ACE:CHEMBL4005_Ki,ecfp6,tanimoto,10,ecfp6/tanimoto/k10,False,6401,13.335416666666667,0.5889626375690151,0.5829649474983727,0.603232179204284
ACE:CHEMBL4005_Ki,maccs,tanimoto,10,maccs/tanimoto/k10,False,6506,13.554166666666667,0.4995367783720222,0.49419982568789445,0.5828734234351391
ACE:CHEMBL4005_Ki,rdkit,tanimoto,10,rdkit/tanimoto/k10,False,6388,13.308333333333334,0.553287691041306,0.5528228095454493,0.6495843993937415
ACE:CHEMBL4005_Ki,atompair,tanimoto,10,atompair/tanimoto/k10,False,6401,13.335416666666667,0.5675853452432095,0.5700917202924626,0.5640940834222119
ACE:CHEMBL4005_Ki,ecfp4,dice,10,ecfp4/dice/k10,False,6358,13.245833333333334,0.591282282235574,0.5878051236068353,0.5847371416715116
ACE:CHEMBL4005_Ki,ecfp4,cosine,10,ecfp4/cosine/k10,False,6369,13.26875,0.5922663921951662,0.5885837233224532,0.5857424760825601
ACE:CHEMBL4203_Ki,ecfp4,tanimoto,5,ecfp4/tanimoto/k5,False,2615,7.154582763337893,0.44753836770638716,0.41775202198868827,0.37636631862225184
ACE:CHEMBL4203_Ki,ecfp4,tanimoto,10,ecfp4/tanimoto/k10,True,5209,14.25170998632011,0.36887762688690123,0.3420750152146599,0.3525523307630655
ACE:CHEMBL4203_Ki,ecfp4,tanimoto,20,ecfp4/tanimoto/k20,False,10349,28.314637482900135,0.2828677313676092,0.2619396674500815,0.34213910890018007
ACE:CHEMBL4203_Ki,ecfp4,tanimoto,30,ecfp4/tanimoto/k30,False,15460,42.29822161422709,0.2491847239064005,0.22749426661001546,0.34017272877386456
ACE:CHEMBL4203_Ki,ecfp6,tanimoto,10,ecfp6/tanimoto/k10,False,5178,14.166894664842681,0.36463385209215976,0.3380196427377233,0.35381849153534356
ACE:CHEMBL4203_Ki,maccs,tanimoto,10,maccs/tanimoto/k10,False,5127,14.027359781121751,0.17947077194720834,0.17263791918568405,0.3557548404840767
ACE:CHEMBL4203_Ki,rdkit,tanimoto,10,rdkit/tanimoto/k10,False,5606,15.337893296853625,0.3150615271646894,0.2927548546844582,0.4984411617747588
ACE:CHEMBL4203_Ki,atompair,tanimoto,10,atompair/tanimoto/k10,False,5554,15.19562243502052,0.29699753025500125,0.2736602513411353,0.33858114385868343
ACE:CHEMBL4203_Ki,ecfp4,dice,10,ecfp4/dice/k10,False,5209,14.25170998632011,0.36887762688690123,0.3420750152146599,0.3525523307630655
ACE:CHEMBL4203_Ki,ecfp4,cosine,10,ecfp4/cosine/k10,False,5209,14.25170998632011,0.3640522328562421,0.33832146490235454,0.35502515026528514
ACE:CHEMBL4616_EC50,ecfp4,tanimoto,5,ecfp4/tanimoto/k5,False,2343,6.870967741935484,0.4762762637471628,0.45276017147369635,0.5541931088091814
ACE:CHEMBL4616_EC50,ecfp4,tanimoto,10,ecfp4/tanimoto/k10,True,4588,13.454545454545455,0.3988669189346174,0.36964140835968906,0.6070806949026373
ACE:CHEMBL4616_EC50,ecfp4,tanimoto,20,ecfp4/tanimoto/k20,False,8969,26.302052785923753,0.3261836535821171,0.29802215388458836,0.6459643136735553
ACE:CHEMBL4616_EC50,ecfp4,tanimoto,30,ecfp4/tanimoto/k30,False,13444,39.42521994134897,0.25974134250445474,0.23925949916851744,0.6453796058055468
ACE:CHEMBL4616_EC50,ecfp6,tanimoto,10,ecfp6/tanimoto/k10,False,4554,13.35483870967742,0.41035044546772664,0.37561504119950934,0.6198450283947725
ACE:CHEMBL4616_EC50,maccs,tanimoto,10,maccs/tanimoto/k10,False,4591,13.463343108504398,0.3796880019275221,0.3546282532739647,0.6461338281662036
ACE:CHEMBL4616_EC50,rdkit,tanimoto,10,rdkit/tanimoto/k10,False,4759,13.956011730205278,0.38699174869695696,0.3584589514304414,0.6549593478560505
ACE:CHEMBL4616_EC50,atompair,tanimoto,10,atompair/tanimoto/k10,False,4564,13.3841642228739,0.40460256559863966,0.38527563576657553,0.5886974399249617
ACE:CHEMBL4616_EC50,ecfp4,dice,10,ecfp4/dice/k10,False,4588,13.454545454545455,0.3988669189346174,0.36964140835968906,0.6070806949026373
ACE:CHEMBL4616_EC50,ecfp4,cosine,10,ecfp4/cosine/k10,False,4585,13.44574780058651,0.39815064596224875,0.36908610563722716,0.6103780557147853
ACE:CHEMBL4792_Ki,ecfp4,tanimoto,5,ecfp4/tanimoto/k5,False,4998,6.79537729435758,0.5937730385072563,0.5688603094446004,0.46853051696047554
ACE:CHEMBL4792_Ki,ecfp4,tanimoto,10,ecfp4/tanimoto/k10,True,9831,13.366417403127125,0.5447958878548221,0.5192895539441912,0.5217889027469514
ACE:CHEMBL4792_Ki,ecfp4,tanimoto,20,ecfp4/tanimoto/k20,False,19381,26.35078178110129,0.48886343873786947,0.46226728762280095,0.5488873892194923
ACE:CHEMBL4792_Ki,ecfp4,tanimoto,30,ecfp4/tanimoto/k30,False,28967,39.384092454112846,0.43680751140443735,0.4123499164228944,0.5414838718187511
ACE:CHEMBL4792_Ki,ecfp6,tanimoto,10,ecfp6/tanimoto/k10,False,9844,13.384092454112848,0.5462001161334752,0.5216199699522522,0.536466643791057
ACE:CHEMBL4792_Ki,maccs,tanimoto,10,maccs/tanimoto/k10,False,10250,13.936097892590075,0.46052974792848334,0.4298549208694845,0.5716937796116508
ACE:CHEMBL4792_Ki,rdkit,tanimoto,10,rdkit/tanimoto/k10,False,10097,13.72807613868117,0.48942073120159235,0.47350732672845086,0.5898449645084031
ACE:CHEMBL4792_Ki,atompair,tanimoto,10,atompair/tanimoto/k10,False,10163,13.817811012916383,0.5505731745046339,0.5243930842171043,0.49789683770568344
ACE:CHEMBL4792_Ki,ecfp4,dice,10,ecfp4/dice/k10,False,9831,13.366417403127125,0.5447958878548221,0.5192895539441912,0.5217889027469514
ACE:CHEMBL4792_Ki,ecfp4,cosine,10,ecfp4/cosine/k10,False,9839,13.377294357579878,0.5413803185742817,0.5163990540038249,0.5221843152103545
DD:Caco2,ecfp4,tanimoto,5,ecfp4/tanimoto/k5,False,3120,6.857142857142857,0.6177290035195583,0.6060211963160739,0.5099086492840105
DD:Caco2,ecfp4,tanimoto,10,ecfp4/tanimoto/k10,True,6176,13.573626373626373,0.5212790715751032,0.5055592762508784,0.48127847015798697
DD:Caco2,ecfp4,tanimoto,20,ecfp4/tanimoto/k20,False,12402,27.257142857142856,0.3994774563450463,0.38549194948756926,0.4176038755161631
DD:Caco2,ecfp4,tanimoto,30,ecfp4/tanimoto/k30,False,18740,41.18681318681319,0.3305615437984508,0.3184113522901598,0.3929261925643238
DD:Caco2,ecfp6,tanimoto,10,ecfp6/tanimoto/k10,False,6132,13.476923076923077,0.4897798687287133,0.474202545748037,0.474514407070196
DD:Caco2,maccs,tanimoto,10,maccs/tanimoto/k10,False,6478,14.237362637362637,0.48923908365574337,0.47867465591246305,0.48338496401635755
DD:Caco2,rdkit,tanimoto,10,rdkit/tanimoto/k10,False,6695,14.714285714285714,0.3861096273962473,0.37482929016950284,0.609990674417009
DD:Caco2,atompair,tanimoto,10,atompair/tanimoto/k10,False,6310,13.868131868131869,0.5614084048839557,0.5395754814725211,0.49008927270470604
DD:Caco2,ecfp4,dice,10,ecfp4/dice/k10,False,6176,13.573626373626373,0.5212790715751032,0.5055592762508784,0.48127847015798697
DD:Caco2,ecfp4,cosine,10,ecfp4/cosine/k10,False,6213,13.654945054945054,0.49504094132238713,0.47943681101842617,0.48047271223180715
DD:FUBrain,ecfp4,tanimoto,5,ecfp4/tanimoto/k5,False,904,7.146245059288537,0.22867448547813932,0.24236959965552013,0.3504476785109195
DD:FUBrain,ecfp4,tanimoto,10,ecfp4/tanimoto/k10,True,1794,14.181818181818182,0.1547531673819017,0.16411431118196823,0.3360747568219046
DD:FUBrain,ecfp4,tanimoto,20,ecfp4/tanimoto/k20,False,3508,27.731225296442688,0.12569361837799317,0.1294534555317147,0.34501573313162903
DD:FUBrain,ecfp4,tanimoto,30,ecfp4/tanimoto/k30,False,5210,41.18577075098814,0.10458159092723802,0.10694709770860897,0.37534197317045953
DD:FUBrain,ecfp6,tanimoto,10,ecfp6/tanimoto/k10,False,1788,14.134387351778656,0.17777028017011018,0.18465473956257622,0.3127872800691252
DD:FUBrain,maccs,tanimoto,10,maccs/tanimoto/k10,False,1824,14.41897233201581,0.16300866483311274,0.1769525496041308,0.39105682446501405
DD:FUBrain,rdkit,tanimoto,10,rdkit/tanimoto/k10,False,2081,16.450592885375492,0.087994927706526,0.10011298784802741,0.5112222656083109
DD:FUBrain,atompair,tanimoto,10,atompair/tanimoto/k10,False,1841,14.553359683794467,0.2532580508299763,0.2698524217814802,0.3830692940809105
DD:FUBrain,ecfp4,dice,10,ecfp4/dice/k10,False,1794,14.181818181818182,0.1547531673819017,0.16411431118196823,0.3360747568219046
DD:FUBrain,ecfp4,cosine,10,ecfp4/cosine/k10,False,1794,14.181818181818182,0.1536061741270595,0.16436671945159395,0.33648978263096635
DD:FreeSolv,ecfp4,tanimoto,5,ecfp4/tanimoto/k5,False,2183,6.8006230529595015,0.5772403218536349,0.5737211624088038,0.40265981084769714
DD:FreeSolv,ecfp4,tanimoto,10,ecfp4/tanimoto/k10,True,4403,13.71651090342679,0.48010383401546863,0.49674135707521105,0.4183267467822488
DD:FreeSolv,ecfp4,tanimoto,20,ecfp4/tanimoto/k20,False,8822,27.482866043613708,0.39920978139795205,0.4256427534648108,0.4272274747370024
DD:FreeSolv,ecfp4,tanimoto,30,ecfp4/tanimoto/k30,False,13298,41.426791277258566,0.3547356292170692,0.38292814169427736,0.44071546881363066
DD:FreeSolv,ecfp6,tanimoto,10,ecfp6/tanimoto/k10,False,4398,13.700934579439252,0.4590628306220026,0.4742213871824725,0.41588888159915477
DD:FreeSolv,maccs,tanimoto,10,maccs/tanimoto/k10,False,4307,13.417445482866043,0.7588576945650352,0.7937502090521446,0.4939013486903586
DD:FreeSolv,rdkit,tanimoto,10,rdkit/tanimoto/k10,False,4318,13.45171339563863,0.6289735476974658,0.6555695679952809,0.5368649287042238
DD:FreeSolv,atompair,tanimoto,10,atompair/tanimoto/k10,False,4438,13.825545171339565,0.48812417606781505,0.47402083079966373,0.37387202992315705
DD:FreeSolv,ecfp4,dice,10,ecfp4/dice/k10,False,4403,13.71651090342679,0.48010383401546863,0.49674135707521105,0.4183267467822488
DD:FreeSolv,ecfp4,cosine,10,ecfp4/cosine/k10,False,4413,13.74766355140187,0.46411240493892547,0.4793131117859083,0.4151219967884088
DD:HalfLife,ecfp4,tanimoto,5,ecfp4/tanimoto/k5,False,4746,7.185465556396669,0.2618038359909367,0.2937975180966969,0.3707602274751656
DD:HalfLife,ecfp4,tanimoto,10,ecfp4/tanimoto/k10,True,9349,14.15442846328539,0.21980454969044605,0.2457078194650299,0.3453013958515223
DD:HalfLife,ecfp4,tanimoto,20,ecfp4/tanimoto/k20,False,18499,28.00757002271007,0.16943319280133923,0.19612016931145992,0.31824737142053744
DD:HalfLife,ecfp4,tanimoto,30,ecfp4/tanimoto/k30,False,27523,41.66994700984103,0.1465442128782983,0.17022164695944034,0.3055539826729744
DD:HalfLife,ecfp6,tanimoto,10,ecfp6/tanimoto/k10,False,9336,14.134746404239213,0.21055662791334762,0.2392200800724361,0.3330202774390809
DD:HalfLife,maccs,tanimoto,10,maccs/tanimoto/k10,False,9686,14.664647993943982,0.21822683492434558,0.2451823680094402,0.3421322484021851
DD:HalfLife,rdkit,tanimoto,10,rdkit/tanimoto/k10,False,10444,15.81226343679031,0.20163594126879622,0.2189072008681792,0.4579908752648458
DD:HalfLife,atompair,tanimoto,10,atompair/tanimoto/k10,False,9779,14.805450416351249,0.21401868683361747,0.24419406714290606,0.3494365460155799
DD:HalfLife,ecfp4,dice,10,ecfp4/dice/k10,False,9349,14.15442846328539,0.21980454969044605,0.2457078194650299,0.3453013958515223
DD:HalfLife,ecfp4,cosine,10,ecfp4/cosine/k10,False,9357,14.1665404996215,0.2133599099894726,0.2370665932927955,0.34480114493829733
DD:HemoTox,ecfp4,tanimoto,5,ecfp4/tanimoto/k5,False,2794,6.748792270531401,0.6733942783927204,0.5995951752486908,0.6338586469438245
DD:HemoTox,ecfp4,tanimoto,10,ecfp4/tanimoto/k10,True,5481,13.23913043478261,0.6266236173512293,0.5607482349102421,0.6558012489095075
DD:HemoTox,ecfp4,tanimoto,20,ecfp4/tanimoto/k20,False,11312,27.32367149758454,0.5456676897588818,0.4968467921747598,0.6264353268497146
DD:HemoTox,ecfp4,tanimoto,30,ecfp4/tanimoto/k30,False,16891,40.79951690821256,0.49323484026908404,0.4556522297795541,0.6112832376281537
DD:HemoTox,ecfp6,tanimoto,10,ecfp6/tanimoto/k10,False,5489,13.258454106280194,0.6245450743014651,0.5625073731294664,0.6531827797738562
DD:HemoTox,maccs,tanimoto,10,maccs/tanimoto/k10,False,5708,13.78743961352657,0.578713545806053,0.516119933253308,0.6755316847717714
DD:HemoTox,rdkit,tanimoto,10,rdkit/tanimoto/k10,False,5672,13.70048309178744,0.6077738930805439,0.5512061120092238,0.6690966016821439
DD:HemoTox,atompair,tanimoto,10,atompair/tanimoto/k10,False,5529,13.355072463768115,0.6301082152925221,0.5552658636948847,0.6114488048552842
DD:HemoTox,ecfp4,dice,10,ecfp4/dice/k10,False,5481,13.23913043478261,0.6266236173512293,0.5607482349102421,0.6558012489095075
DD:HemoTox,ecfp4,cosine,10,ecfp4/cosine/k10,False,5497,13.277777777777779,0.6213091822164043,0.5581571087198216,0.6537191651021091
DD:HepClear,ecfp4,tanimoto,5,ecfp4/tanimoto/k5,False,3129,7.103291713961408,0.18925414199619253,0.18853722786167265,0.42225496104832533
DD:HepClear,ecfp4,tanimoto,10,ecfp4/tanimoto/k10,True,6234,14.152099886492621,0.17202360218092996,0.17021015623356797,0.35946377602833424
DD:HepClear,ecfp4,tanimoto,20,ecfp4/tanimoto/k20,False,12314,27.95459704880817,0.14302924540244452,0.14073114940556614,0.32698780079269973
DD:HepClear,ecfp4,tanimoto,30,ecfp4/tanimoto/k30,False,18288,41.516458569807035,0.11894010770128294,0.11720854704503705,0.3172707904381929
DD:HepClear,ecfp6,tanimoto,10,ecfp6/tanimoto/k10,False,6220,14.120317820658343,0.15637250774792405,0.1552590468408543,0.34793074393940604
DD:HepClear,maccs,tanimoto,10,maccs/tanimoto/k10,False,6491,14.735527809307605,0.12893927510066575,0.1309024849841161,0.37830156837583706
DD:HepClear,rdkit,tanimoto,10,rdkit/tanimoto/k10,False,6940,15.754824063564131,0.11302523644789025,0.11252785502261389,0.5158184762057882
DD:HepClear,atompair,tanimoto,10,atompair/tanimoto/k10,False,6512,14.783200908059024,0.13558228313284756,0.1349759516657494,0.3801323748313397
DD:HepClear,ecfp4,dice,10,ecfp4/dice/k10,False,6234,14.152099886492621,0.17202360218092996,0.17021015623356797,0.35946377602833424
DD:HepClear,ecfp4,cosine,10,ecfp4/cosine/k10,False,6225,14.1316685584563,0.17134130245158427,0.1706973951285497,0.3588099641888372
DD:MicroClear,ecfp4,tanimoto,5,ecfp4/tanimoto/k5,False,2653,7.258549931600547,0.20191519558435037,0.20639137917626132,0.3694440780979186
DD:MicroClear,ecfp4,tanimoto,10,ecfp4/tanimoto/k10,True,5284,14.456908344733241,0.17157483469110874,0.17450832259393484,0.36756572468669546
DD:MicroClear,ecfp4,tanimoto,20,ecfp4/tanimoto/k20,False,10264,28.082079343365255,0.12992366391330248,0.13328751419202065,0.359913468942935
DD:MicroClear,ecfp4,tanimoto,30,ecfp4/tanimoto/k30,False,15260,41.75102599179207,0.10412120521980657,0.10696122767694535,0.3511508423905577
DD:MicroClear,ecfp6,tanimoto,10,ecfp6/tanimoto/k10,False,5251,14.366621067031463,0.1655788871947677,0.16849232272655984,0.35801505104266707
DD:MicroClear,maccs,tanimoto,10,maccs/tanimoto/k10,False,5312,14.533515731874145,0.1575422133986953,0.16317842720054404,0.3773501376478282
DD:MicroClear,rdkit,tanimoto,10,rdkit/tanimoto/k10,False,5768,15.781121751025992,0.10985349978071517,0.11553175902996626,0.5041253124196607
DD:MicroClear,atompair,tanimoto,10,atompair/tanimoto/k10,False,5429,14.853625170998631,0.14586302102874163,0.14884118447544548,0.3968263200314235
DD:MicroClear,ecfp4,dice,10,ecfp4/dice/k10,False,5284,14.456908344733241,0.17157483469110874,0.17450832259393484,0.36756572468669546
DD:MicroClear,ecfp4,cosine,10,ecfp4/cosine/k10,False,5291,14.476060191518467,0.16531214430830266,0.16857240425244227,0.3663564114126302
DD:RenClear,ecfp4,tanimoto,5,ecfp4/tanimoto/k5,False,2245,7.059748427672956,0.25061144864199775,0.2919516431988327,0.3642188225458277
DD:RenClear,ecfp4,tanimoto,10,ecfp4/tanimoto/k10,True,4463,14.034591194968554,0.20214516159186746,0.24387761196752794,0.3432566530021687
DD:RenClear,ecfp4,tanimoto,20,ecfp4/tanimoto/k20,False,8819,27.732704402515722,0.15224912142167943,0.18363133760681535,0.3263208274869919
DD:RenClear,ecfp4,tanimoto,30,ecfp4/tanimoto/k30,False,13301,41.827044025157235,0.12079049964521255,0.15144837202793207,0.32066824743881134
DD:RenClear,ecfp6,tanimoto,10,ecfp6/tanimoto/k10,False,4478,14.081761006289309,0.19395201800281855,0.23484008684760435,0.31650554495926136
DD:RenClear,maccs,tanimoto,10,maccs/tanimoto/k10,False,4595,14.449685534591195,0.16518904096131137,0.2018782473866338,0.35774647838002965
DD:RenClear,rdkit,tanimoto,10,rdkit/tanimoto/k10,False,5040,15.849056603773585,0.1367645007028712,0.14373683226568476,0.47503418114642065
DD:RenClear,atompair,tanimoto,10,atompair/tanimoto/k10,False,4609,14.4937106918239,0.20382891883433302,0.23666970041574986,0.3527028214799504
DD:RenClear,ecfp4,dice,10,ecfp4/dice/k10,False,4463,14.034591194968554,0.20214516159186746,0.24387761196752794,0.3432566530021687
DD:RenClear,ecfp4,cosine,10,ecfp4/cosine/k10,False,4451,13.99685534591195,0.2056578056552401,0.2464247755687062,0.33900393197073725
DD:Sol,ecfp4,tanimoto,5,ecfp4/tanimoto/k5,False,3979,7.054964539007092,0.6142904225824773,0.591962274577195,0.4281777791396198
DD:Sol,ecfp4,tanimoto,10,ecfp4/tanimoto/k10,True,7932,14.063829787234043,0.5213934666416367,0.5088015110460103,0.42238953495343834
DD:Sol,ecfp4,tanimoto,20,ecfp4/tanimoto/k20,False,15943,28.2677304964539,0.4258058738119989,0.41886784109180997,0.41253049962109345
DD:Sol,ecfp4,tanimoto,30,ecfp4/tanimoto/k30,False,23998,42.54964539007092,0.3694659458278571,0.3669104620217549,0.4154670020946652
DD:Sol,ecfp6,tanimoto,10,ecfp6/tanimoto/k10,False,7874,13.960992907801419,0.5464562933787254,0.5325741198047431,0.41967892933031586
DD:Sol,maccs,tanimoto,10,maccs/tanimoto/k10,False,7818,13.861702127659575,0.620068793010339,0.6060734708023147,0.5085976428560388
DD:Sol,rdkit,tanimoto,10,rdkit/tanimoto/k10,False,7834,13.890070921985815,0.6646603287276033,0.6536650815867542,0.5419103909321131
DD:Sol,atompair,tanimoto,10,atompair/tanimoto/k10,False,7907,14.01950354609929,0.6879023299278153,0.6531917684686822,0.39398111064762814
DD:Sol,ecfp4,dice,10,ecfp4/dice/k10,False,7932,14.063829787234043,0.5213934666416367,0.5088015110460103,0.42238953495343834
DD:Sol,ecfp4,cosine,10,ecfp4/cosine/k10,False,7976,14.141843971631205,0.5024526353634872,0.48838535491564716,0.42683054993630126
DD:VDss,ecfp4,tanimoto,5,ecfp4/tanimoto/k5,False,4023,7.120353982300885,0.4621454968793301,0.4817531046644423,0.3793763945682521
DD:VDss,ecfp4,tanimoto,10,ecfp4/tanimoto/k10,True,7926,14.028318584070796,0.3995385829044942,0.4253754178612226,0.3525844344894798
DD:VDss,ecfp4,tanimoto,20,ecfp4/tanimoto/k20,False,15639,27.679646017699117,0.3369997429850002,0.3667590090155892,0.318759181326843
DD:VDss,ecfp4,tanimoto,30,ecfp4/tanimoto/k30,False,23360,41.34513274336283,0.30447729945286406,0.33304873130657203,0.30308069813037325
DD:VDss,ecfp6,tanimoto,10,ecfp6/tanimoto/k10,False,7938,14.049557522123894,0.39456836971571246,0.41907256739688203,0.3324345472790721
DD:VDss,maccs,tanimoto,10,maccs/tanimoto/k10,False,8259,14.617699115044248,0.395938401133376,0.41922412407968984,0.3490990233869982
DD:VDss,rdkit,tanimoto,10,rdkit/tanimoto/k10,False,8886,15.727433628318584,0.24415664536339624,0.27142042550048395,0.46768860073298146
DD:VDss,atompair,tanimoto,10,atompair/tanimoto/k10,False,8342,14.764601769911504,0.4044343632325471,0.4231876946098309,0.35356086221640437
DD:VDss,ecfp4,dice,10,ecfp4/dice/k10,False,7926,14.028318584070796,0.3995385829044942,0.4253754178612226,0.3525844344894798
DD:VDss,ecfp4,cosine,10,ecfp4/cosine/k10,False,7928,14.031858407079646,0.402813287369831,0.4298038399451486,0.347708655838188
