construction,assortativity,rho_shared_neighbour,decoupling,lambda,clustering,mean_degree,predicted_rel_mse,measured_rel_mse,error,dataset,cluster,n
nearest,0.5919193612358656,0.521661152491862,0.07025820874400368,0.8813044253235578,0.5590365555559661,13.494454600853139,0.38565631477094464,0.3749556437056668,0.010700671065277834,CHEMBL217_Ki,CHEMBL217_Ki,8205
spread,0.4367649301400366,0.35872905523864257,0.07803587490139402,0.8213320953301494,0.22547380069158388,17.972699573430834,0.5493262894347053,0.5412860633100636,0.008040226124641725,CHEMBL217_Ki,CHEMBL217_Ki,8205
nearest,0.5211174031053739,0.4149700129309445,0.10614739017442942,0.7963081072674029,0.5263304286943513,12.990570979570455,0.43123820542710223,0.4541828761611915,-0.02294467073408929,CHEMBL205_Ki,CHEMBL205_Ki,7636
spread,0.32345258555763967,0.21566052653330733,0.10779205902433234,0.6667454092583729,0.15846866504288296,17.990047145102146,0.6471893027646973,0.655368814603836,-0.008179511839138676,CHEMBL205_Ki,CHEMBL205_Ki,7636
nearest,0.5259616898123023,0.42876704814844563,0.09719464166385666,0.8152058533036083,0.5323166219895117,12.956791866704322,0.43396696370899646,0.45944835226650765,-0.025481388557511198,CHEMBL261_Ki,CHEMBL261_Ki,7082
spread,0.26468776204951083,0.17695618997746154,0.08773157207204929,0.6685469271690817,0.15797470924283877,17.991527817000847,0.7298850468806939,0.7021633712963928,0.027721675584301053,CHEMBL261_Ki,CHEMBL261_Ki,7082
nearest,0.5038326921820945,0.4039054920086403,0.09992720017345419,0.8016659067106772,0.555095194588106,12.902232220107285,0.4558495584435873,0.468105886743773,-0.012256328300185693,CHEMBL3594_Ki,CHEMBL3594_Ki,5779
spread,0.24524841719514476,0.1612391565930075,0.08400926060213726,0.657452384146109,0.15948120268790425,18.01903443502336,0.7546184065434174,0.748503041790888,0.006115364752529384,CHEMBL3594_Ki,CHEMBL3594_Ki,5779
nearest,0.6441574510325299,0.5850943763525126,0.05906307468001726,0.9083095684364992,0.5649065931133526,13.34998108210367,0.3382700366522018,0.33905509827110414,-0.0007850616189023496,CHEMBL251_Ki,CHEMBL251_Ki,5286
spread,0.5090767423883801,0.444984474526691,0.06409226786168909,0.8741009703939835,0.2246976448223475,17.990162693908438,0.48233254229726197,0.46517852716897934,0.01715401512828263,CHEMBL251_Ki,CHEMBL251_Ki,5286
nearest,0.6123069596232147,0.5594512512494793,0.05285570837373543,0.9136777599159409,0.5354035369900118,13.475607135181603,0.3788922068781022,0.4147542550622762,-0.03586204818417399,CHEMBL224_Ki,CHEMBL224_Ki,4653
spread,0.5139273287763491,0.45314866895087225,0.06077865982547681,0.8817368596252906,0.2237638390919325,17.88824414356329,0.479979144503087,0.4911071072843151,-0.011127962781228129,CHEMBL224_Ki,CHEMBL224_Ki,4653
nearest,0.4557569015426612,0.3728809302016927,0.08287597134096847,0.8181575066434603,0.5127775056615109,13.769828926905133,0.524079034096201,0.5620855361839813,-0.038006502087780225,CHEMBL1628481_EC50,CHEMBL1628481_EC50,3215
spread,0.3488293751737871,0.27499733398678355,0.07383204118700354,0.7883433952481199,0.24306643565191685,17.84696734059098,0.649838850240531,0.6423642413133018,0.007474608927229176,CHEMBL1628481_EC50,CHEMBL1628481_EC50,3215
nearest,0.6068571122491742,0.5389270095283147,0.06793010272085942,0.8880624427897165,0.5448121554553909,13.21936389148737,0.3713200840771351,0.38595185446717833,-0.014631770390043208,CHEMBL256_Ki,CHEMBL256_Ki,4276
spread,0.44082592901942363,0.35362142554823295,0.08720450347119069,0.8021792781899898,0.21891347991954985,17.965388213283443,0.5366074249545625,0.5446639019361064,-0.00805647698154388,CHEMBL256_Ki,CHEMBL256_Ki,4276
nearest,0.5236780952596303,0.4290771122469711,0.09460098301265918,0.8193527973214964,0.5710873883346684,12.77984429065744,0.4388132105030136,0.4647738707961197,-0.02596066029310612,CHEMBL3242_Ki,CHEMBL3242_Ki,4624
spread,0.26883515031584854,0.1835693639902965,0.08526578632555204,0.6828324487129933,0.16413328310683317,18.0060553633218,0.7275421269595698,0.7194613422656436,0.008080784693926146,CHEMBL3242_Ki,CHEMBL3242_Ki,4624
nearest,0.4999240680042367,0.4156491088948058,0.08427495910943095,0.831424481229984,0.5727850525958149,13.211126310989512,0.474236061996852,0.4709237055675966,0.0033123564292553698,CHEMBL226_Ki,CHEMBL226_Ki,4386
spread,0.2970227378889395,0.2225598568213331,0.0744628810676064,0.7493024217713292,0.22514035975410132,17.985408116735066,0.7062583953613208,0.6945853924205778,0.011673002940743027,CHEMBL226_Ki,CHEMBL226_Ki,4386
nearest,0.5596806317821306,0.49211812789606885,0.06756250388606172,0.8792838271516923,0.6009273924135863,13.44622200344573,0.423545051542201,0.4933420365325865,-0.0697969849903855,CHEMBL253_Ki,CHEMBL253_Ki,4063
spread,0.3948334228838485,0.33641859785653816,0.058414825027310324,0.8520519752338831,0.27605053199514407,17.906473049470833,0.6131098923031875,0.6392977249952951,-0.02618783269210767,CHEMBL253_Ki,CHEMBL253_Ki,4063
nearest,0.5975902209263451,0.5203195299626453,0.07727069096369976,0.8706961923775797,0.5271059958156417,13.425204918032787,0.37310713511369076,0.3900905305388083,-0.016983395425117565,CHEMBL3371_Ki,CHEMBL3371_Ki,3904
spread,0.46260961382299004,0.3850276876451371,0.07758192617785292,0.8322950413055221,0.20284813562061865,17.908811475409838,0.5213056912346434,0.5048581503970033,0.016447540837640107,CHEMBL3371_Ki,CHEMBL3371_Ki,3904
nearest,0.6532916178717078,0.6015765444984177,0.051715073373290066,0.9208392210177634,0.48844669600930524,13.461267605633802,0.3348356543051605,0.34223579942759197,-0.0074001451224314785,CHEMBL5113_Ki,CHEMBL5113_Ki,2272
spread,0.5383499706078385,0.47369668649797414,0.06465328410986437,0.8799047317920983,0.20854597567513927,17.843309859154928,0.4496270766324999,0.43393649060951495,0.015690586022984954,CHEMBL5113_Ki,CHEMBL5113_Ki,2272
nearest,0.4345197124246565,0.33943481601565895,0.09508489640899753,0.7811724216643341,0.44584709009926476,13.518578352180937,0.5364519095647802,0.5751181846063433,-0.03866627504156317,CHEMBL2292_EC50,CHEMBL2292_EC50,1857
spread,0.3096042202559006,0.23586988518251573,0.0737343350733849,0.7618432493832273,0.17759618632419044,17.797522886375877,0.6930744561524631,0.7477621193820387,-0.054687663229575634,CHEMBL2292_EC50,CHEMBL2292_EC50,1857
nearest,0.6768655698724421,0.5891765370429206,0.08768903282952145,0.8704483774436232,0.6236644681152145,13.510802469135802,0.27652774359374455,0.31812275312865795,-0.04159500953491341,CHEMBL1163125_Ki,CHEMBL1163125_Ki,1296
spread,0.4920976455089214,0.41026248958691414,0.08183515592200724,0.8337013869729567,0.24764420068774418,17.945987654320987,0.48504094961038013,0.5110659624632127,-0.02602501285283254,CHEMBL1163125_Ki,CHEMBL1163125_Ki,1296
nearest,0.5357174946520892,0.44983482061930274,0.08588267403278643,0.8396866354186152,0.5346936892276143,13.314264207753105,0.43341634925319417,0.3864336800166968,0.046982669236497354,CHEMBL3155_Ki,CHEMBL3155_Ki,2657
spread,0.34930865028850555,0.2780474434584079,0.07126120683009768,0.7959935811173279,0.20805505597411025,17.93451260820474,0.651625398535556,0.5983081010516108,0.0533172974839452,CHEMBL3155_Ki,CHEMBL3155_Ki,2657
nearest,0.509857174176103,0.44436364101446857,0.06549353316163442,0.8715453337153335,0.5364480748004659,13.51780185758514,0.4802129285608159,0.4623536649957237,0.017859263565092154,CHEMBL225_Ki,CHEMBL225_Ki,2584
spread,0.3742327957898606,0.3132117178022333,0.06102107798762729,0.8369435317424936,0.21789763777569815,17.907894736842106,0.633424954442289,0.5879023649579452,0.045522589484343734,CHEMBL225_Ki,CHEMBL225_Ki,2584
nearest,0.5450224130458442,0.4828083609700269,0.06221405207581732,0.8858504703905008,0.6042617342599372,13.601232394366198,0.44448269878133595,0.49221292533803856,-0.047730226556702615,CHEMBL4422_EC50,CHEMBL4422_EC50,2272
spread,0.44187480948025926,0.37212392928167515,0.06975088019858411,0.8421478692559409,0.2911773510458854,17.907570422535212,0.5511619173929891,0.5721517065852358,-0.0209897891922467,CHEMBL4422_EC50,CHEMBL4422_EC50,2272
nearest,0.11322103326456127,0.07608092924385856,0.03714010402070271,0.6719681586554842,0.3077622936310983,14.242960579243766,0.9420307697903502,1.0017806988294278,-0.05974992903907761,CHEMBL614358_EC50,CHEMBL614358_EC50,1243
spread,0.04303125487263808,0.017235320279589492,0.025795934593048585,0.4005302734164225,0.06950093989123089,17.850362027353178,1.0294492785063545,1.046962061924253,-0.017512783417898525,CHEMBL614358_EC50,CHEMBL614358_EC50,1243
nearest,0.8725045698886278,0.8483083812792214,0.02419618860940642,0.9722681239222678,0.5989695819903192,13.475462590506838,0.11846840337404374,0.12858424052794112,-0.010115837153897383,CHEMBL4860_Ki,CHEMBL4860_Ki,1243
spread,0.8173039034354169,0.7924633057406545,0.024840597694762434,0.9696066572172864,0.24790977905171097,17.977473853580047,0.17860916829575535,0.180532778520141,-0.0019236102243856412,CHEMBL4860_Ki,CHEMBL4860_Ki,1243
nearest,0.4391634360102922,0.3443521663000704,0.0948112697102218,0.7841093726482279,0.5454592113792278,13.90108803165183,0.5315900776494791,0.5919193404665086,-0.06032926281702955,CHEMBL5024_Ki,CHEMBL5024_Ki,1011
spread,0.27066515683245496,0.19401566027536346,0.0766494965570915,0.7168106251498841,0.2554316536498996,17.681503461918894,0.7332837805829173,0.8498783498626865,-0.11659456927976919,CHEMBL5024_Ki,CHEMBL5024_Ki,1011
nearest,0.5461332325025285,0.458324835707068,0.08780839679546054,0.8392179937611579,0.6010972429360323,14.137037037037038,0.42022588713130427,0.40922241972779194,0.011003467403512324,CHEMBL2000_Ki,CHEMBL2000_Ki,1080
spread,0.3347673285835679,0.25451536376676803,0.08025196481679986,0.7602753973741898,0.3118900558147519,17.844444444444445,0.6595291702229554,0.6739226691960377,-0.014393498973082286,CHEMBL2000_Ki,CHEMBL2000_Ki,1080
nearest,0.6194148572864997,0.5736400864859297,0.04577477080057002,0.9260999792593001,0.6239006288813123,13.223214285714286,0.37744636326433745,0.3946397619857649,-0.017193398721427444,CHEMBL4333_EC50,CHEMBL4333_EC50,2464
spread,0.4669266803203593,0.42498814478898056,0.04193853553137872,0.9101817537978241,0.28843902825398576,17.92207792207792,0.548635969669364,0.5720491137492886,-0.023413144079924564,CHEMBL4333_EC50,CHEMBL4333_EC50,2464
nearest,0.41508525596385415,0.32739821533302177,0.08768704063083238,0.7887493246966396,0.5235238888425285,13.903502974223397,0.5644878818720114,0.5084145266967371,0.05607335517527423,CHEMBL4550_Ki,CHEMBL4550_Ki,1513
spread,0.29603678381926063,0.21156020805328699,0.08447657576597364,0.7146416243410172,0.23021088932575506,17.791143423661598,0.6983306196094371,0.665391355283967,0.03293926432547012,CHEMBL4550_Ki,CHEMBL4550_Ki,1513
nearest,0.6974640357297915,0.624139322605769,0.07332471312402256,0.8948695425602852,0.6494345007693976,13.426841574167508,0.2667973188856092,0.2907073266081387,-0.02391000772252949,CHEMBL259_Ki,CHEMBL259_Ki,1982
spread,0.529129172547454,0.4471195062631263,0.08200966628432765,0.845010121272471,0.32177807689679727,17.882946518668014,0.4441492105419058,0.48779368810074714,-0.04364447755884132,CHEMBL259_Ki,CHEMBL259_Ki,1982
nearest,0.5357850901614466,0.455102840928525,0.08068224923292161,0.8494130375882429,0.5921462449295506,13.232295895354081,0.4380223765127793,0.42940815641018953,0.008614220102589776,CHEMBL4822_Ki,CHEMBL4822_Ki,2217
spread,0.3715388695496155,0.2850019921812497,0.0865368773683658,0.7670852649326652,0.2955622452289258,17.69959404600812,0.6134240538638939,0.631194151667678,-0.017770097803784135,CHEMBL4822_Ki,CHEMBL4822_Ki,2217
nearest,0.5535579606260396,0.4794597475370915,0.0740982130889481,0.8661419067930165,0.5703179076193674,13.712128837443382,0.4243978515313034,0.46115551575219854,-0.03675766422089516,CHEMBL222_Ki,CHEMBL222_Ki,1987
spread,0.3833099799796652,0.3096553050563788,0.07365467492328642,0.8078456633787781,0.2761582961349437,17.869149471565173,0.6120698145914105,0.5851520391616519,0.026917775429758595,CHEMBL222_Ki,CHEMBL222_Ki,1987
nearest,0.7165869096438549,0.6577731263199552,0.05881378332389964,0.9179251218067461,0.5931980263956975,13.576814856499718,0.2588219944002501,0.2666028592308268,-0.007780864830576717,CHEMBL245_Ki,CHEMBL245_Ki,1777
spread,0.5699918946243914,0.47799247361308234,0.09199942101130903,0.8385952118285225,0.2889501657958603,17.99774901519415,0.3902094370029914,0.4262487700868626,-0.03603933308387125,CHEMBL245_Ki,CHEMBL245_Ki,1777
nearest,0.5559074267959228,0.4909243690563354,0.06498305773958735,0.8831045339434851,0.5697581229719619,13.46584440227704,0.4300170785588564,0.41662432887228024,0.013392749686576166,CHEMBL2014_Ki,CHEMBL2014_Ki,2108
spread,0.3845986660985281,0.3213022897917216,0.06329637630680651,0.8354222677137654,0.24938002758732225,17.853889943074005,0.6199747286154933,0.6246518500921944,-0.004677121476701074,CHEMBL2014_Ki,CHEMBL2014_Ki,2108
nearest,0.6689078978329568,0.6196761053973682,0.04923179243558862,0.9263997441275794,0.548854237598965,13.331524688008681,0.3198926991917179,0.34245478253554684,-0.02256208334382892,CHEMBL255_Ki,CHEMBL255_Ki,1843
spread,0.5256409280961253,0.47097830449621925,0.054662623599906035,0.8960076723897921,0.2227244471837011,17.848073792729245,0.47259861785434687,0.4628083389164425,0.009790278937904351,CHEMBL255_Ki,CHEMBL255_Ki,1843
nearest,0.8708955537023604,0.8475417292148524,0.023353824487508,0.9731841270882301,0.5896601031519921,13.711811997526283,0.12099644888864658,0.10796087357598966,0.013035575312656922,CHEMBL4361_Ki,CHEMBL4361_Ki,1617
spread,0.7951657602151654,0.7668837584741017,0.028282001741063656,0.9644325709731129,0.2627359083094899,17.938157081014225,0.19986386219636088,0.1900870866243998,0.009776775571961077,CHEMBL4361_Ki,CHEMBL4361_Ki,1617
nearest,0.25004524103487624,0.220506510512885,0.02953873052199124,0.8818664558471994,0.5294619886419626,13.406518010291595,0.7983653773918442,0.8194839803644276,-0.02111860297258339,CHEMBL4805_Ki,CHEMBL4805_Ki,583
spread,0.26334396118333253,0.21071779129692317,0.05262616988640936,0.8001618504941811,0.3096136157822436,17.69468267581475,0.7629580898005658,0.841961358665741,-0.07900326886517517,CHEMBL4805_Ki,CHEMBL4805_Ki,583
nearest,0.7482157958178667,0.7109263365388245,0.03728945927904215,0.9501621597840213,0.6436767715703695,13.691256830601093,0.24340211124920885,0.23051077795696112,0.01289133329224773,CHEMBL1784_EC50,CHEMBL1784_EC50,1464
spread,0.6461106583530021,0.6049240937358789,0.04118656461712322,0.9362546274625593,0.3445002672516165,18.01912568306011,0.3522103676562869,0.34391261041735033,0.008297757238936554,CHEMBL1784_EC50,CHEMBL1784_EC50,1464
nearest,0.4002432488888049,0.30737886143049786,0.09286438745830705,0.767980127794469,0.5102161083036219,13.682175226586102,0.5761544775098384,0.6598216772903059,-0.08366719978046755,CHEMBL1833_Ki,CHEMBL1833_Ki,1655
spread,0.20496560943830897,0.14515813699182192,0.05980747244648704,0.7082072811610475,0.20554494273070995,17.87190332326284,0.8207111044160218,0.8458567422433149,-0.025145637827293066,CHEMBL1833_Ki,CHEMBL1833_Ki,1655
nearest,0.5199645042237123,0.4636298855499775,0.05633461867373479,0.891656799231247,0.5615146303357005,13.732732732732734,0.4773378885475552,0.47820556901395855,-0.0008676804664033422,CHEMBL4227_EC50,CHEMBL4227_EC50,1332
spread,0.3967893376901925,0.3296641747399449,0.06712516295024756,0.8308292169819897,0.24875812764066152,17.81981981981982,0.6031190818855655,0.563270643766532,0.03984843811903349,CHEMBL4227_EC50,CHEMBL4227_EC50,1332
nearest,0.6260890399704975,0.5576976311399876,0.06839140883050987,0.8907640855145258,0.5785390953655423,13.601023017902813,0.349749788084994,0.315471960114578,0.03427782797041601,CHEMBL211_Ki,CHEMBL211_Ki,1564
spread,0.47394603044381134,0.3855125705415551,0.08843345990225626,0.8134102741203558,0.26965325728315825,18.005115089514067,0.49906925259977686,0.48365091345180533,0.015418339147971527,CHEMBL211_Ki,CHEMBL211_Ki,1564
nearest,0.4214743486615958,0.37709497377137946,0.04437937489021632,0.8947044463532732,0.6206368282179758,13.11487758945386,0.59643677907105,0.5980681724306426,-0.0016313933595926144,CHEMBL344_Ki,CHEMBL344_Ki,1593
spread,0.2597804485254516,0.2100709857093614,0.04970946281609023,0.8086481754179433,0.2818630407188187,17.95354676710609,0.7695029900875222,0.7626361638254516,0.00686682626207058,CHEMBL344_Ki,CHEMBL344_Ki,1593
nearest,0.5722638405787761,0.5183745849592383,0.053889255619537835,0.905831450812906,0.594913715986479,13.100336700336701,0.42200944530576234,0.3942333881868949,0.027776057118867437,CHEMBL240_Ki,CHEMBL240_Ki,1485
spread,0.2905428884770232,0.2222693831815039,0.06827350529551929,0.7650140202935357,0.18842071509406075,18.016161616161614,0.7189566679093072,0.7051247391707679,0.013831928738539334,CHEMBL240_Ki,CHEMBL240_Ki,1485
nearest,0.5319512826266869,0.4477492830737602,0.08420199955292668,0.8417110695980443,0.5477802157332656,13.435171385991058,0.4390717895130105,0.43757902336838544,0.0014927661446250684,CHEMBL3759_Ki,CHEMBL3759_Ki,1342
spread,0.40621755951507715,0.33492705817249513,0.07129050134258202,0.8245016748471308,0.24684605655622996,17.84649776453055,0.5889992333250914,0.555573507335579,0.033425725989512434,CHEMBL3759_Ki,CHEMBL3759_Ki,1342
nearest,0.5510389228492543,0.4672524616419638,0.08378646120729044,0.8479481979711049,0.5485280474625733,13.677470355731225,0.41844936977925906,0.43982321986146994,-0.021373850082210877,CHEMBL2056_Ki,CHEMBL2056_Ki,1265
spread,0.4380086467379842,0.379991245864234,0.05801740087375018,0.8675427955456412,0.24580298621726168,17.878260869565217,0.5659748278018423,0.521255935103921,0.044718892697921286,CHEMBL2056_Ki,CHEMBL2056_Ki,1265
