dataset,n,assortativity,rmse_RandomForest,rmse_ChemProp50,rmse_DeepDelta5,gap_vs_rf,gap_vs_chemprop,receptor_class
Caco2,910,0.5212790715751032,0.6141343496526598,0.5748405472367313,0.5723846701725593,0.04174967948010044,0.0024558770641719407,Caco2
FUBrain,253,0.1547531673819017,0.9283722972526401,0.9645273532921224,0.8301525286127165,0.09821976863992365,0.13437482467940587,FUBrain
FreeSolv,642,0.48010383401546863,2.913666308826568,1.3716844352934985,1.2900124356178213,1.6236538732087467,0.08167199967567718,FreeSolv
HalfLife,1321,0.21980454969044605,0.7623662671489074,0.7837607784737889,0.7780173320839789,-0.015651064935071513,0.0057434463898099475,HalfLife
HemoTox,828,0.6266236173512293,0.6629036475737278,0.7286399825426821,0.6348758944166916,0.028027753157036206,0.09376408812599057,HemoTox
HepClear,881,0.17202360218092996,0.5635546258163135,0.5703889927457098,0.6217432358051681,-0.058188609988854556,-0.05135424305945835,HepClear
MicroClear,731,0.17157483469110874,0.5443949779573585,0.5455951243833883,0.5568559041423625,-0.012460926185004051,-0.011260779758974215,MicroClear
RenClear,636,0.20214516159186746,0.3373929055303909,0.338945147410237,0.3501750054775643,-0.012782099947173386,-0.011229858067327292,RenClear
Sol,1128,0.5213934666416367,1.6232490260654735,0.915450544423455,0.8590283814928302,0.7642206445726433,0.05642216293062474,Sol
VDss,1130,0.3995385829044942,0.6317015226845628,0.6698332954271086,0.6177577015718662,0.013943821112696653,0.05207559385524241,VDss
