dataset,n,assortativity,rho_shared_neighbour,mean_degree,pairs_used,pairs_total,predicted_rel_mse_k10,predicted_rel_mse_kdeg,measured_rel_mse,skill_knn_floor
CHEMBL217_Ki,8205,0.5919193612358656,0.521661152491862,13.494454600853139,801602,801602,0.38565631477094464,0.373269497845895,0.374544,0.388
CHEMBL205_Ki,7636,0.5211174031053739,0.4149700129309445,12.990570979570455,655937,655937,0.43123820542710223,0.4177701776994631,0.4542759999999999,0.326
CHEMBL261_Ki,7082,0.5259616898123023,0.42876704814844563,12.956791866704322,603288,603288,0.43396696370899646,0.42093119865693507,0.4596839999999999,0.322
CHEMBL3594_Ki,5779,0.5038326921820945,0.4039054920086403,12.902232220107285,489651,489651,0.4558495584435873,0.44244098961760225,0.46785599999999994,0.316
CHEMBL251_Ki,5286,0.6441574510325299,0.5850943763525126,13.34998108210367,489240,489240,0.3382700366522018,0.3278585912611609,0.3387240000000001,0.418
CHEMBL224_Ki,4653,0.6123069596232147,0.5594512512494793,13.475607135181603,439751,439751,0.3788922068781022,0.3675296436986284,0.41473600000000005,0.356
CHEMBL1628481_EC50,3215,0.4557569015426612,0.3728809302016927,13.769828926905133,341209,341209,0.524079034096201,0.506910109031924,0.5625,0.25
CHEMBL256_Ki,4276,0.6068571122491742,0.5389270095283147,13.21936389148737,384088,384088,0.3713200840771351,0.36009139146341185,0.385641,0.379
CHEMBL3242_Ki,4624,0.5236780952596303,0.4290771122469711,12.77984429065744,383446,383446,0.4388132105030136,0.4263946184307601,0.4651239999999999,0.318
CHEMBL226_Ki,4386,0.4999240680042367,0.4156491088948058,13.211126310989512,390965,390965,0.474236061996852,0.460032696764342,0.4705959999999999,0.314
CHEMBL253_Ki,4063,0.5596806317821306,0.49211812789606885,13.44622200344573,387305,387305,0.423545051542201,0.41052820798311584,0.49280399999999996,0.298
CHEMBL3371_Ki,3904,0.5975902209263451,0.5203195299626453,13.425204918032787,363440,363440,0.37310713511369076,0.36086893156232924,0.390625,0.375
CHEMBL5113_Ki,2272,0.6532916178717078,0.6015765444984177,13.461267605633802,216402,216402,0.3348356543051605,0.32459107526362074,0.34222499999999995,0.415
CHEMBL2292_EC50,1857,0.4345197124246565,0.33943481601565895,13.518578352180937,183928,183928,0.5364519095647802,0.5192589008324915,0.574564,0.242
CHEMBL1163125_Ki,1296,0.6768655698724421,0.5891765370429206,13.510802469135802,127707,127707,0.27652774359374455,0.265852433733923,0.31809600000000005,0.436
CHEMBL3155_Ki,2657,0.5357174946520892,0.44983482061930274,13.314264207753105,237877,237877,0.43341634925319417,0.4197213171138159,0.386884,0.378
CHEMBL225_Ki,2584,0.509857174176103,0.44436364101446857,13.51780185758514,239886,239886,0.4802129285608159,0.4657533393733595,0.4623999999999999,0.32
CHEMBL4422_EC50,2272,0.5450224130458442,0.4828083609700269,13.601232394366198,227948,227948,0.44448269878133595,0.4307888861137308,0.49280399999999996,0.298
CHEMBL614358_EC50,1243,0.11322103326456127,0.07608092924385856,14.242960579243766,130845,130845,0.9420307697903502,0.9145073333964963,1.0020009999999997,-0.001
CHEMBL4860_Ki,1243,0.8725045698886278,0.8483083812792214,13.475462590506838,118634,118634,0.11846840337404374,0.114556118043454,0.128881,0.641
CHEMBL5024_Ki,1011,0.4391634360102922,0.3443521663000704,13.90108803165183,111246,111246,0.5315900776494791,0.5131905112903461,0.591361,0.231
CHEMBL2000_Ki,1080,0.5461332325025285,0.458324835707068,14.137037037037038,122337,122337,0.42022588713130427,0.404374402758362,0.4096,0.36
CHEMBL4333_EC50,2464,0.6194148572864997,0.5736400864859297,13.223214285714286,224000,224000,0.37744636326433745,0.3670536604433663,0.394384,0.372
CHEMBL4550_Ki,1513,0.41508525596385415,0.32739821533302177,13.903502974223397,167281,167281,0.5644878818720114,0.545604129541515,0.5083690000000001,0.287
CHEMBL259_Ki,1982,0.6974640357297915,0.624139322605769,13.426841574167508,193544,193544,0.2667973188856092,0.2572044821170023,0.2905209999999999,0.461
CHEMBL4822_Ki,2217,0.5357850901614466,0.455102840928525,13.232295895354081,200913,200913,0.4380223765127793,0.42471199663172454,0.42902500000000005,0.345
CHEMBL222_Ki,1987,0.5535579606260396,0.4794597475370915,13.712128837443382,197270,197270,0.4243978515313034,0.4103058567351263,0.4610410000000001,0.321
CHEMBL245_Ki,1777,0.7165869096438549,0.6577731263199552,13.576814856499718,168723,168723,0.2588219944002501,0.24980601989510864,0.266256,0.484
CHEMBL2014_Ki,2108,0.5559074267959228,0.4909243690563354,13.46584440227704,209070,209070,0.4300170785588564,0.41691446966829604,0.41662432887228024,0.3545355711797278
CHEMBL255_Ki,1843,0.6689078978329568,0.6196761053973682,13.331524688008681,169895,169895,0.3198926991917179,0.31038847162614935,0.34245478253554684,0.4148036376261838
CHEMBL4361_Ki,1617,0.8708955537023604,0.8475417292148524,13.711811997526283,163999,163999,0.12099644888864658,0.11686937626888971,0.10796087357598966,0.671425999847843
CHEMBL4805_Ki,583,0.25004524103487624,0.220506510512885,13.406518010291595,54636,54636,0.7983653773918442,0.7785589025949988,0.8194839803644276,0.0947464552047158
CHEMBL1784_EC50,1464,0.7482157958178667,0.7109263365388245,13.691256830601093,154197,154197,0.24340211124920885,0.2356084868361965,0.23051077795696112,0.519884620162027
CHEMBL1833_Ki,1655,0.4002432488888049,0.30737886143049786,13.682175226586102,157748,157748,0.5761544775098384,0.5575145145243121,0.6598216772903059,0.1877059169916932
CHEMBL4227_EC50,1332,0.5199645042237123,0.4636298855499775,13.732732732732734,136623,136623,0.4773378885475552,0.4627586615136303,0.47820556901395866,0.3084759085802154
CHEMBL211_Ki,1564,0.6260890399704975,0.5576976311399876,13.601023017902813,147634,147634,0.349749788084994,0.33803933800310393,0.315471960114578,0.4383310938688363
CHEMBL344_Ki,1593,0.4214743486615958,0.37709497377137946,13.11487758945386,138680,138680,0.59643677907105,0.5816423374659073,0.5980681724306426,0.2266513254484478
CHEMBL240_Ki,1485,0.5722638405787761,0.5183745849592383,13.100336700336701,128603,128603,0.42200944530576234,0.4106112577307255,0.3942333881868951,0.3721199253146386
CHEMBL3759_Ki,1342,0.5319512826266869,0.4477492830737602,13.435171385991058,124446,124446,0.4390717895130105,0.42495156874190676,0.4375790233683856,0.338502438879488
CHEMBL2056_Ki,1265,0.5510389228492543,0.4672524616419638,13.677470355731225,126046,126046,0.41844936977925906,0.4041253520446526,0.43982321986146994,0.3368083083591366
