n_nodes,n_edges,n_components,n_triangles,n_triangles_total,triangles_sampled,dim_gradient,dim_cycle_space,dim_curl,dim_harmonic,rank_method,dataset,prereg
794,5707,1,11501,11501,False,793,4914,,,unavailable,CHEMBL1862_Ki,8e26372e94e75a38c60911859187afcef29109e7
659,4326,2,10962,10962,False,657,3669,3545.0,124.0,exact,CHEMBL1871_Ki,8e26372e94e75a38c60911859187afcef29109e7
750,4927,2,13654,13654,False,748,4179,,,unavailable,CHEMBL2034_Ki,8e26372e94e75a38c60911859187afcef29109e7
631,4295,1,11425,11425,False,630,3665,3555.0,110.0,exact,CHEMBL2047_EC50,8e26372e94e75a38c60911859187afcef29109e7
2754,18073,5,45828,45828,False,2749,15324,,,unavailable,CHEMBL204_Ki,8e26372e94e75a38c60911859187afcef29109e7
1456,10415,1,21936,21936,False,1455,8960,,,unavailable,CHEMBL2147_Ki,8e26372e94e75a38c60911859187afcef29109e7
3317,21861,1,49832,49832,False,3316,18545,,,unavailable,CHEMBL214_Ki,8e26372e94e75a38c60911859187afcef29109e7
1031,6783,1,16056,16056,False,1030,5753,,,unavailable,CHEMBL218_EC50,8e26372e94e75a38c60911859187afcef29109e7
1865,12600,1,28940,28940,False,1864,10736,,,unavailable,CHEMBL219_Ki,8e26372e94e75a38c60911859187afcef29109e7
1704,11354,1,27064,27064,False,1703,9651,,,unavailable,CHEMBL228_Ki,8e26372e94e75a38c60911859187afcef29109e7
973,6714,1,15950,15950,False,972,5742,,,unavailable,CHEMBL231_Ki,8e26372e94e75a38c60911859187afcef29109e7
3142,21135,2,51629,51629,False,3140,17995,,,unavailable,CHEMBL233_Ki,8e26372e94e75a38c60911859187afcef29109e7
3657,25032,1,57661,57661,False,3656,21376,,,unavailable,CHEMBL234_Ki,8e26372e94e75a38c60911859187afcef29109e7
2349,15323,3,39756,39756,False,2346,12977,,,unavailable,CHEMBL235_EC50,8e26372e94e75a38c60911859187afcef29109e7
2598,17568,4,43778,43778,False,2594,14974,,,unavailable,CHEMBL236_Ki,8e26372e94e75a38c60911859187afcef29109e7
955,6500,2,16404,16404,False,953,5547,,,unavailable,CHEMBL237_EC50,8e26372e94e75a38c60911859187afcef29109e7
2603,17630,2,43350,43350,False,2601,15029,,,unavailable,CHEMBL237_Ki,8e26372e94e75a38c60911859187afcef29109e7
1052,7124,1,16644,16644,False,1051,6073,,,unavailable,CHEMBL238_Ki,8e26372e94e75a38c60911859187afcef29109e7
1721,11386,2,29287,29287,False,1719,9667,,,unavailable,CHEMBL239_EC50,8e26372e94e75a38c60911859187afcef29109e7
3097,20700,8,54018,54018,False,3089,17611,,,unavailable,CHEMBL244_Ki,8e26372e94e75a38c60911859187afcef29109e7
856,6049,1,11901,11901,False,855,5194,,,unavailable,CHEMBL262_Ki,8e26372e94e75a38c60911859187afcef29109e7
2862,19142,2,45635,45635,False,2860,16282,,,unavailable,CHEMBL264_Ki,8e26372e94e75a38c60911859187afcef29109e7
615,4335,1,10485,10485,False,614,3721,3572.0,149.0,exact,CHEMBL2835_Ki,8e26372e94e75a38c60911859187afcef29109e7
1328,9197,2,20824,20824,False,1326,7871,,,unavailable,CHEMBL287_Ki,8e26372e94e75a38c60911859187afcef29109e7
976,6952,1,15406,15406,False,975,5977,,,unavailable,CHEMBL2971_Ki,8e26372e94e75a38c60911859187afcef29109e7
1125,7433,2,18876,18876,False,1123,6310,,,unavailable,CHEMBL3979_EC50,8e26372e94e75a38c60911859187afcef29109e7
960,6358,6,14851,14851,False,954,5404,,,unavailable,CHEMBL4005_Ki,8e26372e94e75a38c60911859187afcef29109e7
731,5209,1,8515,8515,False,730,4479,,,unavailable,CHEMBL4203_Ki,8e26372e94e75a38c60911859187afcef29109e7
682,4588,1,11513,11513,False,681,3907,,,unavailable,CHEMBL4616_EC50,8e26372e94e75a38c60911859187afcef29109e7
1471,9831,1,21155,21155,False,1470,8361,,,unavailable,CHEMBL4792_Ki,8e26372e94e75a38c60911859187afcef29109e7
