dataset,receptor_class,curl_trained,harm_trained,grad_trained,residual_trained,curl_shuffled,curl_floor,rho_curl,rho_dispersion,rho_difference,n_edges
CHEMBL1862_Ki,Kinase,0.020009987072026433,0.004331526514629125,0.9756584864133717,2.731148640577885e-14,0.021768234663120528,1.9611358011533048e-33,0.0954657087162986,0.11520060372040365,-0.019734895004105052,1188
CHEMBL1871_Ki,NR,0.024708888085825918,0.0025381743683738985,0.9727529375457995,-6.661338147750939e-16,0.025095475722469552,1.594286604001853e-33,0.08578967778361375,0.0870180424192804,-0.0012283646356666539,902
CHEMBL2034_Ki,NR,0.018603558839293058,0.00190053503778745,0.9794959061229178,-1.6653345369377348e-15,0.03056555357035577,1.5640740715130057e-33,0.05528991596098928,0.18956839403902823,-0.13427847807803894,966
CHEMBL2047_EC50,NR,0.03269044393311804,0.005981407397399446,0.9613281486695158,3.3306690738754696e-14,0.041016927775225046,1.657579138137218e-33,0.14269044927747448,0.04850609450732256,0.09418435477015193,830
CHEMBL204_Ki,Protease,0.034884523349510456,0.011376712248871757,0.9537387644016153,-2.55351295663786e-15,0.037844070986326014,1.725946297051917e-33,0.10794200107373796,0.25378723137401155,-0.14584523030027358,3674
CHEMBL2147_Ki,Kinase,0.020339727477228228,0.010094761290714911,0.9695655112320566,-2.220446049250313e-16,0.03158353295633983,1.4047780225345674e-33,0.12017937714836102,0.15670756754779963,-0.03652819039943861,2101
CHEMBL214_Ki,GPCR,0.025158877055782895,0.01635501908870149,0.9584861038555155,-1.1102230246251565e-16,0.0418213885389271,1.6185286900296042e-33,0.03945855624754852,0.18879218556378885,-0.14933362931624033,4513
CHEMBL218_EC50,GPCR,0.02255242002999427,0.007059928101439215,0.9703876518685652,-1.3322676295501878e-15,0.028583308304240947,1.8492083372366836e-33,0.03241719113002996,0.11988683979554571,-0.08746964866551575,1360
CHEMBL219_Ki,GPCR,0.031185067562858347,0.009257869339869433,0.9595570630972681,-4.218847493575595e-15,0.02680671630324976,1.8113973834978868e-33,0.0841208827557102,0.22931109500123725,-0.14519021224552706,2650
CHEMBL228_Ki,Other,0.02336536720153947,0.010066642128218315,0.9665679906702492,7.105427357601002e-15,0.025696415623683674,1.9288203833248075e-33,0.07258133616829782,0.08045087896553511,-0.007869542797237297,2315
CHEMBL231_Ki,GPCR,0.02776093324814651,0.008660428352062485,0.9635786383997912,2.220446049250313e-16,0.031337019770690866,1.7567193312999758e-33,0.025099465099465448,0.1776792678094316,-0.15257980270996616,1356
CHEMBL233_Ki,GPCR,0.027595509829670163,0.009741731709580665,0.9626627584607458,-3.3306690738754696e-15,0.03448446512051601,1.7287377338129698e-33,0.0595554875958717,0.2126312457752164,-0.15307575817934468,4306
CHEMBL234_Ki,GPCR,0.023489509073095813,0.010465403884588937,0.966045087042321,5.551115123125783e-15,0.026999876903634305,1.814925333940245e-33,0.09116158594558052,0.26964948739861905,-0.17848790145303853,5017
CHEMBL235_EC50,NR,0.03394506056178105,0.013091686053872039,0.9529632533843689,2.19824158875781e-14,0.03284158615324535,1.759328838748288e-33,0.08014910057040828,0.11708789297909696,-0.03693879240868868,3280
CHEMBL236_Ki,GPCR,0.02973985738291183,0.0040806316825963565,0.966179510934366,-1.2578826869003024e-13,0.04245359766512407,1.9008073001746818e-33,0.12776463580142208,0.2802678971270479,-0.15250326132562583,3504
CHEMBL237_EC50,GPCR,0.02604514585811776,0.005585657602305328,0.9683691965395755,-1.3322676295501878e-15,0.028938309693010422,1.8236424980538574e-33,0.09348081033444837,0.0722042274002195,0.021276582934228863,1286
CHEMBL237_Ki,GPCR,0.02017513917930675,0.008127048567136823,0.9716978122535336,-2.275957200481571e-14,0.022253321372174107,1.616859252935418e-33,0.0798700867522418,0.20883862601131878,-0.12896853925907698,3563
CHEMBL238_Ki,Other,0.02455090328544888,0.005812046040890223,0.969637050673661,0.0,0.02900625560462783,1.6237958953210548e-33,0.02005775301109462,0.11801412599579095,-0.09795637298469632,1492
CHEMBL239_EC50,NR,0.027321139677526064,0.010268316097286498,0.9624105442252041,1.6653345369377348e-14,0.029757585291570632,1.973216425366269e-33,0.0426909694328042,0.09693515341167072,-0.054244183978866524,2438
CHEMBL244_Ki,Protease,0.029256854410651664,0.008021111710451216,0.9627220338788733,-2.3869795029440866e-14,0.03266647084038202,1.5280314983423978e-33,0.08823442561871432,0.18288227396335954,-0.09464784834464522,4167
CHEMBL262_Ki,Kinase,0.021877289948112572,0.006383114252904503,0.9717395957989822,-7.771561172376096e-16,0.0249805994677258,1.8454794550237616e-33,-0.015204243383915095,0.09505577878636744,-0.11026002217028254,1151
CHEMBL264_Ki,GPCR,0.027677236032768456,0.012629854014921303,0.9596929099522696,-4.0523140398818214e-14,0.02200843699578148,1.743146679321998e-33,0.05277538372104188,0.1612505751975367,-0.10847519147649481,3887
CHEMBL2835_Ki,Kinase,0.020544666887849526,0.0008958136067172822,0.9785595195054331,-1.1102230246251565e-16,0.017864236442049816,1.678929504295779e-33,0.35351774029269634,0.4135030937816932,-0.05998535348899686,892
CHEMBL287_Ki,Other,0.023344667374077643,0.0070902662218114655,0.9695650664041138,2.886579864025407e-15,0.03443721886926182,1.581064154772825e-33,0.05777016329216394,0.11248310851458475,-0.05471294522242081,1912
CHEMBL2971_Ki,Kinase,0.027431894954757237,0.007372216122640452,0.9651958889226019,-3.3306690738754696e-16,0.026614425757516966,1.5026528137709878e-33,0.24076232163268482,0.45036522125166795,-0.20960289961898312,1371
CHEMBL3979_EC50,NR,0.02951724922502118,0.006757317249211629,0.963725433525779,1.176836406102666e-14,0.028155902447613963,1.791826487168806e-33,0.017366743674391033,0.059956376783804055,-0.04258963310941302,1576
CHEMBL4005_Ki,Transferase,0.019283839449657295,0.008800501726174864,0.9719156588241685,6.661338147750939e-16,0.025354574535697557,2.000232757702828e-33,0.13993162670390302,0.02869426051736598,0.11123736618653704,1286
CHEMBL4203_Ki,Kinase,0.03410379685619998,0.004681817596962862,0.9612143855468377,6.661338147750939e-16,0.0277383716663153,1.7810845065278007e-33,0.08384590418347006,0.1810863224409279,-0.09724041825745784,1084
CHEMBL4616_EC50,GPCR,0.02763547511507203,0.002944018375162558,0.9694205065097659,4.440892098500626e-16,0.03555779893227885,1.767628183033862e-33,0.025611530001889392,0.08085330728677122,-0.055241777284881825,929
CHEMBL4792_Ki,GPCR,0.022607344853624308,0.009662140703771653,0.9677305144426015,-2.55351295663786e-15,0.022032353360266183,1.339460664759937e-33,0.09234827561532155,0.11211989275999616,-0.01977161714467461,2025
