dataset,n_nodes,n_edges,n_components,n_triangles,triangles_sampled,dim_gradient,dim_cycle_space,dim_curl,dim_harmonic,harmonic_share_of_cycle,harmonic_over_gradient,triangles_per_edge,certified,method,spectral_gap,k_used,prereg
CHEMBL2835_Ki,615,4335,1,10485,False,614,3721,3572,149,0.04004299919376512,0.24267100977198697,2.4186851211072664,True,lanczos,0.016812570852801377,595,864ec5131b281d6cf3d48c481c897acd803d2e93
CHEMBL2047_EC50,631,4295,1,11425,False,630,3665,3555,110,0.030013642564802184,0.1746031746031746,2.660069848661234,True,lanczos,0.020196441614771875,586,864ec5131b281d6cf3d48c481c897acd803d2e93
CHEMBL1871_Ki,659,4326,2,10962,False,657,3669,3545,124,0.03379667484328155,0.1887366818873668,2.533980582524272,True,lanczos,0.03296702839272204,587,864ec5131b281d6cf3d48c481c897acd803d2e93
CHEMBL4616_EC50,682,4588,1,11513,False,681,3907,3738,169,0.043255694906577935,0.24816446402349487,2.509372275501308,True,lanczos,0.026466598535096215,625,864ec5131b281d6cf3d48c481c897acd803d2e93
CHEMBL4203_Ki,731,5209,1,8515,False,730,4479,3727,752,0.16789461933467292,1.0301369863013699,1.6346707621424457,True,lanczos,0.025577680519446585,1432,864ec5131b281d6cf3d48c481c897acd803d2e93
CHEMBL2034_Ki,750,4927,2,13654,False,748,4179,4114,65,0.015553960277578369,0.08689839572192513,2.771260401867262,True,lanczos,0.014135066039260144,668,864ec5131b281d6cf3d48c481c897acd803d2e93
CHEMBL1862_Ki,794,5707,1,11501,False,793,4914,4423,491,0.09991859991859992,0.6191677175283733,2.0152444366567375,True,lanczos,0.041672511391927694,786,864ec5131b281d6cf3d48c481c897acd803d2e93
CHEMBL262_Ki,856,6049,1,11901,False,855,5194,4483,711,0.13688871775125144,0.8315789473684211,1.9674326334931393,True,lanczos,0.0429348849262647,831,864ec5131b281d6cf3d48c481c897acd803d2e93
CHEMBL237_EC50,955,6500,2,16404,False,953,5547,5318,229,0.04128357670813052,0.2402938090241343,2.5236923076923077,True,lanczos,0.018735843600877183,887,864ec5131b281d6cf3d48c481c897acd803d2e93
CHEMBL4005_Ki,960,6358,6,14851,False,954,5404,5171,233,0.04311621021465581,0.24423480083857443,2.335797420572507,True,lanczos,0.02138778767602338,864,864ec5131b281d6cf3d48c481c897acd803d2e93
CHEMBL231_Ki,973,6714,1,15950,False,972,5742,5306,436,0.0759317311041449,0.448559670781893,2.3756330056598154,True,lanczos,0.06754657039613719,918,864ec5131b281d6cf3d48c481c897acd803d2e93
CHEMBL2971_Ki,976,6952,1,15406,False,975,5977,5500,477,0.0798059227036975,0.48923076923076925,2.2160529344073647,True,lanczos,0.027564047594426187,956,864ec5131b281d6cf3d48c481c897acd803d2e93
CHEMBL218_EC50,1031,6783,1,16056,False,1030,5753,5459,294,0.05110377194507214,0.2854368932038835,2.367094206103494,True,lanczos,0.061899216658120634,920,864ec5131b281d6cf3d48c481c897acd803d2e93
CHEMBL238_Ki,1052,7124,1,16644,False,1051,6073,5590,483,0.07953235633130248,0.45956232159847765,2.3363279056709714,True,lanczos,0.0855840830729504,971,864ec5131b281d6cf3d48c481c897acd803d2e93
CHEMBL3979_EC50,1125,7433,2,18876,False,1123,6310,6011,299,0.0473851030110935,0.26625111308993765,2.539486075608772,True,lanczos,0.024110389589685772,1009,864ec5131b281d6cf3d48c481c897acd803d2e93
CHEMBL287_Ki,1328,9197,2,20824,False,1326,7871,7288,583,0.07406936856816161,0.4396681749622926,2.264216592367076,True,lanczos,0.09269778998098889,1259,864ec5131b281d6cf3d48c481c897acd803d2e93
CHEMBL2147_Ki,1456,10415,1,21936,False,1455,8960,8014,946,0.10558035714285714,0.650171821305842,2.1061929908785406,True,lanczos,0.037968684725191854,1433,864ec5131b281d6cf3d48c481c897acd803d2e93
CHEMBL4792_Ki,1471,9831,1,21155,False,1470,8361,7808,553,0.06614041382609735,0.3761904761904762,2.1518665446038043,True,lanczos,0.03733844306190158,1337,864ec5131b281d6cf3d48c481c897acd803d2e93
CHEMBL228_Ki,1704,11354,1,27064,False,1703,9651,9060,591,0.06123717749456015,0.3470346447445684,2.38365333803065,True,lanczos,0.04105212799345758,1544,864ec5131b281d6cf3d48c481c897acd803d2e93
CHEMBL239_EC50,1721,11386,2,29287,False,1719,9667,9233,434,0.04489500362056481,0.2524723676556137,2.572193922360794,True,lanczos,0.03669498509425616,1546,864ec5131b281d6cf3d48c481c897acd803d2e93
CHEMBL219_Ki,1865,12600,1,28940,False,1864,10736,10002,734,0.06836810730253354,0.3937768240343348,2.2968253968253967,True,lanczos,0.03621150164487976,1717,864ec5131b281d6cf3d48c481c897acd803d2e93
CHEMBL235_EC50,2349,15323,3,39756,False,2346,12977,12411,566,0.04361562764891731,0.2412617220801364,2.5945310970436597,True,lanczos,0.022348228491107628,2076,864ec5131b281d6cf3d48c481c897acd803d2e93
CHEMBL236_Ki,2598,17568,4,43778,False,2594,14974,14349,625,0.041739014291438496,0.24094063222821896,2.4919171220400727,True,lanczos,0.054843692202143274,2395,864ec5131b281d6cf3d48c481c897acd803d2e93
CHEMBL237_Ki,2603,17630,2,43350,False,2601,15029,14300,729,0.04850622130547608,0.28027681660899656,2.458876914350539,True,lanczos,0.023634354512814718,2404,864ec5131b281d6cf3d48c481c897acd803d2e93
CHEMBL204_Ki,2754,18073,5,45828,False,2749,15324,14737,587,0.0383059253458627,0.21353219352491815,2.535716261827035,True,lanczos,0.022194014175950377,2451,864ec5131b281d6cf3d48c481c897acd803d2e93
CHEMBL264_Ki,2862,19142,2,45635,False,2860,16282,15486,796,0.048888342955410884,0.2783216783216783,2.3840246578204995,True,lanczos,0.03412981641587131,2605,864ec5131b281d6cf3d48c481c897acd803d2e93
CHEMBL244_Ki,3097,20700,8,54018,False,3089,17611,17049,562,0.03191187326103004,0.18193590158627387,2.6095652173913044,True,lanczos,0.027640535449001292,2817,864ec5131b281d6cf3d48c481c897acd803d2e93
CHEMBL233_Ki,3142,21135,2,51629,False,3140,17995,17120,875,0.0486246179494304,0.2786624203821656,2.4428199668795836,True,lanczos,0.047708298457720934,2879,864ec5131b281d6cf3d48c481c897acd803d2e93
CHEMBL214_Ki,3317,21861,1,49832,False,3316,18545,17300,1245,0.06713399838231329,0.37545235223160434,2.2794931613375415,True,lanczos,0.07557401873908917,2967,864ec5131b281d6cf3d48c481c897acd803d2e93
CHEMBL234_Ki,3657,25032,1,57661,False,3656,21376,19819,1557,0.07283869760479042,0.42587527352297594,2.303491530840524,True,lanczos,0.028771407755019785,3420,864ec5131b281d6cf3d48c481c897acd803d2e93
