dataset,cluster,construction,fingerprint,metric,k,n,assortativity,rho_shared_neighbour,decoupling,mean_degree,predicted_rel_mse,measured_rel_mse,error
CHEMBL217_Ki,CHEMBL217_Ki,ecfp4/tanimoto/k5,ecfp4,tanimoto,5,8205,0.6519809860232539,0.5816033514352698,0.07037763458798418,6.804875076173065,0.3613207091017079,0.3485855799053139,0.012735129196393968
CHEMBL217_Ki,CHEMBL217_Ki,ecfp4/tanimoto/k10,ecfp4,tanimoto,10,8205,0.5919193612358656,0.521661152491862,0.07025820874400368,13.494454600853139,0.38565631477094464,0.3749556437056668,0.010700671065277834
CHEMBL217_Ki,CHEMBL217_Ki,ecfp4/tanimoto/k20,ecfp4,tanimoto,20,8205,0.5138491776527544,0.4317689578011054,0.08208021985164898,27.024009750152345,0.4324821546055413,0.4224921832909431,0.009989971314598167
CHEMBL217_Ki,CHEMBL217_Ki,ecfp4/tanimoto/k30,ecfp4,tanimoto,30,8205,0.4637672425540252,0.3740244458273366,0.08974279672668856,40.69811090798294,0.46735581252504177,0.4700853511981131,-0.0027295386730713522
CHEMBL217_Ki,CHEMBL217_Ki,ecfp6/tanimoto/k10,ecfp6,tanimoto,10,8205,0.5883045218592033,0.5209454329633754,0.06735908889582798,13.489579524680073,0.3922418459486312,0.3750494144080372,0.017192431540594022
CHEMBL217_Ki,CHEMBL217_Ki,maccs/tanimoto/k10,maccs,tanimoto,10,8205,0.4796821552213142,0.4119600039273659,0.06772215129394826,13.764290067032297,0.5113996930920011,0.5090698123307983,0.002329880761202774
CHEMBL217_Ki,CHEMBL217_Ki,rdkit/tanimoto/k10,rdkit,tanimoto,10,8205,0.5533575597505394,0.486472533613112,0.06688502613742736,13.719439366240097,0.43111016075072217,0.45193019490356395,-0.020820034152841782
CHEMBL217_Ki,CHEMBL217_Ki,atompair/tanimoto/k10,atompair,tanimoto,10,8205,0.5651357053191449,0.4866071977862344,0.07852850753291052,13.532236441194394,0.40767506736932124,0.404668833696359,0.0030062336729622663
CHEMBL217_Ki,CHEMBL217_Ki,ecfp4/dice/k10,ecfp4,dice,10,8205,0.5919193612358656,0.521661152491862,0.07025820874400368,13.494454600853139,0.38565631477094464,0.3749556437056668,0.010700671065277834
CHEMBL217_Ki,CHEMBL217_Ki,ecfp4/cosine/k10,ecfp4,cosine,10,8205,0.5924710707872747,0.5210552661969561,0.0714158045903186,13.49981718464351,0.38400759800271134,0.37304267556842796,0.010964922434283375
CHEMBL205_Ki,CHEMBL205_Ki,ecfp4/tanimoto/k5,ecfp4,tanimoto,5,7636,0.6104113408840862,0.5180030326658981,0.09240830821818813,6.607386066003143,0.3935797443645461,0.3952078967559686,-0.0016281523914224993
CHEMBL205_Ki,CHEMBL205_Ki,ecfp4/tanimoto/k10,ecfp4,tanimoto,10,7636,0.5211174031053739,0.4149700129309445,0.10614739017442942,12.990570979570455,0.43123820542710223,0.4541828761611915,-0.02294467073408929
CHEMBL205_Ki,CHEMBL205_Ki,ecfp4/tanimoto/k20,ecfp4,tanimoto,20,7636,0.41102295203811806,0.29388555411203426,0.1171373979260838,26.327134625458356,0.5071453723301965,0.5436966887881546,-0.03655131645795806
CHEMBL205_Ki,CHEMBL205_Ki,ecfp4/tanimoto/k30,ecfp4,tanimoto,30,7636,0.34300962085240905,0.22648321198243765,0.1165264088699714,40.34861183865898,0.5662478632115384,0.5966643745877276,-0.03041651137618917
CHEMBL205_Ki,CHEMBL205_Ki,ecfp6/tanimoto/k10,ecfp6,tanimoto,10,7636,0.5195359804855267,0.41311977881784423,0.10641620166768251,13.0,0.4327358399650063,0.4598378024047225,-0.027101962439716187
CHEMBL205_Ki,CHEMBL205_Ki,maccs/tanimoto/k10,maccs,tanimoto,10,7636,0.4948253277394118,0.4197022140136205,0.07512311372579128,13.239392352016763,0.48808133713343493,0.5013965822053371,-0.013315245071902182
CHEMBL205_Ki,CHEMBL205_Ki,rdkit/tanimoto/k10,rdkit,tanimoto,10,7636,0.5052180859334906,0.42299658017824737,0.08222150575524323,13.239654269250916,0.4702607502934415,0.5123669676619897,-0.04210621736854825
CHEMBL205_Ki,CHEMBL205_Ki,atompair/tanimoto/k10,atompair,tanimoto,10,7636,0.5044506092200994,0.4067682449611042,0.09768236425899524,13.170770036668413,0.4571902020247951,0.4706143919356638,-0.013424189910868689
CHEMBL205_Ki,CHEMBL205_Ki,ecfp4/dice/k10,ecfp4,dice,10,7636,0.5211174031053739,0.4149700129309445,0.10614739017442942,12.990570979570455,0.43123820542710223,0.4541828761611915,-0.02294467073408929
CHEMBL205_Ki,CHEMBL205_Ki,ecfp4/cosine/k10,ecfp4,cosine,10,7636,0.5153805530906698,0.40530693431386833,0.11007361877680144,13.012310110005238,0.43401513470114206,0.45837033566473623,-0.02435520096359417
CHEMBL261_Ki,CHEMBL261_Ki,ecfp4/tanimoto/k5,ecfp4,tanimoto,5,7082,0.6145836322514043,0.5302179930306542,0.08436563922075013,6.602937023439706,0.3950071299217146,0.4245166275527775,-0.02950949763106292
CHEMBL261_Ki,CHEMBL261_Ki,ecfp4/tanimoto/k10,ecfp4,tanimoto,10,7082,0.5259616898123023,0.42876704814844563,0.09719464166385666,12.956791866704322,0.43396696370899646,0.45944835226650765,-0.025481388557511198
CHEMBL261_Ki,CHEMBL261_Ki,ecfp4/tanimoto/k20,ecfp4,tanimoto,20,7082,0.4050926795331342,0.29101675961791,0.1140759199152242,26.29370234397063,0.5162805625707461,0.5388578607910994,-0.02257729822035337
CHEMBL261_Ki,CHEMBL261_Ki,ecfp4/tanimoto/k30,ecfp4,tanimoto,30,7082,0.3228705217439235,0.21369606908660968,0.10917445265731382,40.29257271957074,0.5941651566292092,0.6011019805843907,-0.00693682395518147
CHEMBL261_Ki,CHEMBL261_Ki,ecfp6/tanimoto/k10,ecfp6,tanimoto,10,7082,0.5225901386744065,0.42112515379099685,0.10146498488340966,12.981926009601807,0.4338323610630843,0.4533186421763905,-0.019486281113306192
CHEMBL261_Ki,CHEMBL261_Ki,maccs/tanimoto/k10,maccs,tanimoto,10,7082,0.4855591287929728,0.39983735318448954,0.08572177560848326,13.207003671279299,0.488735360280095,0.5037515539203492,-0.015016193640254194
CHEMBL261_Ki,CHEMBL261_Ki,rdkit/tanimoto/k10,rdkit,tanimoto,10,7082,0.5209747652692391,0.4379648648179099,0.08300990045132922,13.217170290878283,0.45221884779764077,0.5072799292389408,-0.055061081441300064
CHEMBL261_Ki,CHEMBL261_Ki,atompair/tanimoto/k10,atompair,tanimoto,10,7082,0.4968217209617757,0.40121695860513923,0.09560476235663645,13.155040948884496,0.46745182082107406,0.505796906612117,-0.0383450857910429
CHEMBL261_Ki,CHEMBL261_Ki,ecfp4/dice/k10,ecfp4,dice,10,7082,0.5259616898123023,0.42876704814844563,0.09719464166385666,12.956791866704322,0.43396696370899646,0.45944835226650765,-0.025481388557511198
CHEMBL261_Ki,CHEMBL261_Ki,ecfp4/cosine/k10,ecfp4,cosine,10,7082,0.5199852207669116,0.41900882171568204,0.10097639905122952,12.982208415701779,0.4371374980102909,0.4658167662838509,-0.028679268273559988
CHEMBL3594_Ki,CHEMBL3594_Ki,ecfp4/tanimoto/k5,ecfp4,tanimoto,5,5779,0.5908315683886951,0.491811812921863,0.09901975546683212,6.620868662398339,0.4117863135601001,0.41424657277354815,-0.002460259213448057
CHEMBL3594_Ki,CHEMBL3594_Ki,ecfp4/tanimoto/k10,ecfp4,tanimoto,10,5779,0.5038326921820945,0.4039054920086403,0.09992720017345419,12.902232220107285,0.4558495584435873,0.468105886743773,-0.012256328300185693
CHEMBL3594_Ki,CHEMBL3594_Ki,ecfp4/tanimoto/k20,ecfp4,tanimoto,20,5779,0.3924094843640796,0.278570064495478,0.11383941986860158,25.985464613254887,0.5298225925425449,0.562829566536275,-0.03300697399373009
CHEMBL3594_Ki,CHEMBL3594_Ki,ecfp4/tanimoto/k30,ecfp4,tanimoto,30,5779,0.316170833767862,0.20446185272300124,0.11170898104486074,39.917978889081155,0.598638123429844,0.6359947436355583,-0.037356620205714286
CHEMBL3594_Ki,CHEMBL3594_Ki,ecfp6/tanimoto/k10,ecfp6,tanimoto,10,5779,0.5035587436360653,0.4022395061893683,0.10131923744669702,12.883197785083924,0.4548980682983008,0.4713256507579459,-0.016427582459645096
CHEMBL3594_Ki,CHEMBL3594_Ki,maccs/tanimoto/k10,maccs,tanimoto,10,5779,0.4691360153935721,0.3992131120666275,0.06992290332694456,13.256618792178578,0.5210197700728207,0.49762949655658695,0.023390273516233795
CHEMBL3594_Ki,CHEMBL3594_Ki,rdkit/tanimoto/k10,rdkit,tanimoto,10,5779,0.48684704107251436,0.40998042294157355,0.07686661813094081,13.091538328430524,0.49528829850238754,0.5199211796862306,-0.024632881183843103
CHEMBL3594_Ki,CHEMBL3594_Ki,atompair/tanimoto/k10,atompair,tanimoto,10,5779,0.49041071153516946,0.3991115094023712,0.09129920213279824,13.138605295033743,0.4783789353917953,0.5103298407844619,-0.03195090539266654
CHEMBL3594_Ki,CHEMBL3594_Ki,ecfp4/dice/k10,ecfp4,dice,10,5779,0.5038326921820945,0.4039054920086403,0.09992720017345419,12.902232220107285,0.4558495584435873,0.468105886743773,-0.012256328300185693
CHEMBL3594_Ki,CHEMBL3594_Ki,ecfp4/cosine/k10,ecfp4,cosine,10,5779,0.499622207388467,0.3970188754540127,0.10260333193445431,12.924035300224952,0.4580725731316774,0.4685909219360469,-0.010518348804369526
CHEMBL251_Ki,CHEMBL251_Ki,ecfp4/tanimoto/k5,ecfp4,tanimoto,5,5286,0.6927442509802896,0.6257640275374649,0.06698022344282473,6.824441922058267,0.3151227200693927,0.3035919795234116,0.011530740545981077
CHEMBL251_Ki,CHEMBL251_Ki,ecfp4/tanimoto/k10,ecfp4,tanimoto,10,5286,0.6441574510325299,0.5850943763525126,0.05906307468001726,13.34998108210367,0.3382700366522018,0.33905509827110414,-0.0007850616189023496
CHEMBL251_Ki,CHEMBL251_Ki,ecfp4/tanimoto/k20,ecfp4,tanimoto,20,5286,0.5810571242734338,0.5268696596094294,0.05418746466400437,26.614074914869466,0.38841192808209035,0.38619884500027934,0.002213083081811007
CHEMBL251_Ki,CHEMBL251_Ki,ecfp4/tanimoto/k30,ecfp4,tanimoto,30,5286,0.5407318986625211,0.48248427091818313,0.058247627744338004,40.10064320847522,0.4182709978958683,0.4067448885881515,0.011526109307716803
CHEMBL251_Ki,CHEMBL251_Ki,ecfp6/tanimoto/k10,ecfp6,tanimoto,10,5286,0.6425289846492549,0.5873097688451189,0.055219215804136024,13.393113885735906,0.34352082266209716,0.34255029489007915,0.0009705277720180039
CHEMBL251_Ki,CHEMBL251_Ki,maccs/tanimoto/k10,maccs,tanimoto,10,5286,0.5725168936851046,0.5102555573642386,0.062261336320866056,13.776012107453651,0.41419621425760544,0.4119774819656146,0.0022187322919908214
CHEMBL251_Ki,CHEMBL251_Ki,rdkit/tanimoto/k10,rdkit,tanimoto,10,5286,0.6389718145965608,0.5748018802058278,0.06416993439073304,13.770336738554672,0.3393780629921235,0.37229693150346194,-0.03291886851133846
CHEMBL251_Ki,CHEMBL251_Ki,atompair/tanimoto/k10,atompair,tanimoto,10,5286,0.6158394993668369,0.5416537647523437,0.07418573461449318,13.595157018539538,0.3558093895434358,0.36726968559460577,-0.011460296051169994
CHEMBL251_Ki,CHEMBL251_Ki,ecfp4/dice/k10,ecfp4,dice,10,5286,0.6441574510325299,0.5850943763525126,0.05906307468001726,13.34998108210367,0.3382700366522018,0.33905509827110414,-0.0007850616189023496
CHEMBL251_Ki,CHEMBL251_Ki,ecfp4/cosine/k10,ecfp4,cosine,10,5286,0.6436975755144172,0.5844318139332583,0.05926576158115893,13.36549375709421,0.338593481511098,0.33946138982562035,-0.0008679083145223254
CHEMBL224_Ki,CHEMBL224_Ki,ecfp4/tanimoto/k5,ecfp4,tanimoto,5,4653,0.6735532617067677,0.612746732544787,0.060806529161980705,6.785299806576402,0.34309086262229416,0.38721992767225116,-0.044129065049957006
CHEMBL224_Ki,CHEMBL224_Ki,ecfp4/tanimoto/k10,ecfp4,tanimoto,10,4653,0.6123069596232147,0.5594512512494793,0.05285570837373543,13.475607135181603,0.3788922068781022,0.4147542550622762,-0.03586204818417399
CHEMBL224_Ki,CHEMBL224_Ki,ecfp4/tanimoto/k20,ecfp4,tanimoto,20,4653,0.557950784088312,0.5035445030060519,0.05440628108226009,26.901783795400817,0.4124657096791253,0.45660044553103385,-0.044134735851908524
CHEMBL224_Ki,CHEMBL224_Ki,ecfp4/tanimoto/k30,ecfp4,tanimoto,30,4653,0.5212420097584759,0.46232203465987515,0.05891997509860075,40.15946701053084,0.43776061398759425,0.47486427071877985,-0.0371036567311856
CHEMBL224_Ki,CHEMBL224_Ki,ecfp6/tanimoto/k10,ecfp6,tanimoto,10,4653,0.6135837943080276,0.5604839488739619,0.05309984543406565,13.513002364066194,0.37726796537051066,0.4030265071671772,-0.025758541796666534
CHEMBL224_Ki,CHEMBL224_Ki,maccs/tanimoto/k10,maccs,tanimoto,10,4653,0.5748939577756363,0.5271237014955948,0.0477702562800415,13.838813668600903,0.4246234157947628,0.48166709774979255,-0.057043681955029735
CHEMBL224_Ki,CHEMBL224_Ki,rdkit/tanimoto/k10,rdkit,tanimoto,10,4653,0.6104307489600957,0.5555037091568251,0.05492703980327063,13.946271222866967,0.37909184032095133,0.416896337089544,-0.037804496768592655
CHEMBL224_Ki,CHEMBL224_Ki,atompair/tanimoto/k10,atompair,tanimoto,10,4653,0.6118528437097757,0.5533791575586072,0.058473686151168436,13.592520954223081,0.3743355543831952,0.40028983878493846,-0.025954284401743244
CHEMBL224_Ki,CHEMBL224_Ki,ecfp4/dice/k10,ecfp4,dice,10,4653,0.6123069596232147,0.5594512512494793,0.05285570837373543,13.475607135181603,0.3788922068781022,0.4147542550622762,-0.03586204818417399
CHEMBL224_Ki,CHEMBL224_Ki,ecfp4/cosine/k10,ecfp4,cosine,10,4653,0.6112265184077775,0.5587779579149362,0.0524485604928413,13.481194928003438,0.3804471253078876,0.41535381322652837,-0.034906687918640766
CHEMBL1628481_EC50,CHEMBL1628481_EC50,ecfp4/tanimoto/k5,ecfp4,tanimoto,5,3215,0.5102435342641545,0.4123528509554093,0.09789068330874517,6.9517884914463455,0.5093952122360186,0.512181250342694,-0.002786038106675437
CHEMBL1628481_EC50,CHEMBL1628481_EC50,ecfp4/tanimoto/k10,ecfp4,tanimoto,10,3215,0.4557569015426612,0.3728809302016927,0.08287597134096847,13.769828926905133,0.524079034096201,0.5620855361839813,-0.038006502087780225
CHEMBL1628481_EC50,CHEMBL1628481_EC50,ecfp4/tanimoto/k20,ecfp4,tanimoto,20,3215,0.39046573131741397,0.30815888417393167,0.0823068471434823,27.54339035769829,0.5618194773304072,0.6001027333296921,-0.03828325599928495
CHEMBL1628481_EC50,CHEMBL1628481_EC50,ecfp4/tanimoto/k30,ecfp4,tanimoto,30,3215,0.3485288855329927,0.269404678408097,0.0791242071248957,41.453188180404354,0.5967000847285083,0.6278478482440085,-0.031147763515500193
CHEMBL1628481_EC50,CHEMBL1628481_EC50,ecfp6/tanimoto/k10,ecfp6,tanimoto,10,3215,0.45266019613189656,0.37578466002316213,0.07687553610873443,13.720062208398133,0.532885801757053,0.5634447499805071,-0.030558948223454063
CHEMBL1628481_EC50,CHEMBL1628481_EC50,maccs/tanimoto/k10,maccs,tanimoto,10,3215,0.36183777097016895,0.2853893557583089,0.07644841521186002,14.242612752721618,0.6331748782421404,0.622948703327379,0.01022617491476141
CHEMBL1628481_EC50,CHEMBL1628481_EC50,rdkit/tanimoto/k10,rdkit,tanimoto,10,3215,0.46193254616892493,0.3976573253870724,0.06427522078185255,13.87620528771384,0.5340265005105153,0.5504043720433329,-0.016377871532817667
CHEMBL1628481_EC50,CHEMBL1628481_EC50,atompair/tanimoto/k10,atompair,tanimoto,10,3215,0.48125996378190233,0.4078691231794664,0.07339084060243595,13.77791601866252,0.5045622832977151,0.5150388523566359,-0.010476569058920804
CHEMBL1628481_EC50,CHEMBL1628481_EC50,ecfp4/dice/k10,ecfp4,dice,10,3215,0.4557569015426612,0.3728809302016927,0.08287597134096847,13.769828926905133,0.524079034096201,0.5620855361839813,-0.038006502087780225
CHEMBL1628481_EC50,CHEMBL1628481_EC50,ecfp4/cosine/k10,ecfp4,cosine,10,3215,0.4545186287337453,0.3706627989388357,0.08385582979490963,13.776671850699845,0.5245592615774616,0.5558008853106842,-0.03124162373322259
CHEMBL256_Ki,CHEMBL256_Ki,ecfp4/tanimoto/k5,ecfp4,tanimoto,5,4276,0.6726528089995053,0.6095075269885715,0.06314528201093383,6.715154349859682,0.34230040359184666,0.3601696397442084,-0.017869236152361745
CHEMBL256_Ki,CHEMBL256_Ki,ecfp4/tanimoto/k10,ecfp4,tanimoto,10,4276,0.6068571122491742,0.5389270095283147,0.06793010272085942,13.21936389148737,0.3713200840771351,0.38595185446717833,-0.014631770390043208
CHEMBL256_Ki,CHEMBL256_Ki,ecfp4/tanimoto/k20,ecfp4,tanimoto,20,4276,0.531530978290919,0.45488035928328574,0.07665061900763326,26.55472404115996,0.41907438473728353,0.45682447345952554,-0.037750088722242
CHEMBL256_Ki,CHEMBL256_Ki,ecfp4/tanimoto/k30,ecfp4,tanimoto,30,4276,0.47570674862728657,0.38961698273092127,0.0860897658963653,40.17680074836296,0.45854958605198415,0.5116938578343302,-0.05314427178234604
CHEMBL256_Ki,CHEMBL256_Ki,ecfp6/tanimoto/k10,ecfp6,tanimoto,10,4276,0.6031998352707868,0.5352019898510145,0.06799784541977227,13.278765201122544,0.3752821203243395,0.383419193064514,-0.0081370727401745
CHEMBL256_Ki,CHEMBL256_Ki,maccs/tanimoto/k10,maccs,tanimoto,10,4276,0.5306597122690386,0.45408064991411795,0.07657906235492068,13.608044901777362,0.447353160384629,0.49675603907067833,-0.04940287868604931
CHEMBL256_Ki,CHEMBL256_Ki,rdkit/tanimoto/k10,rdkit,tanimoto,10,4276,0.5991312165633067,0.5429387866159519,0.05619242994735485,13.522918615528532,0.39038247482774335,0.4637398705522917,-0.07335739572454836
CHEMBL256_Ki,CHEMBL256_Ki,atompair/tanimoto/k10,atompair,tanimoto,10,4276,0.6019648131178142,0.5206680279765008,0.08129678514131344,13.505144995322732,0.3646715989432223,0.4218270226017673,-0.05715542365854498
CHEMBL256_Ki,CHEMBL256_Ki,ecfp4/dice/k10,ecfp4,dice,10,4276,0.6068571122491742,0.5389270095283147,0.06793010272085942,13.21936389148737,0.3713200840771351,0.38595185446717833,-0.014631770390043208
CHEMBL256_Ki,CHEMBL256_Ki,ecfp4/cosine/k10,ecfp4,cosine,10,4276,0.6063336707137631,0.5385324764325384,0.06780119428122466,13.21936389148737,0.3720118873617586,0.3868438488647424,-0.01483196150298377
CHEMBL3242_Ki,CHEMBL3242_Ki,ecfp4/tanimoto/k5,ecfp4,tanimoto,5,4624,0.604907095389583,0.529642907918521,0.075264187471062,6.570934256055363,0.41390013555565086,0.412309415229529,0.0015907203261218417
CHEMBL3242_Ki,CHEMBL3242_Ki,ecfp4/tanimoto/k10,ecfp4,tanimoto,10,4624,0.5236780952596303,0.4290771122469711,0.09460098301265918,12.77984429065744,0.4388132105030136,0.4647738707961197,-0.02596066029310612
CHEMBL3242_Ki,CHEMBL3242_Ki,ecfp4/tanimoto/k20,ecfp4,tanimoto,20,4624,0.4071813749350565,0.29257634488485695,0.11460503005019956,25.893166089965398,0.513584777770501,0.5499624266766044,-0.0363776489061034
CHEMBL3242_Ki,CHEMBL3242_Ki,ecfp4/tanimoto/k30,ecfp4,tanimoto,30,4624,0.323405523788568,0.21574408930842676,0.10766143448014126,39.90181660899654,0.59507490542101,0.6162507946234129,-0.021175889202402876
CHEMBL3242_Ki,CHEMBL3242_Ki,ecfp6/tanimoto/k10,ecfp6,tanimoto,10,4624,0.5249912158445869,0.4277825056026515,0.09720871024193534,12.759083044982699,0.4350218233532128,0.4598187845904704,-0.024796961237257553
CHEMBL3242_Ki,CHEMBL3242_Ki,maccs/tanimoto/k10,maccs,tanimoto,10,4624,0.4948780962439141,0.41959613408598845,0.07528196215792565,13.17257785467128,0.4878803281895614,0.49716420484065804,-0.009283876651096645
CHEMBL3242_Ki,CHEMBL3242_Ki,rdkit/tanimoto/k10,rdkit,tanimoto,10,4624,0.4985225063832853,0.4126602581264337,0.08586224825685163,13.008650519031141,0.47434921954721987,0.5017923303062058,-0.027443110758985978
CHEMBL3242_Ki,CHEMBL3242_Ki,atompair/tanimoto/k10,atompair,tanimoto,10,4624,0.49967120049637903,0.4064980407572271,0.09317315973915191,13.103806228373703,0.4665058356887464,0.4870842323344402,-0.02057839664569383
CHEMBL3242_Ki,CHEMBL3242_Ki,ecfp4/dice/k10,ecfp4,dice,10,4624,0.5236780952596303,0.4290771122469711,0.09460098301265918,12.77984429065744,0.4388132105030136,0.4647738707961197,-0.02596066029310612
CHEMBL3242_Ki,CHEMBL3242_Ki,ecfp4/cosine/k10,ecfp4,cosine,10,4624,0.5203539899115776,0.4233172929157497,0.09703669699582784,12.798875432525952,0.4402775838010198,0.46587289005864047,-0.025595306257620687
CHEMBL226_Ki,CHEMBL226_Ki,ecfp4/tanimoto/k5,ecfp4,tanimoto,5,4386,0.5652154483740057,0.4831913274695105,0.08202412090449523,6.746466028271774,0.45612216522759685,0.43265508356746907,0.023467081660127787
CHEMBL226_Ki,CHEMBL226_Ki,ecfp4/tanimoto/k10,ecfp4,tanimoto,10,4386,0.4999240680042367,0.4156491088948058,0.08427495910943095,13.211126310989512,0.474236061996852,0.4709237055675966,0.0033123564292553698
CHEMBL226_Ki,CHEMBL226_Ki,ecfp4/tanimoto/k20,ecfp4,tanimoto,20,4386,0.3951163609949304,0.3094656278004716,0.08565073319445882,26.233926128590973,0.5537596244205871,0.5744619787549915,-0.02070235433440437
CHEMBL226_Ki,CHEMBL226_Ki,ecfp4/tanimoto/k30,ecfp4,tanimoto,30,4386,0.33011187502959205,0.24824937047540618,0.08186250455418587,39.50889192886457,0.6130839747337087,0.6269358308688066,-0.013851856135097873
CHEMBL226_Ki,CHEMBL226_Ki,ecfp6/tanimoto/k10,ecfp6,tanimoto,10,4386,0.497027320008567,0.4153650950158812,0.08166222499268577,13.218422252621979,0.47977394549715924,0.4835158753275728,-0.0037419298304135484
CHEMBL226_Ki,CHEMBL226_Ki,maccs/tanimoto/k10,maccs,tanimoto,10,4386,0.4356315127115928,0.35592908067154494,0.07970243204004784,13.51983584131327,0.549073147181205,0.5495354628309286,-0.00046231564972354366
CHEMBL226_Ki,CHEMBL226_Ki,rdkit/tanimoto/k10,rdkit,tanimoto,10,4386,0.48395960556091827,0.3959240536454218,0.08803555191549645,13.471956224350205,0.48841243715904314,0.5076436873042103,-0.019231250145167134
CHEMBL226_Ki,CHEMBL226_Ki,atompair/tanimoto/k10,atompair,tanimoto,10,4386,0.5006023288978193,0.4136824072562266,0.08691992164159268,13.423164614683083,0.4711095087349655,0.434768694492259,0.036340814242706465
CHEMBL226_Ki,CHEMBL226_Ki,ecfp4/dice/k10,ecfp4,dice,10,4386,0.4999240680042367,0.4156491088948058,0.08427495910943095,13.211126310989512,0.474236061996852,0.4709237055675966,0.0033123564292553698
CHEMBL226_Ki,CHEMBL226_Ki,ecfp4/cosine/k10,ecfp4,cosine,10,4386,0.49793399310967146,0.414250576847321,0.08368341626235049,13.224806201550388,0.47695753294324605,0.4728667312363901,0.00409080170685594
CHEMBL253_Ki,CHEMBL253_Ki,ecfp4/tanimoto/k5,ecfp4,tanimoto,5,4063,0.6234852264947979,0.5515226736301501,0.07196255286464781,6.881614570514398,0.3942476859145243,0.4413251657742591,-0.047077479859734817
CHEMBL253_Ki,CHEMBL253_Ki,ecfp4/tanimoto/k10,ecfp4,tanimoto,10,4063,0.5596806317821306,0.49211812789606885,0.06756250388606172,13.44622200344573,0.423545051542201,0.4933420365325865,-0.0697969849903855
CHEMBL253_Ki,CHEMBL253_Ki,ecfp4/tanimoto/k20,ecfp4,tanimoto,20,4063,0.48029561362280776,0.41427473036285745,0.06602088325995031,26.773812453851832,0.4829697665990992,0.5521544310724548,-0.06918466447335558
CHEMBL253_Ki,CHEMBL253_Ki,ecfp4/tanimoto/k30,ecfp4,tanimoto,30,4063,0.431535146022367,0.370566120213205,0.06096902580916197,40.10878661087866,0.5284769574946977,0.5995147639515584,-0.07103780645686075
CHEMBL253_Ki,CHEMBL253_Ki,ecfp6/tanimoto/k10,ecfp6,tanimoto,10,4063,0.5587618667626317,0.4982938833653103,0.060467983397321456,13.340881122323406,0.4309407615035159,0.5034490993971527,-0.07250833789363675
CHEMBL253_Ki,CHEMBL253_Ki,maccs/tanimoto/k10,maccs,tanimoto,10,4063,0.48376228555443873,0.42027554180849924,0.06348674374593949,13.74009352695053,0.5107234165187721,0.5628395872304153,-0.052116170711643206
CHEMBL253_Ki,CHEMBL253_Ki,rdkit/tanimoto/k10,rdkit,tanimoto,10,4063,0.5299198077416422,0.48207199441183296,0.0478478133298092,13.849864632045287,0.47402517948736533,0.5550898417788236,-0.08106466229145826
CHEMBL253_Ki,CHEMBL253_Ki,atompair/tanimoto/k10,atompair,tanimoto,10,4063,0.5415013561000674,0.4721560317287249,0.06934532437134255,13.664779719419148,0.44193771635571766,0.5250992684049429,-0.08316155204922526
CHEMBL253_Ki,CHEMBL253_Ki,ecfp4/dice/k10,ecfp4,dice,10,4063,0.5596806317821306,0.49211812789606885,0.06756250388606172,13.44622200344573,0.423545051542201,0.4933420365325865,-0.0697969849903855
CHEMBL253_Ki,CHEMBL253_Ki,ecfp4/cosine/k10,ecfp4,cosine,10,4063,0.5602704228779087,0.4915014911582948,0.06876893171961396,13.457051439822791,0.421810496286648,0.4917620552327249,-0.06995155894607691
CHEMBL3371_Ki,CHEMBL3371_Ki,ecfp4/tanimoto/k5,ecfp4,tanimoto,5,3904,0.6564425374184709,0.5762918336734293,0.08015070374504163,6.785348360655738,0.3481483921018016,0.3601205143784416,-0.011972122276640018
CHEMBL3371_Ki,CHEMBL3371_Ki,ecfp4/tanimoto/k10,ecfp4,tanimoto,10,3904,0.5975902209263451,0.5203195299626453,0.07727069096369976,13.425204918032787,0.37310713511369076,0.3900905305388083,-0.016983395425117565
CHEMBL3371_Ki,CHEMBL3371_Ki,ecfp4/tanimoto/k20,ecfp4,tanimoto,20,3904,0.5240960539218241,0.45031491392948014,0.07378113999234398,26.710040983606557,0.42960706038935803,0.4325866057056383,-0.002979545316280252
CHEMBL3371_Ki,CHEMBL3371_Ki,ecfp4/tanimoto/k30,ecfp4,tanimoto,30,3904,0.4770754470681223,0.39607469943056556,0.08100074763755677,40.14856557377049,0.4620546486466355,0.47103326255568145,-0.008978613909045974
CHEMBL3371_Ki,CHEMBL3371_Ki,ecfp6/tanimoto/k10,ecfp6,tanimoto,10,3904,0.5910475473311209,0.514125463152077,0.07692208417904389,13.408811475409836,0.3806178221746277,0.4126625504800263,-0.03204472830539862
CHEMBL3371_Ki,CHEMBL3371_Ki,maccs/tanimoto/k10,maccs,tanimoto,10,3904,0.5588666369823908,0.5078392554955717,0.05102738148681907,13.673155737704919,0.439322055981233,0.40882023694402764,0.030501819037205335
CHEMBL3371_Ki,CHEMBL3371_Ki,rdkit/tanimoto/k10,rdkit,tanimoto,10,3904,0.5481136060895799,0.4832809907767534,0.06483261531282652,13.859631147540984,0.43872567951991837,0.4517910031807845,-0.013065323660866157
CHEMBL3371_Ki,CHEMBL3371_Ki,atompair/tanimoto/k10,atompair,tanimoto,10,3904,0.5987492560959556,0.522772352467823,0.07597690362813259,13.499487704918034,0.37299660502912957,0.37899647552400506,-0.005999870494875492
CHEMBL3371_Ki,CHEMBL3371_Ki,ecfp4/dice/k10,ecfp4,dice,10,3904,0.5975902209263451,0.5203195299626453,0.07727069096369976,13.425204918032787,0.37310713511369076,0.3900905305388083,-0.016983395425117565
CHEMBL3371_Ki,CHEMBL3371_Ki,ecfp4/cosine/k10,ecfp4,cosine,10,3904,0.5962841451955274,0.5178884075203544,0.07839573767517305,13.440573770491802,0.37353127637726424,0.38814385644259375,-0.014612580065329506
CHEMBL5113_Ki,CHEMBL5113_Ki,ecfp4/tanimoto/k5,ecfp4,tanimoto,5,2272,0.6981080281117399,0.63170108471542,0.06640694339631992,6.861795774647887,0.3091448115488562,0.31233378078105145,-0.003188969232195249
CHEMBL5113_Ki,CHEMBL5113_Ki,ecfp4/tanimoto/k10,ecfp4,tanimoto,10,2272,0.6532916178717078,0.6015765444984177,0.051715073373290066,13.461267605633802,0.3348356543051605,0.34223579942759197,-0.0074001451224314785
CHEMBL5113_Ki,CHEMBL5113_Ki,ecfp4/tanimoto/k20,ecfp4,tanimoto,20,2272,0.6095072732708612,0.5566578717035054,0.052849401567355736,26.379401408450704,0.35981043157660797,0.4036612373239172,-0.04385080574730921
CHEMBL5113_Ki,CHEMBL5113_Ki,ecfp4/tanimoto/k30,ecfp4,tanimoto,30,2272,0.5682768587826375,0.5107918094341103,0.05748504934852716,39.87147887323944,0.39054503155436526,0.44940632159173627,-0.058861290037371006
CHEMBL5113_Ki,CHEMBL5113_Ki,ecfp6/tanimoto/k10,ecfp6,tanimoto,10,2272,0.6468041099606305,0.5926857023108645,0.054118407649766054,13.383802816901408,0.33980891215851705,0.34609147316586775,-0.0062825610073506954
CHEMBL5113_Ki,CHEMBL5113_Ki,maccs/tanimoto/k10,maccs,tanimoto,10,2272,0.5705060439780105,0.5376634862852894,0.03284255769272115,14.00968309859155,0.4428850497007395,0.4586013050863639,-0.015716255385624378
CHEMBL5113_Ki,CHEMBL5113_Ki,rdkit/tanimoto/k10,rdkit,tanimoto,10,2272,0.5965285576957461,0.5664000297737121,0.03012852792203402,13.8125,0.41670291140484883,0.4318408525197058,-0.015137941114856945
CHEMBL5113_Ki,CHEMBL5113_Ki,atompair/tanimoto/k10,atompair,tanimoto,10,2272,0.6639815462233026,0.6164618534512525,0.04751969277205015,13.730633802816902,0.3268525756595222,0.33079739381187084,-0.00394481815234865
CHEMBL5113_Ki,CHEMBL5113_Ki,ecfp4/dice/k10,ecfp4,dice,10,2272,0.6532916178717078,0.6015765444984177,0.051715073373290066,13.461267605633802,0.3348356543051605,0.34223579942759197,-0.0074001451224314785
CHEMBL5113_Ki,CHEMBL5113_Ki,ecfp4/cosine/k10,ecfp4,cosine,10,2272,0.650411045804752,0.5981166528890157,0.05229439291573623,13.46919014084507,0.33748289599061043,0.3410522065936278,-0.0035693106030173505
CHEMBL2292_EC50,CHEMBL2292_EC50,ecfp4/tanimoto/k5,ecfp4,tanimoto,5,1857,0.49184453709906156,0.3703473715679779,0.12149716553108364,6.845449649973075,0.5125888230562593,0.5841450084528386,-0.07155618539657926
CHEMBL2292_EC50,CHEMBL2292_EC50,ecfp4/tanimoto/k10,ecfp4,tanimoto,10,1857,0.4345197124246565,0.33943481601565895,0.09508489640899753,13.518578352180937,0.5364519095647802,0.5751181846063433,-0.03866627504156317
CHEMBL2292_EC50,CHEMBL2292_EC50,ecfp4/tanimoto/k20,ecfp4,tanimoto,20,1857,0.36287882416094464,0.2729830191033151,0.08989580505762951,26.703284868066774,0.5835762198262602,0.6434749332075675,-0.05989871338130737
CHEMBL2292_EC50,CHEMBL2292_EC50,ecfp4/tanimoto/k30,ecfp4,tanimoto,30,1857,0.3149125728628872,0.2376037192267419,0.07730885363614531,40.0,0.6331917828600762,0.6816356519922162,-0.04844386913214005
CHEMBL2292_EC50,CHEMBL2292_EC50,ecfp6/tanimoto/k10,ecfp6,tanimoto,10,1857,0.44103467632813403,0.3480853822378883,0.09294929409024572,13.508885298869144,0.5312074913578316,0.5782578210392001,-0.047050329681368463
CHEMBL2292_EC50,CHEMBL2292_EC50,maccs/tanimoto/k10,maccs,tanimoto,10,1857,0.30341228839513196,0.23128420127564744,0.07212808711948451,13.789983844911147,0.7013312043578189,0.6809171094126415,0.02041409494517743
CHEMBL2292_EC50,CHEMBL2292_EC50,rdkit/tanimoto/k10,rdkit,tanimoto,10,1857,0.39180924608221757,0.3248777712054394,0.06693147487677814,13.723209477652127,0.6087715019204605,0.6491498561271657,-0.040378354206705214
CHEMBL2292_EC50,CHEMBL2292_EC50,atompair/tanimoto/k10,atompair,tanimoto,10,1857,0.4035006487436634,0.3244418463288402,0.07905880241482321,13.533656435110393,0.5849963642086293,0.6006327287522177,-0.01563636454358841
CHEMBL2292_EC50,CHEMBL2292_EC50,ecfp4/dice/k10,ecfp4,dice,10,1857,0.4345197124246565,0.33943481601565895,0.09508489640899753,13.518578352180937,0.5364519095647802,0.5751181846063433,-0.03866627504156317
CHEMBL2292_EC50,CHEMBL2292_EC50,ecfp4/cosine/k10,ecfp4,cosine,10,1857,0.4340322146082203,0.3383435158448386,0.09568869876338165,13.521809369951535,0.5364447350439143,0.5748406469921697,-0.03839591194825542
CHEMBL1163125_Ki,CHEMBL1163125_Ki,ecfp4/tanimoto/k5,ecfp4,tanimoto,5,1296,0.7446960057002834,0.669541036653524,0.07515496904675933,6.952160493827161,0.2462408179222524,0.2876873884396239,-0.041446570517371495
CHEMBL1163125_Ki,CHEMBL1163125_Ki,ecfp4/tanimoto/k10,ecfp4,tanimoto,10,1296,0.6768655698724421,0.5891765370429206,0.08768903282952145,13.510802469135802,0.27652774359374455,0.31812275312865795,-0.04159500953491341
CHEMBL1163125_Ki,CHEMBL1163125_Ki,ecfp4/tanimoto/k20,ecfp4,tanimoto,20,1296,0.5979373249372241,0.5165569643371803,0.08138036060004372,26.59259259259259,0.34485446624587324,0.3803555563771892,-0.03550109013131597
CHEMBL1163125_Ki,CHEMBL1163125_Ki,ecfp4/tanimoto/k30,ecfp4,tanimoto,30,1296,0.5397223414063518,0.4416695767113537,0.09805276469499807,39.84413580246913,0.3808359080082717,0.43368732541969535,-0.05285141741142363
CHEMBL1163125_Ki,CHEMBL1163125_Ki,ecfp6/tanimoto/k10,ecfp6,tanimoto,10,1296,0.6737283411288097,0.5881636458990016,0.08556469522980814,13.530864197530864,0.28189059905148195,0.32852090610494145,-0.0466303070534595
CHEMBL1163125_Ki,CHEMBL1163125_Ki,maccs/tanimoto/k10,maccs,tanimoto,10,1296,0.6451792403706266,0.5958733286562841,0.04930591171434251,13.742283950617283,0.34592751504940256,0.3633017843522301,-0.01737426930282754
CHEMBL1163125_Ki,CHEMBL1163125_Ki,rdkit/tanimoto/k10,rdkit,tanimoto,10,1296,0.6789142255930155,0.6261566820063519,0.052757543586663624,14.00925925925926,0.30571256261968593,0.32321980043873344,-0.017507237819047505
CHEMBL1163125_Ki,CHEMBL1163125_Ki,atompair/tanimoto/k10,atompair,tanimoto,10,1296,0.6811560106737492,0.6087231909242709,0.07243281974947835,13.62962962962963,0.28553885048434546,0.3487085165686189,-0.06316966608427343
CHEMBL1163125_Ki,CHEMBL1163125_Ki,ecfp4/dice/k10,ecfp4,dice,10,1296,0.6768655698724421,0.5891765370429206,0.08768903282952145,13.510802469135802,0.27652774359374455,0.31812275312865795,-0.04159500953491341
CHEMBL1163125_Ki,CHEMBL1163125_Ki,ecfp4/cosine/k10,ecfp4,cosine,10,1296,0.6749096986277682,0.5877718614350567,0.08713783719271151,13.530864197530864,0.27917527803601483,0.319294577964372,-0.040119299928357166
CHEMBL3155_Ki,CHEMBL3155_Ki,ecfp4/tanimoto/k5,ecfp4,tanimoto,5,2657,0.6108937852148912,0.5265816438837339,0.08431214133115739,6.736921339856981,0.39947774467720465,0.3533833847993986,0.046094359877806024
CHEMBL3155_Ki,CHEMBL3155_Ki,ecfp4/tanimoto/k10,ecfp4,tanimoto,10,2657,0.5357174946520892,0.44983482061930274,0.08588267403278643,13.314264207753105,0.43341634925319417,0.3864336800166968,0.046982669236497354
CHEMBL3155_Ki,CHEMBL3155_Ki,ecfp4/tanimoto/k20,ecfp4,tanimoto,20,2657,0.4406924144413175,0.3602411004308303,0.08045131401048722,26.861121565675575,0.5108442165266537,0.4651178765193472,0.045726340007306465
CHEMBL3155_Ki,CHEMBL3155_Ki,ecfp4/tanimoto/k30,ecfp4,tanimoto,30,2657,0.3869548056911332,0.3058650119896822,0.08108979370145103,40.12420022581859,0.5550932335410931,0.5374195154721831,0.017673718068909938
CHEMBL3155_Ki,CHEMBL3155_Ki,ecfp6/tanimoto/k10,ecfp6,tanimoto,10,2657,0.5283224588851053,0.44298812914246943,0.08533432974263588,13.29770417764396,0.442044398458012,0.3833776292749774,0.058666769183034595
CHEMBL3155_Ki,CHEMBL3155_Ki,maccs/tanimoto/k10,maccs,tanimoto,10,2657,0.44332259873509366,0.3692152768592752,0.07410732187581848,13.573955589010161,0.5456485517031605,0.49766141923681784,0.047987132466342675
CHEMBL3155_Ki,CHEMBL3155_Ki,rdkit/tanimoto/k10,rdkit,tanimoto,10,2657,0.5257159693956059,0.47022053518894463,0.05549543420666131,13.598042905532555,0.47176654287883846,0.41353233613155,0.058234206747288464
CHEMBL3155_Ki,CHEMBL3155_Ki,atompair/tanimoto/k10,atompair,tanimoto,10,2657,0.5270887816452448,0.4586040845226247,0.06848469712262006,13.364697026721867,0.4585661127798728,0.45083482314684475,0.007731289633028049
CHEMBL3155_Ki,CHEMBL3155_Ki,ecfp4/dice/k10,ecfp4,dice,10,2657,0.5357174946520892,0.44983482061930274,0.08588267403278643,13.314264207753105,0.43341634925319417,0.3864336800166968,0.046982669236497354
CHEMBL3155_Ki,CHEMBL3155_Ki,ecfp4/cosine/k10,ecfp4,cosine,10,2657,0.5338123617474259,0.44807054533130775,0.08574181641611811,13.315769665035754,0.4356387673033253,0.3888279219396008,0.046810845363724485
CHEMBL225_Ki,CHEMBL225_Ki,ecfp4/tanimoto/k5,ecfp4,tanimoto,5,2584,0.5865166834307678,0.5143916403928548,0.072125043037913,6.8506191950464395,0.43847994545274815,0.4253921841528207,0.013087761299927447
CHEMBL225_Ki,CHEMBL225_Ki,ecfp4/tanimoto/k10,ecfp4,tanimoto,10,2584,0.509857174176103,0.44436364101446857,0.06549353316163442,13.51780185758514,0.4802129285608159,0.4623536649957237,0.017859263565092154
CHEMBL225_Ki,CHEMBL225_Ki,ecfp4/tanimoto/k20,ecfp4,tanimoto,20,2584,0.4390049425166495,0.37987123715551624,0.05913370536113327,26.58049535603715,0.5328677902644415,0.513563794427189,0.019303995837252508
CHEMBL225_Ki,CHEMBL225_Ki,ecfp4/tanimoto/k30,ecfp4,tanimoto,30,2584,0.3957242322644512,0.33279901907138904,0.06292521319306216,39.6625386996904,0.5635905872401072,0.5322497320909665,0.031340855149140756
CHEMBL225_Ki,CHEMBL225_Ki,ecfp6/tanimoto/k10,ecfp6,tanimoto,10,2584,0.5080350344341239,0.44228611683937036,0.06574891759475354,13.467492260061919,0.48198743628718566,0.47210838446338665,0.009879051823799001
CHEMBL225_Ki,CHEMBL225_Ki,maccs/tanimoto/k10,maccs,tanimoto,10,2584,0.4918946854699758,0.4365610307550599,0.05533365471491586,13.823529411764707,0.5091155567396025,0.4929069898956237,0.01620856684397881
CHEMBL225_Ki,CHEMBL225_Ki,rdkit/tanimoto/k10,rdkit,tanimoto,10,2584,0.4869464354166983,0.38944233590469834,0.09750409951199995,13.8328173374613,0.4766052314808321,0.47838196020871043,-0.0017767287278783184
CHEMBL225_Ki,CHEMBL225_Ki,atompair/tanimoto/k10,atompair,tanimoto,10,2584,0.4912658093381054,0.4182757732589178,0.07299003607918758,13.698916408668731,0.4939165772568155,0.47449856825746906,0.019418008999346426
CHEMBL225_Ki,CHEMBL225_Ki,ecfp4/dice/k10,ecfp4,dice,10,2584,0.509857174176103,0.44436364101446857,0.06549353316163442,13.51780185758514,0.4802129285608159,0.4623536649957237,0.017859263565092154
CHEMBL225_Ki,CHEMBL225_Ki,ecfp4/cosine/k10,ecfp4,cosine,10,2584,0.5085709902563822,0.44209482622125906,0.06647616403512313,13.528637770897832,0.4807433630863689,0.46330030565882835,0.017443057427540543
CHEMBL4422_EC50,CHEMBL4422_EC50,ecfp4/tanimoto/k5,ecfp4,tanimoto,5,2272,0.5976783558974657,0.5355347160130232,0.06214363988444249,6.977992957746479,0.4330710610154873,0.4833952917124207,-0.05032423069693337
CHEMBL4422_EC50,CHEMBL4422_EC50,ecfp4/tanimoto/k10,ecfp4,tanimoto,10,2272,0.5450224130458442,0.4828083609700269,0.06221405207581732,13.601232394366198,0.44448269878133595,0.49221292533803856,-0.047730226556702615
CHEMBL4422_EC50,CHEMBL4422_EC50,ecfp4/tanimoto/k20,ecfp4,tanimoto,20,2272,0.4871306669872589,0.4240041278569982,0.06312653913026067,26.525528169014084,0.47854258748963063,0.5084576771776976,-0.029915089688066998
CHEMBL4422_EC50,CHEMBL4422_EC50,ecfp4/tanimoto/k30,ecfp4,tanimoto,30,2272,0.44419063737212255,0.36675129993196903,0.07743933744015352,39.65228873239437,0.49947831518999164,0.5351647168233524,-0.03568640163336079
CHEMBL4422_EC50,CHEMBL4422_EC50,ecfp6/tanimoto/k10,ecfp6,tanimoto,10,2272,0.5443424334229526,0.4831630089076528,0.06117942451529984,13.585387323943662,0.44616184117098245,0.5002068425256009,-0.05404500135461843
CHEMBL4422_EC50,CHEMBL4422_EC50,maccs/tanimoto/k10,maccs,tanimoto,10,2272,0.47175817617272564,0.4091011097171434,0.06265706645558222,13.413732394366198,0.5246746463999779,0.5744207085613358,-0.04974606216135791
CHEMBL4422_EC50,CHEMBL4422_EC50,rdkit/tanimoto/k10,rdkit,tanimoto,10,2272,0.5271996800027473,0.4868047832396011,0.040394896763146226,14.04137323943662,0.4837249449101464,0.4941184556063114,-0.01039351069616501
CHEMBL4422_EC50,CHEMBL4422_EC50,atompair/tanimoto/k10,atompair,tanimoto,10,2272,0.5461999750473872,0.4713181562938257,0.07488181875356148,13.51056338028169,0.43178639056966883,0.44747505941658383,-0.015688668846915
CHEMBL4422_EC50,CHEMBL4422_EC50,ecfp4/dice/k10,ecfp4,dice,10,2272,0.5450224130458442,0.4828083609700269,0.06221405207581732,13.601232394366198,0.44448269878133595,0.49221292533803856,-0.047730226556702615
CHEMBL4422_EC50,CHEMBL4422_EC50,ecfp4/cosine/k10,ecfp4,cosine,10,2272,0.5467673885484501,0.4833218307564708,0.0634455577919793,13.623239436619718,0.44145487058392363,0.48885307854718985,-0.047398207963266215
CHEMBL614358_EC50,CHEMBL614358_EC50,ecfp4/tanimoto/k5,ecfp4,tanimoto,5,1243,0.1533438201853917,0.11845485544769566,0.03488896473769604,7.145615446500402,0.9880762439873731,1.0311570513092112,-0.043080807321838055
CHEMBL614358_EC50,CHEMBL614358_EC50,ecfp4/tanimoto/k10,ecfp4,tanimoto,10,1243,0.11322103326456127,0.07608092924385856,0.03714010402070271,14.242960579243766,0.9420307697903502,1.0017806988294278,-0.05974992903907761
CHEMBL614358_EC50,CHEMBL614358_EC50,ecfp4/tanimoto/k20,ecfp4,tanimoto,20,1243,0.07901036803917506,0.0491014256652066,0.02990894237396846,28.091713596138376,0.9386256183035961,0.9412723724335708,-0.0026467541299746156
CHEMBL614358_EC50,CHEMBL614358_EC50,ecfp4/tanimoto/k30,ecfp4,tanimoto,30,1243,0.06069537675038202,0.033797178874477043,0.02689819787590498,41.77473853580048,0.9446131860778973,0.9496290801486619,-0.005015894070764526
CHEMBL614358_EC50,CHEMBL614358_EC50,ecfp6/tanimoto/k10,ecfp6,tanimoto,10,1243,0.10228520102424454,0.07183201662618051,0.030453184398064034,14.189863234111021,0.9600784129150735,1.0083463067700904,-0.04826789385501695
CHEMBL614358_EC50,CHEMBL614358_EC50,maccs/tanimoto/k10,maccs,tanimoto,10,1243,0.11467883382778969,0.08419864758167175,0.030480186246117938,14.020917135961383,0.9464211151679253,0.9468509085009152,-0.00042979333298998057
CHEMBL614358_EC50,CHEMBL614358_EC50,rdkit/tanimoto/k10,rdkit,tanimoto,10,1243,0.07281664489462082,0.024955353198081696,0.047861291696539125,15.621882542236525,0.976826528089032,1.219347428776531,-0.24252090068749887
CHEMBL614358_EC50,CHEMBL614358_EC50,atompair/tanimoto/k10,atompair,tanimoto,10,1243,0.1122730382436055,0.07015373186041063,0.042119306383194874,14.925181013676589,0.9385922821871587,0.9128944756391869,0.025697806547971824
CHEMBL614358_EC50,CHEMBL614358_EC50,ecfp4/dice/k10,ecfp4,dice,10,1243,0.11322103326456127,0.07608092924385856,0.03714010402070271,14.242960579243766,0.9420307697903502,1.0017806988294278,-0.05974992903907761
CHEMBL614358_EC50,CHEMBL614358_EC50,ecfp4/cosine/k10,ecfp4,cosine,10,1243,0.11398354319172291,0.07623279306672563,0.037750750124997276,14.228479485116653,0.9406424273766074,1.0092000539420214,-0.06855762656541398
CHEMBL4860_Ki,CHEMBL4860_Ki,ecfp4/tanimoto/k5,ecfp4,tanimoto,5,1243,0.8860427258236394,0.8606677508587061,0.02537497496493335,6.888173773129525,0.11644874903968594,0.13037229087387767,-0.013923541834191727
CHEMBL4860_Ki,CHEMBL4860_Ki,ecfp4/tanimoto/k10,ecfp4,tanimoto,10,1243,0.8725045698886278,0.8483083812792214,0.02419618860940642,13.475462590506838,0.11846840337404374,0.12858424052794112,-0.010115837153897383
CHEMBL4860_Ki,CHEMBL4860_Ki,ecfp4/tanimoto/k20,ecfp4,tanimoto,20,1243,0.8529199714187097,0.8243145051666638,0.028605466252045852,27.113435237329043,0.12725883707091112,0.15140453338470367,-0.024145696313792542
CHEMBL4860_Ki,CHEMBL4860_Ki,ecfp4/tanimoto/k30,ecfp4,tanimoto,30,1243,0.8299804080477454,0.799858164384317,0.030122243663428416,41.140788415124696,0.14656874280934917,0.1824570436552411,-0.035888300845891924
CHEMBL4860_Ki,CHEMBL4860_Ki,ecfp6/tanimoto/k10,ecfp6,tanimoto,10,1243,0.8705555705088064,0.8425570499903305,0.027998520518475845,13.56878519710378,0.11719020397368496,0.1315718277451668,-0.014381623771481833
CHEMBL4860_Ki,CHEMBL4860_Ki,maccs/tanimoto/k10,maccs,tanimoto,10,1243,0.8482699553757013,0.8283003084697252,0.019969646905976024,13.499597747385359,0.14893036687135042,0.14662911889134378,0.0023012479800066377
CHEMBL4860_Ki,CHEMBL4860_Ki,rdkit/tanimoto/k10,rdkit,tanimoto,10,1243,0.8487987424458343,0.8190900186296033,0.02970872381623102,13.84070796460177,0.1395835318749743,0.16329636671852718,-0.023712834843552882
CHEMBL4860_Ki,CHEMBL4860_Ki,atompair/tanimoto/k10,atompair,tanimoto,10,1243,0.8712172196476295,0.8455086444073266,0.0257085752403029,13.547868061142397,0.11852334067133485,0.13273737366043106,-0.01421403298909621
CHEMBL4860_Ki,CHEMBL4860_Ki,ecfp4/dice/k10,ecfp4,dice,10,1243,0.8725045698886278,0.8483083812792214,0.02419618860940642,13.475462590506838,0.11846840337404374,0.12858424052794112,-0.010115837153897383
CHEMBL4860_Ki,CHEMBL4860_Ki,ecfp4/cosine/k10,ecfp4,cosine,10,1243,0.8731473122356006,0.847842063503132,0.025305248732468644,13.48189863234111,0.1167632326816177,0.1297274500696455,-0.012964217388027804
CHEMBL5024_Ki,CHEMBL5024_Ki,ecfp4/tanimoto/k5,ecfp4,tanimoto,5,1011,0.5144449209305496,0.40946995710314915,0.10497496382740046,7.101879327398615,0.4986861238214202,0.5413216892652675,-0.04263556544384728
CHEMBL5024_Ki,CHEMBL5024_Ki,ecfp4/tanimoto/k10,ecfp4,tanimoto,10,1011,0.4391634360102922,0.3443521663000704,0.0948112697102218,13.90108803165183,0.5315900776494791,0.5919193404665086,-0.06032926281702955
CHEMBL5024_Ki,CHEMBL5024_Ki,ecfp4/tanimoto/k20,ecfp4,tanimoto,20,1011,0.3537965494215983,0.25960606499837846,0.09419048442321987,27.659742828882294,0.5890326629052629,0.6419519052721138,-0.05291924236685086
CHEMBL5024_Ki,CHEMBL5024_Ki,ecfp4/tanimoto/k30,ecfp4,tanimoto,30,1011,0.30673048582808576,0.22445846788614052,0.08227201794194525,41.25222551928783,0.6368488806337643,0.7248883478210496,-0.08803946718728528
CHEMBL5024_Ki,CHEMBL5024_Ki,ecfp6/tanimoto/k10,ecfp6,tanimoto,10,1011,0.4497846995010308,0.34314086611304573,0.10664383338798505,13.974282888229476,0.5092573804996797,0.6187321188443979,-0.10947473834471821
CHEMBL5024_Ki,CHEMBL5024_Ki,maccs/tanimoto/k10,maccs,tanimoto,10,1011,0.3531073676837712,0.28016580304604494,0.07294156463772627,14.094955489614243,0.6459344873738982,0.8327391363837315,-0.1868046490098333
CHEMBL5024_Ki,CHEMBL5024_Ki,rdkit/tanimoto/k10,rdkit,tanimoto,10,1011,0.4712689854483109,0.3946964741060167,0.0765725113422942,14.156280909990109,0.5126888557987933,0.6045240790553696,-0.09183522325657634
CHEMBL5024_Ki,CHEMBL5024_Ki,atompair/tanimoto/k10,atompair,tanimoto,10,1011,0.4909812053939432,0.4367322121645015,0.05424899322944171,13.806132542037586,0.511096580160165,0.6063974289045876,-0.09530084874442257
CHEMBL5024_Ki,CHEMBL5024_Ki,ecfp4/dice/k10,ecfp4,dice,10,1011,0.4391634360102922,0.3443521663000704,0.0948112697102218,13.90108803165183,0.5315900776494791,0.5919193404665086,-0.06032926281702955
CHEMBL5024_Ki,CHEMBL5024_Ki,ecfp4/cosine/k10,ecfp4,cosine,10,1011,0.4376261623361977,0.33197381655112324,0.10565234578507449,13.938674579624134,0.5235241102236156,0.5990470615015208,-0.0755229512779052
CHEMBL2000_Ki,CHEMBL2000_Ki,ecfp4/tanimoto/k5,ecfp4,tanimoto,5,1080,0.6034085193653991,0.5229994513317091,0.08040906803368997,7.112962962962963,0.41158252233456905,0.38703879879432107,0.024543723540247975
CHEMBL2000_Ki,CHEMBL2000_Ki,ecfp4/tanimoto/k10,ecfp4,tanimoto,10,1080,0.5461332325025285,0.458324835707068,0.08780839679546054,14.137037037037038,0.42022588713130427,0.40922241972779194,0.011003467403512324
CHEMBL2000_Ki,CHEMBL2000_Ki,ecfp4/tanimoto/k20,ecfp4,tanimoto,20,1080,0.41841228905160505,0.3255689586717622,0.09284333037984283,27.95925925925926,0.522465932634964,0.5313102789317974,-0.008844346296833394
CHEMBL2000_Ki,CHEMBL2000_Ki,ecfp4/tanimoto/k30,ecfp4,tanimoto,30,1080,0.3419338220985672,0.24948328828314503,0.09245053381542218,41.464814814814815,0.5906328678099059,0.5943380553354551,-0.0037051875255492694
CHEMBL2000_Ki,CHEMBL2000_Ki,ecfp6/tanimoto/k10,ecfp6,tanimoto,10,1080,0.5316357553579456,0.4460700643839348,0.08556569097401079,14.075925925925926,0.43819154722965026,0.431684362443303,0.006507184786347264
CHEMBL2000_Ki,CHEMBL2000_Ki,maccs/tanimoto/k10,maccs,tanimoto,10,1080,0.4458117666210711,0.35577229423267975,0.09003947238839133,14.187037037037037,0.5285715315672698,0.5716418563121783,-0.04307032474490857
CHEMBL2000_Ki,CHEMBL2000_Ki,rdkit/tanimoto/k10,rdkit,tanimoto,10,1080,0.5190110789008353,0.4245386531912982,0.09447242570953712,14.216666666666667,0.44406263007049773,0.4369195776824049,0.007143052388092819
CHEMBL2000_Ki,CHEMBL2000_Ki,atompair/tanimoto/k10,atompair,tanimoto,10,1080,0.5050465238306481,0.41932908198236285,0.08571744184828523,14.244444444444444,0.46730312612283065,0.4496919304193783,0.01761119570345232
CHEMBL2000_Ki,CHEMBL2000_Ki,ecfp4/dice/k10,ecfp4,dice,10,1080,0.5461332325025285,0.458324835707068,0.08780839679546054,14.137037037037038,0.42022588713130427,0.40922241972779194,0.011003467403512324
CHEMBL2000_Ki,CHEMBL2000_Ki,ecfp4/cosine/k10,ecfp4,cosine,10,1080,0.540792900942766,0.4544353191128849,0.08635758182988112,14.13888888888889,0.42740598531606455,0.42361174655057765,0.0037942387654869014
CHEMBL4333_EC50,CHEMBL4333_EC50,ecfp4/tanimoto/k5,ecfp4,tanimoto,5,2464,0.6710391308974156,0.6257135584015767,0.045325572495838906,6.782467532467533,0.3584925849264302,0.3555930087073592,0.0028995762190709984
CHEMBL4333_EC50,CHEMBL4333_EC50,ecfp4/tanimoto/k10,ecfp4,tanimoto,10,2464,0.6194148572864997,0.5736400864859297,0.04577477080057002,13.223214285714286,0.37744636326433745,0.3946397619857649,-0.017193398721427444
CHEMBL4333_EC50,CHEMBL4333_EC50,ecfp4/tanimoto/k20,ecfp4,tanimoto,20,2464,0.5433053365611176,0.4887746949513691,0.054530641609748465,26.125,0.42772528708156554,0.47325397467478286,-0.04552868759321732
CHEMBL4333_EC50,CHEMBL4333_EC50,ecfp4/tanimoto/k30,ecfp4,tanimoto,30,2464,0.4918569194880141,0.4412432202940469,0.05061369919396719,38.91801948051948,0.47615460730821735,0.5214227467034925,-0.045268139395275186
CHEMBL4333_EC50,CHEMBL4333_EC50,ecfp6/tanimoto/k10,ecfp6,tanimoto,10,2464,0.6150463668826677,0.5729332740732441,0.04211309280942355,13.183441558441558,0.38554721290058436,0.40342483842306603,-0.017877625522481677
CHEMBL4333_EC50,CHEMBL4333_EC50,maccs/tanimoto/k10,maccs,tanimoto,10,2464,0.5604916563477502,0.5109844141822251,0.049507242165525156,13.42775974025974,0.4389026600685022,0.45456896317935824,-0.01566630311085604
CHEMBL4333_EC50,CHEMBL4333_EC50,rdkit/tanimoto/k10,rdkit,tanimoto,10,2464,0.5876654067457485,0.5583590268610124,0.029306379884736167,13.670454545454545,0.42719231068341434,0.47183958049978825,-0.0446472698163739
CHEMBL4333_EC50,CHEMBL4333_EC50,atompair/tanimoto/k10,atompair,tanimoto,10,2464,0.6021977418206859,0.5508720478993024,0.05132569392138342,13.276785714285714,0.39138935946800046,0.4272364021613471,-0.035847042693346653
CHEMBL4333_EC50,CHEMBL4333_EC50,ecfp4/dice/k10,ecfp4,dice,10,2464,0.6194148572864997,0.5736400864859297,0.04577477080057002,13.223214285714286,0.37744636326433745,0.3946397619857649,-0.017193398721427444
CHEMBL4333_EC50,CHEMBL4333_EC50,ecfp4/cosine/k10,ecfp4,cosine,10,2464,0.6176868207113202,0.5722565969435057,0.04543022376781447,13.229707792207792,0.37965729582651475,0.3963658552999958,-0.016708559473481044
CHEMBL4550_Ki,CHEMBL4550_Ki,ecfp4/tanimoto/k5,ecfp4,tanimoto,5,1513,0.47001783599746827,0.37348561438785355,0.09653222160961472,7.033707865168539,0.5587528195153464,0.5576962017614295,0.0010566177539168553
CHEMBL4550_Ki,CHEMBL4550_Ki,ecfp4/tanimoto/k10,ecfp4,tanimoto,10,1513,0.41508525596385415,0.32739821533302177,0.08768704063083238,13.903502974223397,0.5644878818720114,0.5084145266967371,0.05607335517527423
CHEMBL4550_Ki,CHEMBL4550_Ki,ecfp4/tanimoto/k20,ecfp4,tanimoto,20,1513,0.3466085754350638,0.2598571313165151,0.08675144411854868,27.54659616655651,0.6036471238805617,0.5436029299303395,0.0600441939502222
CHEMBL4550_Ki,CHEMBL4550_Ki,ecfp4/tanimoto/k30,ecfp4,tanimoto,30,1513,0.3058062928295639,0.21997170312156414,0.08583458970799976,41.4699272967614,0.6343600606917176,0.5868204711373275,0.04753958955439008
CHEMBL4550_Ki,CHEMBL4550_Ki,ecfp6/tanimoto/k10,ecfp6,tanimoto,10,1513,0.42127020096772644,0.34801387860202027,0.07325632236570617,13.82815598149372,0.5706720888063656,0.5222206401996906,0.04845144860667494
CHEMBL4550_Ki,CHEMBL4550_Ki,maccs/tanimoto/k10,maccs,tanimoto,10,1513,0.3475010440211574,0.28701668021838445,0.060484363802772945,13.966953073364177,0.6633129241542314,0.6588936121370645,0.004419312017166832
CHEMBL4550_Ki,CHEMBL4550_Ki,rdkit/tanimoto/k10,rdkit,tanimoto,10,1513,0.4402316468838646,0.38327136406788487,0.05696028281597976,14.118968935888962,0.5644809338933672,0.5822525568241225,-0.017771622930755293
CHEMBL4550_Ki,CHEMBL4550_Ki,atompair/tanimoto/k10,atompair,tanimoto,10,1513,0.4165918106944692,0.31334914926871144,0.10324266142575778,13.771315267680105,0.548830612952902,0.5221200245002837,0.02671058845261831
CHEMBL4550_Ki,CHEMBL4550_Ki,ecfp4/dice/k10,ecfp4,dice,10,1513,0.41508525596385415,0.32739821533302177,0.08768704063083238,13.903502974223397,0.5644878818720114,0.5084145266967371,0.05607335517527423
CHEMBL4550_Ki,CHEMBL4550_Ki,ecfp4/cosine/k10,ecfp4,cosine,10,1513,0.41210117190810797,0.3248901522420038,0.08721101966610417,13.941837409120952,0.5681987932015876,0.5101382434868906,0.058060549714696985
CHEMBL259_Ki,CHEMBL259_Ki,ecfp4/tanimoto/k5,ecfp4,tanimoto,5,1982,0.7417681302253928,0.6871617044024128,0.05460642582298003,6.934409687184662,0.26619310307114463,0.267934325250611,-0.001741222179466373
CHEMBL259_Ki,CHEMBL259_Ki,ecfp4/tanimoto/k10,ecfp4,tanimoto,10,1982,0.6974640357297915,0.624139322605769,0.07332471312402256,13.426841574167508,0.2667973188856092,0.2907073266081387,-0.02391000772252949
CHEMBL259_Ki,CHEMBL259_Ki,ecfp4/tanimoto/k20,ecfp4,tanimoto,20,1982,0.616862609228278,0.5447511260428275,0.07211148318545046,26.2744702320888,0.3337883512841302,0.34760213467816675,-0.01381378339403655
CHEMBL259_Ki,CHEMBL259_Ki,ecfp4/tanimoto/k30,ecfp4,tanimoto,30,1982,0.5500528144589669,0.4827000600331269,0.06735275442584004,39.196770938446015,0.3998377624474223,0.3908219465652663,0.009015815882155997
CHEMBL259_Ki,CHEMBL259_Ki,ecfp6/tanimoto/k10,ecfp6,tanimoto,10,1982,0.6993866093378442,0.6282129446745434,0.07117366466330088,13.392532795156407,0.26661843153140063,0.2912728790078324,-0.02465444747643175
CHEMBL259_Ki,CHEMBL259_Ki,maccs/tanimoto/k10,maccs,tanimoto,10,1982,0.5922444533839413,0.548385058527298,0.04385939485664325,13.833501513622604,0.4090576459066857,0.3994386955752803,0.009618950331405418
CHEMBL259_Ki,CHEMBL259_Ki,rdkit/tanimoto/k10,rdkit,tanimoto,10,1982,0.604767317423505,0.5309264722887,0.07384084513480493,14.07063572149344,0.3682991902128203,0.4027529641029668,-0.03445377389014648
CHEMBL259_Ki,CHEMBL259_Ki,atompair/tanimoto/k10,atompair,tanimoto,10,1982,0.6992586410463579,0.6560442759532898,0.043214365093068086,13.419778002018164,0.29192256626524515,0.3314506969230102,-0.03952813065776506
CHEMBL259_Ki,CHEMBL259_Ki,ecfp4/dice/k10,ecfp4,dice,10,1982,0.6974640357297915,0.624139322605769,0.07332471312402256,13.426841574167508,0.2667973188856092,0.2907073266081387,-0.02391000772252949
CHEMBL259_Ki,CHEMBL259_Ki,ecfp4/cosine/k10,ecfp4,cosine,10,1982,0.6939258577700389,0.6201473638182486,0.07377849395179026,13.446014127144299,0.27028091189634607,0.29050206047243793,-0.020221148576091863
CHEMBL4822_Ki,CHEMBL4822_Ki,ecfp4/tanimoto/k5,ecfp4,tanimoto,5,2217,0.6039438212365124,0.5243110870902229,0.07963273414628946,6.7496617050067655,0.41156122719915356,0.4207235044845347,-0.00916227728538116
CHEMBL4822_Ki,CHEMBL4822_Ki,ecfp4/tanimoto/k10,ecfp4,tanimoto,10,2217,0.5357850901614466,0.455102840928525,0.08068224923292161,13.232295895354081,0.4380223765127793,0.42940815641018953,0.008614220102589776
CHEMBL4822_Ki,CHEMBL4822_Ki,ecfp4/tanimoto/k20,ecfp4,tanimoto,20,2217,0.44154040866441874,0.34537444623037616,0.09616596243404257,26.02255299954894,0.49502490659001996,0.5064679726840245,-0.011443066094004584
CHEMBL4822_Ki,CHEMBL4822_Ki,ecfp4/tanimoto/k30,ecfp4,tanimoto,30,2217,0.36851116178635296,0.2700970178420806,0.09841414394427234,38.68470906630582,0.5574047936746388,0.5767194368950055,-0.01931464322036669
CHEMBL4822_Ki,CHEMBL4822_Ki,ecfp6/tanimoto/k10,ecfp6,tanimoto,10,2217,0.5374819090696,0.45244368560418174,0.08503822346541828,13.27830401443392,0.4322354989045636,0.42449323895980573,0.007742259944757857
CHEMBL4822_Ki,CHEMBL4822_Ki,maccs/tanimoto/k10,maccs,tanimoto,10,2217,0.4686695236986223,0.40701622851584973,0.06165329518277257,13.356788452864231,0.5289755582670203,0.512579983382558,0.016395574884462305
CHEMBL4822_Ki,CHEMBL4822_Ki,rdkit/tanimoto/k10,rdkit,tanimoto,10,2217,0.5041584038861971,0.4230504004831443,0.08110800340305285,13.583220568335589,0.47242855266243566,0.48626883548487276,-0.0138402828224371
CHEMBL4822_Ki,CHEMBL4822_Ki,atompair/tanimoto/k10,atompair,tanimoto,10,2217,0.5571669527542443,0.4711591435263605,0.08600780922788381,13.208840775823184,0.4097093236652358,0.40680178907078063,0.0029075345944551967
CHEMBL4822_Ki,CHEMBL4822_Ki,ecfp4/dice/k10,ecfp4,dice,10,2217,0.5357850901614466,0.455102840928525,0.08068224923292161,13.232295895354081,0.4380223765127793,0.42940815641018953,0.008614220102589776
CHEMBL4822_Ki,CHEMBL4822_Ki,ecfp4/cosine/k10,ecfp4,cosine,10,2217,0.5347497037632766,0.45427567553473724,0.08047402822853933,13.239512855209743,0.43934870045471053,0.42977578573058695,0.009572914724123582
CHEMBL222_Ki,CHEMBL222_Ki,ecfp4/tanimoto/k5,ecfp4,tanimoto,5,1987,0.6122663627415567,0.5412215534582802,0.0710448092832765,6.945143432310015,0.4084445172835107,0.4147502102762511,-0.006305692992740364
CHEMBL222_Ki,CHEMBL222_Ki,ecfp4/tanimoto/k10,ecfp4,tanimoto,10,1987,0.5535579606260396,0.4794597475370915,0.0740982130889481,13.712128837443382,0.4243978515313034,0.46115551575219854,-0.03675766422089516
CHEMBL222_Ki,CHEMBL222_Ki,ecfp4/tanimoto/k20,ecfp4,tanimoto,20,1987,0.4796766107703732,0.40025273035824094,0.07942388041213228,26.963261197785606,0.47088687229958237,0.5166411283997703,-0.04575425610018791
CHEMBL222_Ki,CHEMBL222_Ki,ecfp4/tanimoto/k30,ecfp4,tanimoto,30,1987,0.4178320965016459,0.3360731171018459,0.08175897939979998,40.23049823855058,0.5225398201951594,0.5528868220429722,-0.030347001847812805
CHEMBL222_Ki,CHEMBL222_Ki,ecfp6/tanimoto/k10,ecfp6,tanimoto,10,1987,0.5438709364228816,0.47213370680069133,0.07173722962219031,13.657775541016608,0.437178463274859,0.4840830308470357,-0.0469045675721767
CHEMBL222_Ki,CHEMBL222_Ki,maccs/tanimoto/k10,maccs,tanimoto,10,1987,0.5145788254376138,0.4453070198233176,0.06927180561429619,13.718168092601912,0.47161866696575827,0.4945537176919789,-0.02293505072622065
CHEMBL222_Ki,CHEMBL222_Ki,rdkit/tanimoto/k10,rdkit,tanimoto,10,1987,0.5575481778355572,0.5281249689917654,0.029423208843791793,13.977856064418722,0.4602161164214744,0.49527570078123584,-0.03505958435976142
CHEMBL222_Ki,CHEMBL222_Ki,atompair/tanimoto/k10,atompair,tanimoto,10,1987,0.525775615377735,0.44516311528713115,0.08061250009060383,13.82687468545546,0.4490955730029482,0.4914711788078212,-0.042375605804872984
CHEMBL222_Ki,CHEMBL222_Ki,ecfp4/dice/k10,ecfp4,dice,10,1987,0.5535579606260396,0.4794597475370915,0.0740982130889481,13.712128837443382,0.4243978515313034,0.46115551575219854,-0.03675766422089516
CHEMBL222_Ki,CHEMBL222_Ki,ecfp4/cosine/k10,ecfp4,cosine,10,1987,0.5509340923206926,0.4736376163504328,0.07729647597025979,13.709109209864117,0.4244056700740044,0.4532029448494753,-0.028797274775470894
CHEMBL245_Ki,CHEMBL245_Ki,ecfp4/tanimoto/k5,ecfp4,tanimoto,5,1777,0.7571489620866265,0.6914841016960641,0.06566486039056241,6.837366347777152,0.23888935718359816,0.25700313555070886,-0.0181137783671107
CHEMBL245_Ki,CHEMBL245_Ki,ecfp4/tanimoto/k10,ecfp4,tanimoto,10,1777,0.7165869096438549,0.6577731263199552,0.05881378332389964,13.576814856499718,0.2588219944002501,0.2666028592308268,-0.007780864830576717
CHEMBL245_Ki,CHEMBL245_Ki,ecfp4/tanimoto/k20,ecfp4,tanimoto,20,1777,0.6540617545158746,0.5922300737596902,0.06183168075618439,26.289251547552055,0.3044950610399566,0.3071356736228981,-0.002640612582941515
CHEMBL245_Ki,CHEMBL245_Ki,ecfp4/tanimoto/k30,ecfp4,tanimoto,30,1777,0.5895901571589202,0.504015520833437,0.08557463632548312,39.14687675858188,0.3413680224878157,0.37627058811782144,-0.03490256563000571
CHEMBL245_Ki,CHEMBL245_Ki,ecfp6/tanimoto/k10,ecfp6,tanimoto,10,1777,0.714358462920761,0.6513392785816723,0.06301918433908871,13.501406865503657,0.2574884248819831,0.2583821173271756,-0.0008936924451924955
CHEMBL245_Ki,CHEMBL245_Ki,maccs/tanimoto/k10,maccs,tanimoto,10,1777,0.6821797160438704,0.6355944835761457,0.046585232467724724,13.850309510410804,0.30767560313079056,0.3021400253696374,0.005535577761153154
CHEMBL245_Ki,CHEMBL245_Ki,rdkit/tanimoto/k10,rdkit,tanimoto,10,1777,0.7036071735186881,0.6429012612586208,0.060705912260067274,13.837929093978616,0.2713967880953827,0.2920439786941759,-0.02064719059879322
CHEMBL245_Ki,CHEMBL245_Ki,atompair/tanimoto/k10,atompair,tanimoto,10,1777,0.7161109701423214,0.6510329741007079,0.06507799604161346,13.566685424873382,0.2537077364059943,0.2705537208628089,-0.016845984456814567
CHEMBL245_Ki,CHEMBL245_Ki,ecfp4/dice/k10,ecfp4,dice,10,1777,0.7165869096438549,0.6577731263199552,0.05881378332389964,13.576814856499718,0.2588219944002501,0.2666028592308268,-0.007780864830576717
CHEMBL245_Ki,CHEMBL245_Ki,ecfp4/cosine/k10,ecfp4,cosine,10,1777,0.7164133506226058,0.6558285515934683,0.06058479902913749,13.584693303320202,0.25741899518890987,0.26268011796176777,-0.005261122772857896
CHEMBL2014_Ki,CHEMBL2014_Ki,ecfp4/tanimoto/k5,ecfp4,tanimoto,5,2108,0.5948151370010535,0.5262735597461956,0.06854157725485788,6.88045540796964,0.4313885737948495,0.40578041365891915,0.02560816013593037
CHEMBL2014_Ki,CHEMBL2014_Ki,ecfp4/tanimoto/k10,ecfp4,tanimoto,10,2108,0.5559074267959228,0.4909243690563354,0.06498305773958735,13.46584440227704,0.4300170785588564,0.41662432887228024,0.013392749686576166
CHEMBL2014_Ki,CHEMBL2014_Ki,ecfp4/tanimoto/k20,ecfp4,tanimoto,20,2108,0.48730670254161274,0.4133786261772742,0.07392807636433851,26.865275142314992,0.46809628978518514,0.47986929426954733,-0.011773004484362193
CHEMBL2014_Ki,CHEMBL2014_Ki,ecfp4/tanimoto/k30,ecfp4,tanimoto,30,2108,0.42407433756051893,0.3497509776158767,0.07432335994464223,40.333017077798864,0.5232772699076431,0.542971513616964,-0.019694243709320935
CHEMBL2014_Ki,CHEMBL2014_Ki,ecfp6/tanimoto/k10,ecfp6,tanimoto,10,2108,0.5659455285600932,0.49757605229297386,0.06836947626711931,13.427893738140417,0.4159273899434903,0.40508811630416364,0.010839273639326685
CHEMBL2014_Ki,CHEMBL2014_Ki,maccs/tanimoto/k10,maccs,tanimoto,10,2108,0.4591358963800295,0.39704228970114397,0.06209360667888553,13.524667931688805,0.5390662679709706,0.49187307203134956,0.04719319593962101
CHEMBL2014_Ki,CHEMBL2014_Ki,rdkit/tanimoto/k10,rdkit,tanimoto,10,2108,0.5146729662038189,0.4904028759987396,0.024270090205079253,13.846299810246679,0.512016655991228,0.4919443693440626,0.020072286647165427
CHEMBL2014_Ki,CHEMBL2014_Ki,atompair/tanimoto/k10,atompair,tanimoto,10,2108,0.5249745286549078,0.4518713392268701,0.07310318942803767,13.522770398481974,0.45673514799436754,0.43204273630780726,0.02469241168656028
CHEMBL2014_Ki,CHEMBL2014_Ki,ecfp4/dice/k10,ecfp4,dice,10,2108,0.5559074267959228,0.4909243690563354,0.06498305773958735,13.46584440227704,0.4300170785588564,0.41662432887228024,0.013392749686576166
CHEMBL2014_Ki,CHEMBL2014_Ki,ecfp4/cosine/k10,ecfp4,cosine,10,2108,0.556314331875059,0.486196942361605,0.07011738951345398,13.487666034155598,0.4249485843753267,0.4134841164808047,0.01146446789452199
CHEMBL255_Ki,CHEMBL255_Ki,ecfp4/tanimoto/k5,ecfp4,tanimoto,5,1843,0.715936180591429,0.6760747193719229,0.03986146121950618,6.761801410743353,0.30898741431468,0.31423415580487957,-0.005246741490199547
CHEMBL255_Ki,CHEMBL255_Ki,ecfp4/tanimoto/k10,ecfp4,tanimoto,10,1843,0.6689078978329568,0.6196761053973682,0.04923179243558862,13.331524688008681,0.3198926991917179,0.34245478253554684,-0.02256208334382892
CHEMBL255_Ki,CHEMBL255_Ki,ecfp4/tanimoto/k20,ecfp4,tanimoto,20,1843,0.6102268121104067,0.5523216792469252,0.057905132863481534,26.461204557786218,0.3542519710637655,0.3830157511421277,-0.028763780078362222
CHEMBL255_Ki,CHEMBL255_Ki,ecfp4/tanimoto/k30,ecfp4,tanimoto,30,1843,0.5633914591119744,0.49876176253224647,0.06462969657972795,39.63754747693977,0.3886867855572229,0.422055235647626,-0.03336845009040307
CHEMBL255_Ki,CHEMBL255_Ki,ecfp6/tanimoto/k10,ecfp6,tanimoto,10,1843,0.6625995400602663,0.6121404315369814,0.050459108523284946,13.323928377645144,0.32572730826275076,0.33001903733127874,-0.004291729068527983
CHEMBL255_Ki,CHEMBL255_Ki,maccs/tanimoto/k10,maccs,tanimoto,10,1843,0.5901922033575534,0.5342131833661928,0.05597901999136057,13.652740097666847,0.4004074583144668,0.4069286990588157,-0.0065212407443488996
CHEMBL255_Ki,CHEMBL255_Ki,rdkit/tanimoto/k10,rdkit,tanimoto,10,1843,0.6291673647123425,0.58381115992712,0.04535620478522251,13.853499728703202,0.3670953145097231,0.37928422469909495,-0.012188910189371849
CHEMBL255_Ki,CHEMBL255_Ki,atompair/tanimoto/k10,atompair,tanimoto,10,1843,0.641461832014076,0.586321297355481,0.05514053465859503,13.518176885512752,0.34476550359178093,0.3988289978862472,-0.054063494294466274
CHEMBL255_Ki,CHEMBL255_Ki,ecfp4/dice/k10,ecfp4,dice,10,1843,0.6689078978329568,0.6196761053973682,0.04923179243558862,13.331524688008681,0.3198926991917179,0.34245478253554684,-0.02256208334382892
CHEMBL255_Ki,CHEMBL255_Ki,ecfp4/cosine/k10,ecfp4,cosine,10,1843,0.6673699438973023,0.6171787452720041,0.050191198625298195,13.327183939229517,0.32072098295019935,0.34020162608870713,-0.01948064313850778
CHEMBL4361_Ki,CHEMBL4361_Ki,ecfp4/tanimoto/k5,ecfp4,tanimoto,5,1617,0.8937609901381823,0.8695484513299409,0.02421253880824148,6.899196042053185,0.10811678078758802,0.10112762204358663,0.006989158744001384
CHEMBL4361_Ki,CHEMBL4361_Ki,ecfp4/tanimoto/k10,ecfp4,tanimoto,10,1617,0.8708955537023604,0.8475417292148524,0.023353824487508,13.711811997526283,0.12099644888864658,0.10796087357598966,0.013035575312656922
CHEMBL4361_Ki,CHEMBL4361_Ki,ecfp4/tanimoto/k20,ecfp4,tanimoto,20,1617,0.8420180082825842,0.8143978033044252,0.02762020497815898,26.859616573902287,0.13964189657403558,0.129054626956085,0.01058726961795059
CHEMBL4361_Ki,CHEMBL4361_Ki,ecfp4/tanimoto/k30,ecfp4,tanimoto,30,1617,0.8191655821372916,0.7895552484734193,0.029610333663872335,39.95176252319109,0.15823890924972206,0.15207001091340439,0.006168898336317674
CHEMBL4361_Ki,CHEMBL4361_Ki,ecfp6/tanimoto/k10,ecfp6,tanimoto,10,1617,0.8692114500277137,0.844368782971165,0.024842667056548695,13.763760049474335,0.12150900461862113,0.11046917250744072,0.011039832111180412
CHEMBL4361_Ki,CHEMBL4361_Ki,maccs/tanimoto/k10,maccs,tanimoto,10,1617,0.8354667353230711,0.815316557207576,0.020150178115495132,14.023500309214596,0.16285143084067633,0.1631923084582632,-0.0003408776175868877
CHEMBL4361_Ki,CHEMBL4361_Ki,rdkit/tanimoto/k10,rdkit,tanimoto,10,1617,0.8263094018711737,0.7985202774483223,0.02778912442285142,13.903525046382189,0.16604944596114257,0.1907513663845014,-0.024701920423358836
CHEMBL4361_Ki,CHEMBL4361_Ki,atompair/tanimoto/k10,atompair,tanimoto,10,1617,0.8558195154887209,0.8255430207033934,0.030276494785327568,13.642547928262214,0.13134968765561217,0.16013562680055302,-0.028785939144940847
CHEMBL4361_Ki,CHEMBL4361_Ki,ecfp4/dice/k10,ecfp4,dice,10,1617,0.8708955537023604,0.8475417292148524,0.023353824487508,13.711811997526283,0.12099644888864658,0.10796087357598966,0.013035575312656922
CHEMBL4361_Ki,CHEMBL4361_Ki,ecfp4/cosine/k10,ecfp4,cosine,10,1617,0.868209824197289,0.8450500939131764,0.023159730284112556,13.700680272108844,0.124125436127281,0.11019165381077663,0.01393378231650437
CHEMBL4805_Ki,CHEMBL4805_Ki,ecfp4/tanimoto/k5,ecfp4,tanimoto,5,583,0.2968667050368767,0.23636016671129817,0.06050653832557851,6.840480274442538,0.7953547232952852,0.8884550259041409,-0.09310030260885571
CHEMBL4805_Ki,CHEMBL4805_Ki,ecfp4/tanimoto/k10,ecfp4,tanimoto,10,583,0.25004524103487624,0.220506510512885,0.02953873052199124,13.406518010291595,0.7983653773918442,0.8194839803644276,-0.02111860297258339
CHEMBL4805_Ki,CHEMBL4805_Ki,ecfp4/tanimoto/k20,ecfp4,tanimoto,20,583,0.2321972173524055,0.20666321904520346,0.025533998307202044,27.053173241852488,0.7819356233881323,0.8709684994063107,-0.08903287601817844
CHEMBL4805_Ki,CHEMBL4805_Ki,ecfp4/tanimoto/k30,ecfp4,tanimoto,30,583,0.2294508952251202,0.2034549268575589,0.025995968367561295,40.449399656946824,0.7711046388453999,0.8768240087181031,-0.10571936987270314
CHEMBL4805_Ki,CHEMBL4805_Ki,ecfp6/tanimoto/k10,ecfp6,tanimoto,10,583,0.2553460242960326,0.22557989075627377,0.02976613353975882,13.296740994854202,0.7923298530885814,0.8696589828671738,-0.07732912977859241
CHEMBL4805_Ki,CHEMBL4805_Ki,maccs/tanimoto/k10,maccs,tanimoto,10,583,0.20595480207049552,0.20893613394092278,0.0029813318704272618,14.010291595197256,0.8761329164058396,0.9361615549070268,-0.060028638501187226
CHEMBL4805_Ki,CHEMBL4805_Ki,rdkit/tanimoto/k10,rdkit,tanimoto,10,583,0.25248203213143405,0.21492896027105615,0.0375530718603779,13.670668953687821,0.7884719999810825,0.9078251392778444,-0.11935313929676183
CHEMBL4805_Ki,CHEMBL4805_Ki,atompair/tanimoto/k10,atompair,tanimoto,10,583,0.23523366771314605,0.18937937886862255,0.0458542888445235,14.061749571183533,0.7999741055554683,0.8799517019572933,-0.079977596401825
CHEMBL4805_Ki,CHEMBL4805_Ki,ecfp4/dice/k10,ecfp4,dice,10,583,0.25004524103487624,0.220506510512885,0.02953873052199124,13.406518010291595,0.7983653773918442,0.8194839803644276,-0.02111860297258339
CHEMBL4805_Ki,CHEMBL4805_Ki,ecfp4/cosine/k10,ecfp4,cosine,10,583,0.24984789453860387,0.22078147306360585,0.029066421474998022,13.406518010291595,0.7990075366800375,0.8362605153653518,-0.0372529786853143
CHEMBL1784_EC50,CHEMBL1784_EC50,ecfp4/tanimoto/k5,ecfp4,tanimoto,5,1464,0.7925464404757381,0.7680650879637656,0.024481352511972476,6.9603825136612025,0.22935918941953637,0.2394436206698003,-0.010084431250263926
CHEMBL1784_EC50,CHEMBL1784_EC50,ecfp4/tanimoto/k10,ecfp4,tanimoto,10,1464,0.7482157958178667,0.7109263365388245,0.03728945927904215,13.691256830601093,0.24340211124920885,0.23051077795696112,0.01289133329224773
CHEMBL1784_EC50,CHEMBL1784_EC50,ecfp4/tanimoto/k20,ecfp4,tanimoto,20,1464,0.7009032934124242,0.6551228612370837,0.045780432175340446,26.87431693989071,0.27056013135038115,0.28539839235631503,-0.014838261005933884
CHEMBL1784_EC50,CHEMBL1784_EC50,ecfp4/tanimoto/k30,ecfp4,tanimoto,30,1464,0.6568880567818709,0.5971921742065073,0.059695882575363624,39.78551912568306,0.2968429881692154,0.32937969220010643,-0.03253670403089104
CHEMBL1784_EC50,CHEMBL1784_EC50,ecfp6/tanimoto/k10,ecfp6,tanimoto,10,1464,0.7553536393303268,0.7198287526127468,0.03552488671758003,13.684426229508198,0.23713859869081855,0.24149288020814905,-0.004354281517330499
CHEMBL1784_EC50,CHEMBL1784_EC50,maccs/tanimoto/k10,maccs,tanimoto,10,1464,0.7133167540479993,0.6726537225830352,0.04066303146496408,14.315573770491802,0.27875484222873315,0.2965383412834476,-0.017783499054714436
CHEMBL1784_EC50,CHEMBL1784_EC50,rdkit/tanimoto/k10,rdkit,tanimoto,10,1464,0.7195338923644953,0.6336858262302661,0.08584806613422913,14.1051912568306,0.231249458878249,0.27556318201864666,-0.044313723140397665
CHEMBL1784_EC50,CHEMBL1784_EC50,atompair/tanimoto/k10,atompair,tanimoto,10,1464,0.745441757442436,0.7056207238360434,0.039821033606392664,13.744535519125684,0.24417513656756706,0.2782282760649132,-0.03405313949734612
CHEMBL1784_EC50,CHEMBL1784_EC50,ecfp4/dice/k10,ecfp4,dice,10,1464,0.7482157958178667,0.7109263365388245,0.03728945927904215,13.691256830601093,0.24340211124920885,0.23051077795696112,0.01289133329224773
CHEMBL1784_EC50,CHEMBL1784_EC50,ecfp4/cosine/k10,ecfp4,cosine,10,1464,0.7453775507003411,0.7096220095713844,0.035755541128956625,13.688524590163935,0.24790470721356384,0.23121134027772025,0.016693366935843584
CHEMBL1833_Ki,CHEMBL1833_Ki,ecfp4/tanimoto/k5,ecfp4,tanimoto,5,1655,0.48340268725101077,0.38459085124228237,0.0988118360087284,6.8942598187311175,0.5408673064918044,0.6391940804734042,-0.09832677398159984
CHEMBL1833_Ki,CHEMBL1833_Ki,ecfp4/tanimoto/k10,ecfp4,tanimoto,10,1655,0.4002432488888049,0.30737886143049786,0.09286438745830705,13.682175226586102,0.5761544775098384,0.6598216772903059,-0.08366719978046755
CHEMBL1833_Ki,CHEMBL1833_Ki,ecfp4/tanimoto/k20,ecfp4,tanimoto,20,1655,0.30491890502147717,0.21169866420085176,0.09322024082062541,27.04773413897281,0.6412759209478548,0.6713748750008643,-0.030098954053009552
CHEMBL1833_Ki,CHEMBL1833_Ki,ecfp4/tanimoto/k30,ecfp4,tanimoto,30,1655,0.23828866952959404,0.1598316787124694,0.07845699081712465,40.14380664652568,0.7112599503628658,0.7239296589463643,-0.012669708583498474
CHEMBL1833_Ki,CHEMBL1833_Ki,ecfp6/tanimoto/k10,ecfp6,tanimoto,10,1655,0.40002219763261415,0.3129202740155439,0.08710192361707025,13.67129909365559,0.5815838513487612,0.6588016964909228,-0.07721784514216157
CHEMBL1833_Ki,CHEMBL1833_Ki,maccs/tanimoto/k10,maccs,tanimoto,10,1655,0.3487863856787064,0.26827471502372224,0.08051167065498416,13.985498489425982,0.6438744721639372,0.6611247359004007,-0.017250263736463434
CHEMBL1833_Ki,CHEMBL1833_Ki,rdkit/tanimoto/k10,rdkit,tanimoto,10,1655,0.3126225921147078,0.23455670373007767,0.0780658883846301,14.082175226586102,0.6858558491276545,0.7938266836430438,-0.10797083451538925
CHEMBL1833_Ki,CHEMBL1833_Ki,atompair/tanimoto/k10,atompair,tanimoto,10,1655,0.34946032023283324,0.26514861253034283,0.08431170770249041,13.775226586102718,0.6397131108116421,0.6752780819654509,-0.035564971153808855
CHEMBL1833_Ki,CHEMBL1833_Ki,ecfp4/dice/k10,ecfp4,dice,10,1655,0.4002432488888049,0.30737886143049786,0.09286438745830705,13.682175226586102,0.5761544775098384,0.6598216772903059,-0.08366719978046755
CHEMBL1833_Ki,CHEMBL1833_Ki,ecfp4/cosine/k10,ecfp4,cosine,10,1655,0.4030184257257197,0.3093245145663345,0.09369391115938525,13.677341389728097,0.5723552116582616,0.6533653659443902,-0.08101015428612857
CHEMBL4227_EC50,CHEMBL4227_EC50,ecfp4/tanimoto/k5,ecfp4,tanimoto,5,1332,0.5593188895505639,0.5090982482970954,0.05022064125346848,7.021021021021021,0.4886408195365486,0.49649317017094613,-0.007852350634397542
CHEMBL4227_EC50,CHEMBL4227_EC50,ecfp4/tanimoto/k10,ecfp4,tanimoto,10,1332,0.5199645042237123,0.4636298855499775,0.05633461867373479,13.732732732732734,0.4773378885475552,0.47820556901395855,-0.0008676804664033422
CHEMBL4227_EC50,CHEMBL4227_EC50,ecfp4/tanimoto/k20,ecfp4,tanimoto,20,1332,0.4542017145941229,0.3894185096951242,0.06478320489899869,26.995495495495497,0.5115441550221224,0.5395226472915204,-0.02797849226939808
CHEMBL4227_EC50,CHEMBL4227_EC50,ecfp4/tanimoto/k30,ecfp4,tanimoto,30,1332,0.400169334551197,0.33263776734666706,0.06753156720452996,40.51651651651652,0.5545445059993842,0.588268019873055,-0.033723513873670785
CHEMBL4227_EC50,CHEMBL4227_EC50,ecfp6/tanimoto/k10,ecfp6,tanimoto,10,1332,0.5247383252541212,0.4742149037812005,0.050523421472920715,13.752252252252251,0.47731676289483804,0.4851689522106372,-0.007852189315799174
CHEMBL4227_EC50,CHEMBL4227_EC50,maccs/tanimoto/k10,maccs,tanimoto,10,1332,0.4676893676442722,0.433780774150804,0.0339085934934682,13.84084084084084,0.5550239614471794,0.5909271550911025,-0.03590319364392314
CHEMBL4227_EC50,CHEMBL4227_EC50,rdkit/tanimoto/k10,rdkit,tanimoto,10,1332,0.4811701538977933,0.42601102871847574,0.055159125179317536,14.23123123123123,0.5210696180510417,0.5411366304068597,-0.02006701235581798
CHEMBL4227_EC50,CHEMBL4227_EC50,atompair/tanimoto/k10,atompair,tanimoto,10,1332,0.5005729602487426,0.43670981741877685,0.0638631428299658,13.758258258258259,0.491892915179414,0.5046970338301471,-0.012804118650733054
CHEMBL4227_EC50,CHEMBL4227_EC50,ecfp4/dice/k10,ecfp4,dice,10,1332,0.5199645042237123,0.4636298855499775,0.05633461867373479,13.732732732732734,0.4773378885475552,0.47820556901395855,-0.0008676804664033422
CHEMBL4227_EC50,CHEMBL4227_EC50,ecfp4/cosine/k10,ecfp4,cosine,10,1332,0.5175663055248639,0.4612159153413676,0.05635039018349636,13.747747747747749,0.4799617127575031,0.48465289770728914,-0.0046911849497860425
CHEMBL211_Ki,CHEMBL211_Ki,ecfp4/tanimoto/k5,ecfp4,tanimoto,5,1564,0.6863189001633948,0.6242982636709575,0.062020636492437275,6.845268542199489,0.32680081060997646,0.27838966391455816,0.048411146695418295
CHEMBL211_Ki,CHEMBL211_Ki,ecfp4/tanimoto/k10,ecfp4,tanimoto,10,1564,0.6260890399704975,0.5576976311399876,0.06839140883050987,13.601023017902813,0.349749788084994,0.315471960114578,0.03427782797041601
CHEMBL211_Ki,CHEMBL211_Ki,ecfp4/tanimoto/k20,ecfp4,tanimoto,20,1564,0.5495868793512436,0.47546499407855136,0.07412188527269226,26.379795396419436,0.4025179856721366,0.36565160119363205,0.036866384478504544
CHEMBL211_Ki,CHEMBL211_Ki,ecfp4/tanimoto/k30,ecfp4,tanimoto,30,1564,0.48610383176207506,0.40122230264155934,0.08488152912051572,39.67391304347826,0.4489738956960241,0.40942377907525285,0.039550116620771236
CHEMBL211_Ki,CHEMBL211_Ki,ecfp6/tanimoto/k10,ecfp6,tanimoto,10,1564,0.62782631757668,0.5572245683843451,0.07060174919233486,13.59079283887468,0.3458494763925508,0.31108188069659604,0.03476759569595478
CHEMBL211_Ki,CHEMBL211_Ki,maccs/tanimoto/k10,maccs,tanimoto,10,1564,0.5692865039245648,0.5187672483807619,0.05051925554380288,13.768542199488492,0.42831751569355614,0.40589638206652634,0.0224211336270298
CHEMBL211_Ki,CHEMBL211_Ki,rdkit/tanimoto/k10,rdkit,tanimoto,10,1564,0.5642554589359722,0.5083341051425381,0.0559213537934341,14.029411764705882,0.42898977675634,0.38015270018078456,0.048837076575555416
CHEMBL211_Ki,CHEMBL211_Ki,atompair/tanimoto/k10,atompair,tanimoto,10,1564,0.6579119645266309,0.5958663840498273,0.06204558047680364,13.572890025575447,0.32045581659158273,0.28938468403313844,0.031071132558444292
CHEMBL211_Ki,CHEMBL211_Ki,ecfp4/dice/k10,ecfp4,dice,10,1564,0.6260890399704975,0.5576976311399876,0.06839140883050987,13.601023017902813,0.349749788084994,0.315471960114578,0.03427782797041601
CHEMBL211_Ki,CHEMBL211_Ki,ecfp4/cosine/k10,ecfp4,cosine,10,1564,0.6274969806649577,0.5582236050749441,0.06927337559001367,13.608695652173912,0.34740728323753434,0.3207594895988939,0.02664779363864045
CHEMBL344_Ki,CHEMBL344_Ki,ecfp4/tanimoto/k5,ecfp4,tanimoto,5,1593,0.487036150411234,0.41993076088282677,0.06710538952840722,6.7445072190834905,0.5618723078837934,0.5848793553704196,-0.023007047486626186
CHEMBL344_Ki,CHEMBL344_Ki,ecfp4/tanimoto/k10,ecfp4,tanimoto,10,1593,0.4214743486615958,0.37709497377137946,0.04437937489021632,13.11487758945386,0.59643677907105,0.5980681724306426,-0.0016313933595926144
CHEMBL344_Ki,CHEMBL344_Ki,ecfp4/tanimoto/k20,ecfp4,tanimoto,20,1593,0.34612084078438676,0.30213624885897655,0.04398459192541021,25.605775266792214,0.6447877548472543,0.6509730602433496,-0.0061853053960952975
CHEMBL344_Ki,CHEMBL344_Ki,ecfp4/tanimoto/k30,ecfp4,tanimoto,30,1593,0.29698064158510534,0.24367461914037317,0.053306022444732176,38.08160703075957,0.6749241819988169,0.6983624295115262,-0.023438247512709287
CHEMBL344_Ki,CHEMBL344_Ki,ecfp6/tanimoto/k10,ecfp6,tanimoto,10,1593,0.4225565571345231,0.3796982404744805,0.04285831666004264,13.11864406779661,0.5966153021579863,0.6173091241590726,-0.02069382200108627
CHEMBL344_Ki,CHEMBL344_Ki,maccs/tanimoto/k10,maccs,tanimoto,10,1593,0.33868972592402335,0.28341548187165216,0.05527424405237119,13.603264281230382,0.6776944818364403,0.6470690798586886,0.030625401977751765
CHEMBL344_Ki,CHEMBL344_Ki,rdkit/tanimoto/k10,rdkit,tanimoto,10,1593,0.40984130586924505,0.355017141279858,0.05482416458938705,13.67231638418079,0.5998328154133821,0.6220064229710441,-0.022173607557662067
CHEMBL344_Ki,CHEMBL344_Ki,atompair/tanimoto/k10,atompair,tanimoto,10,1593,0.4086894592334285,0.35191028338706765,0.05677917584636083,13.171374764595104,0.599340336581504,0.5997264280388332,-0.00038609145732926287
CHEMBL344_Ki,CHEMBL344_Ki,ecfp4/dice/k10,ecfp4,dice,10,1593,0.4214743486615958,0.37709497377137946,0.04437937489021632,13.11487758945386,0.59643677907105,0.5980681724306426,-0.0016313933595926144
CHEMBL344_Ki,CHEMBL344_Ki,ecfp4/cosine/k10,ecfp4,cosine,10,1593,0.4216080505030151,0.3758102553694332,0.0457977951335819,13.112366603892028,0.5950131288264597,0.5994129522290137,-0.0043998234025539595
CHEMBL240_Ki,CHEMBL240_Ki,ecfp4/tanimoto/k5,ecfp4,tanimoto,5,1485,0.6362138830885147,0.5854477594446944,0.05076612364382027,6.786531986531987,0.39593044137872613,0.3417843581624627,0.05414608321626341
CHEMBL240_Ki,CHEMBL240_Ki,ecfp4/tanimoto/k10,ecfp4,tanimoto,10,1485,0.5722638405787761,0.5183745849592383,0.053889255619537835,13.100336700336701,0.42200944530576234,0.3942333881868949,0.027776057118867437
CHEMBL240_Ki,CHEMBL240_Ki,ecfp4/tanimoto/k20,ecfp4,tanimoto,20,1485,0.47889536834123553,0.41561090076123336,0.06328446758000217,26.025589225589226,0.4870396190407006,0.4698891601606363,0.01715045888006428
CHEMBL240_Ki,CHEMBL240_Ki,ecfp4/tanimoto/k30,ecfp4,tanimoto,30,1485,0.405615770286458,0.30844375963074583,0.09717201065571218,39.702356902356904,0.520264093736805,0.5269053585655147,-0.0066412648287096365
CHEMBL240_Ki,CHEMBL240_Ki,ecfp6/tanimoto/k10,ecfp6,tanimoto,10,1485,0.5702401813558522,0.5169050448606587,0.0533351364951935,13.107070707070706,0.42473417766288857,0.41172972376890493,0.013004453893983636
CHEMBL240_Ki,CHEMBL240_Ki,maccs/tanimoto/k10,maccs,tanimoto,10,1485,0.4996113286574127,0.43684501624553224,0.06276631241188046,13.536700336700337,0.4939378573061538,0.446128272325389,0.04780958498076482
CHEMBL240_Ki,CHEMBL240_Ki,rdkit/tanimoto/k10,rdkit,tanimoto,10,1485,0.49597252948735265,0.3835088333408148,0.11246369614653784,13.555555555555555,0.453212891032028,0.491558461210393,-0.038345570178364985
CHEMBL240_Ki,CHEMBL240_Ki,atompair/tanimoto/k10,atompair,tanimoto,10,1485,0.5744266837686434,0.5222272216811306,0.052199462087512805,13.26060606060606,0.42115113197573084,0.41099801067051983,0.01015312130521101
CHEMBL240_Ki,CHEMBL240_Ki,ecfp4/dice/k10,ecfp4,dice,10,1485,0.5722638405787761,0.5183745849592383,0.053889255619537835,13.100336700336701,0.42200944530576234,0.3942333881868949,0.027776057118867437
CHEMBL240_Ki,CHEMBL240_Ki,ecfp4/cosine/k10,ecfp4,cosine,10,1485,0.5709362905301477,0.5145317816437058,0.056404508886441884,13.11919191919192,0.4212060224190399,0.39009574726864027,0.031110275150399658
CHEMBL3759_Ki,CHEMBL3759_Ki,ecfp4/tanimoto/k5,ecfp4,tanimoto,5,1342,0.6041001083484261,0.5254390080581328,0.07866110029029327,6.818181818181818,0.41215098974965403,0.4072750715930182,0.00487591815663585
CHEMBL3759_Ki,CHEMBL3759_Ki,ecfp4/tanimoto/k10,ecfp4,tanimoto,10,1342,0.5319512826266869,0.4477492830737602,0.08420199955292668,13.435171385991058,0.4390717895130105,0.43757902336838544,0.0014927661446250684
CHEMBL3759_Ki,CHEMBL3759_Ki,ecfp4/tanimoto/k20,ecfp4,tanimoto,20,1342,0.46155024031720104,0.38825568866733234,0.0732945516498687,26.517138599105813,0.49574242359956355,0.4926672480737434,0.0030751755258201507
CHEMBL3759_Ki,CHEMBL3759_Ki,ecfp4/tanimoto/k30,ecfp4,tanimoto,30,1342,0.41991488845932934,0.35239992479987503,0.06751496365945431,39.99552906110283,0.5341568170545541,0.5297665466787964,0.004390270375757677
CHEMBL3759_Ki,CHEMBL3759_Ki,ecfp6/tanimoto/k10,ecfp6,tanimoto,10,1342,0.5256047070793783,0.44417637519199343,0.08142833188738491,13.35618479880775,0.4485493235140374,0.4533959418058537,-0.004846618291816263
CHEMBL3759_Ki,CHEMBL3759_Ki,maccs/tanimoto/k10,maccs,tanimoto,10,1342,0.44974449178420983,0.3876904503006424,0.06205404148356741,13.865871833084947,0.5494324217021587,0.4884590575223616,0.060973364179797096
CHEMBL3759_Ki,CHEMBL3759_Ki,rdkit/tanimoto/k10,rdkit,tanimoto,10,1342,0.4978326182470751,0.432226314381326,0.06560630386574906,13.833084947839046,0.49333844644904323,0.5304585117080386,-0.03712006525899536
CHEMBL3759_Ki,CHEMBL3759_Ki,atompair/tanimoto/k10,atompair,tanimoto,10,1342,0.5055610384449957,0.419917719866866,0.08564331857812968,13.394932935916543,0.4668038709901883,0.4601318435876603,0.00667202740252798
CHEMBL3759_Ki,CHEMBL3759_Ki,ecfp4/dice/k10,ecfp4,dice,10,1342,0.5319512826266869,0.4477492830737602,0.08420199955292668,13.435171385991058,0.4390717895130105,0.43757902336838544,0.0014927661446250684
CHEMBL3759_Ki,CHEMBL3759_Ki,ecfp4/cosine/k10,ecfp4,cosine,10,1342,0.5333275371863515,0.4503170449182552,0.08301049226809631,13.433681073025335,0.4386302660537267,0.4361732180075424,0.002457048046184296
CHEMBL2056_Ki,CHEMBL2056_Ki,ecfp4/tanimoto/k5,ecfp4,tanimoto,5,1265,0.6246083809684762,0.5506715198983683,0.07393686107010788,6.863241106719368,0.3913204539817423,0.42730388426681337,-0.03598343028507106
CHEMBL2056_Ki,CHEMBL2056_Ki,ecfp4/tanimoto/k10,ecfp4,tanimoto,10,1265,0.5510389228492543,0.4672524616419638,0.08378646120729044,13.677470355731225,0.41844936977925906,0.43982321986146994,-0.021373850082210877
CHEMBL2056_Ki,CHEMBL2056_Ki,ecfp4/tanimoto/k20,ecfp4,tanimoto,20,1265,0.4715999153194331,0.3990113105882685,0.07258860473116463,27.671146245059287,0.4858609144199888,0.49611663268881745,-0.01025571826882865
CHEMBL2056_Ki,CHEMBL2056_Ki,ecfp4/tanimoto/k30,ecfp4,tanimoto,30,1265,0.42133617496975395,0.35797919536475975,0.0633569796049942,41.938339920948614,0.5367075389130933,0.5426421697937927,-0.005934630880699343
CHEMBL2056_Ki,CHEMBL2056_Ki,ecfp6/tanimoto/k10,ecfp6,tanimoto,10,1265,0.5561129230961486,0.4735073404148804,0.08260558268126816,13.560474308300396,0.4139307601810953,0.43644660750475717,-0.022515847323661853
CHEMBL2056_Ki,CHEMBL2056_Ki,maccs/tanimoto/k10,maccs,tanimoto,10,1265,0.49271795930069784,0.42932479526259326,0.06339316403810458,13.996837944664032,0.5009563971349382,0.49122050789269034,0.009735889242247886
CHEMBL2056_Ki,CHEMBL2056_Ki,rdkit/tanimoto/k10,rdkit,tanimoto,10,1265,0.5334801024444905,0.4558760274157857,0.07760407502870481,13.876679841897234,0.4433282197852262,0.37635010677382413,0.06697811301140205
CHEMBL2056_Ki,CHEMBL2056_Ki,atompair/tanimoto/k10,atompair,tanimoto,10,1265,0.5040013795127348,0.4299707930697229,0.07403058644301191,13.840316205533597,0.47897095473728113,0.42747294857836104,0.051498006158920084
CHEMBL2056_Ki,CHEMBL2056_Ki,ecfp4/dice/k10,ecfp4,dice,10,1265,0.5510389228492543,0.4672524616419638,0.08378646120729044,13.677470355731225,0.41844936977925906,0.43982321986146994,-0.021373850082210877
CHEMBL2056_Ki,CHEMBL2056_Ki,ecfp4/cosine/k10,ecfp4,cosine,10,1265,0.5533675965020455,0.4690531702560583,0.08431442624598717,13.688537549407114,0.4154126602263617,0.4396373204306998,-0.02422466020433811
