dataset,cluster,k,n,assortativity,rho_shared_neighbour,mean_degree,predicted_rel_mse,measured_rel_mse,error,skill_floor
CHEMBL217_Ki,CHEMBL217_Ki,3,8205,0.6835107688489078,0.6172123241636067,4.153077391834247,0.37778667841125535,0.365934522729666,0.011852155681589371,0.39507477922501366
CHEMBL217_Ki,CHEMBL217_Ki,5,8205,0.6519809860232539,0.5816033514352698,6.804875076173065,0.3613207091017079,0.3485855799053139,0.012735129196393968,0.40958863501342224
CHEMBL217_Ki,CHEMBL217_Ki,10,8205,0.5919193612358656,0.521661152491862,13.494454600853139,0.38565631477094464,0.3749556437056668,0.010700671065277834,0.38766378213789543
CHEMBL217_Ki,CHEMBL217_Ki,20,8205,0.5138491776527544,0.4317689578011054,27.024009750152345,0.4324821546055413,0.4224921832909431,0.009989971314598167,0.350006012880932
CHEMBL217_Ki,CHEMBL217_Ki,40,8205,0.42557854857236393,0.334160327576075,54.55746496039001,0.4996492222419452,0.5082616966775856,-0.008612474435640394,0.28707525174280446
CHEMBL205_Ki,CHEMBL205_Ki,3,7636,0.6614927233620659,0.5793890509488084,4.0675746464117335,0.3966072539084071,0.37514721268049017,0.02146004122791695,0.3875073774481115
CHEMBL205_Ki,CHEMBL205_Ki,5,7636,0.6104113408840862,0.5180030326658981,6.607386066003143,0.3935797443645461,0.3952078967559686,-0.0016281523914224993,0.3713443734794314
CHEMBL205_Ki,CHEMBL205_Ki,10,7636,0.5211174031053739,0.4149700129309445,12.990570979570455,0.43123820542710223,0.4541828761611915,-0.02294467073408929,0.3260690865072359
CHEMBL205_Ki,CHEMBL205_Ki,20,7636,0.41102295203811806,0.29388555411203426,26.327134625458356,0.5071453723301965,0.5436966887881546,-0.03655131645795806,0.2626420890855279
CHEMBL205_Ki,CHEMBL205_Ki,40,7636,0.2989420283277003,0.1840842497330697,54.521477213200626,0.6065980868343422,0.6355465097123483,-0.02894842287800603,0.20278829053234027
CHEMBL261_Ki,CHEMBL261_Ki,3,7082,0.6639783449752122,0.5848448177181619,4.05450437729455,0.39527318852835003,0.4278909407825259,-0.03261775225417585,0.3458662668975664
CHEMBL261_Ki,CHEMBL261_Ki,5,7082,0.6145836322514043,0.5302179930306542,6.602937023439706,0.3950071299217146,0.4245166275527775,-0.02950949763106292,0.3484505946954003
CHEMBL261_Ki,CHEMBL261_Ki,10,7082,0.5259616898123023,0.42876704814844563,12.956791866704322,0.43396696370899646,0.45944835226650765,-0.025481388557511198,0.3221738037914825
CHEMBL261_Ki,CHEMBL261_Ki,20,7082,0.4050926795331342,0.29101675961791,26.29370234397063,0.5162805625707461,0.5388578607910994,-0.02257729822035337,0.2659306158195266
CHEMBL261_Ki,CHEMBL261_Ki,40,7082,0.2754666375552812,0.1730039495686393,54.47472465405253,0.6427455757188607,0.642728351310524,1.7224408336735664e-05,0.19829659392608046
CHEMBL3594_Ki,CHEMBL3594_Ki,3,5779,0.6418304657183134,0.5401710014230224,4.094133933206437,0.40978640284538814,0.38245278622379136,0.02733361662159678,0.3815723274110453
CHEMBL3594_Ki,CHEMBL3594_Ki,5,5779,0.5908315683886951,0.491811812921863,6.620868662398339,0.4117863135601001,0.41424657277354815,-0.002460259213448057,0.356380102254795
CHEMBL3594_Ki,CHEMBL3594_Ki,10,5779,0.5038326921820945,0.4039054920086403,12.902232220107285,0.4558495584435873,0.468105886743773,-0.012256328300185693,0.3158173586360342
CHEMBL3594_Ki,CHEMBL3594_Ki,20,5779,0.3924094843640796,0.278570064495478,25.985464613254887,0.5298225925425449,0.562829566536275,-0.03300697399373009,0.24978032114834858
CHEMBL3594_Ki,CHEMBL3594_Ki,40,5779,0.2658488203072251,0.16195988158265656,54.14154698044644,0.6512132439286398,0.6784457849653455,-0.027232541036705693,0.17632179525900682
CHEMBL251_Ki,CHEMBL251_Ki,3,5286,0.7241695663849091,0.6539496404697718,4.167234203556564,0.32096062754336274,0.3055728048501418,0.01538782269322092,0.44721359925361603
CHEMBL251_Ki,CHEMBL251_Ki,5,5286,0.6927442509802896,0.6257640275374649,6.824441922058267,0.3151227200693927,0.3035919795234116,0.011530740545981077,0.44900818561124556
CHEMBL251_Ki,CHEMBL251_Ki,10,5286,0.6441574510325299,0.5850943763525126,13.34998108210367,0.3382700366522018,0.33905509827110414,-0.0007850616189023496,0.41771562079074787
CHEMBL251_Ki,CHEMBL251_Ki,20,5286,0.5810571242734338,0.5268696596094294,26.614074914869466,0.38841192808209035,0.38619884500027934,0.002213083081811007,0.3785510117473202
CHEMBL251_Ki,CHEMBL251_Ki,40,5286,0.5094340342497199,0.4456435824599999,53.658721150208095,0.4406344243990601,0.43369627926643567,0.006938145132624418,0.3414437918700973
CHEMBL224_Ki,CHEMBL224_Ki,3,4653,0.7069627363647157,0.6474179369475845,4.160326670964968,0.35101981856895814,0.39106424039039,-0.040044421821431864,0.3746487064134352
CHEMBL224_Ki,CHEMBL224_Ki,5,4653,0.6735532617067677,0.612746732544787,6.785299806576402,0.34309086262229416,0.38721992767225116,-0.044129065049957006,0.377730020270742
CHEMBL224_Ki,CHEMBL224_Ki,10,4653,0.6123069596232147,0.5594512512494793,13.475607135181603,0.3788922068781022,0.4147542550622762,-0.03586204818417399,0.3559858269709616
CHEMBL224_Ki,CHEMBL224_Ki,20,4653,0.557950784088312,0.5035445030060519,26.901783795400817,0.4124657096791253,0.45660044553103385,-0.044134735851908524,0.32427783406859156
CHEMBL224_Ki,CHEMBL224_Ki,40,4653,0.49645529532120203,0.4343501992689933,53.69009241349667,0.45558085364486445,0.49141653276730346,-0.03583567912243901,0.29898892108091224
CHEMBL1628481_EC50,CHEMBL1628481_EC50,3,3215,0.5574938932024481,0.45658550297881,4.209642301710731,0.5227358822476436,0.5495296020375873,-0.026793719789943715,0.2586973613714927
CHEMBL1628481_EC50,CHEMBL1628481_EC50,5,3215,0.5102435342641545,0.4123528509554093,6.9517884914463455,0.5093952122360186,0.512181250342694,-0.002786038106675437,0.2843316058797245
CHEMBL1628481_EC50,CHEMBL1628481_EC50,10,3215,0.4557569015426612,0.3728809302016927,13.769828926905133,0.524079034096201,0.5620855361839813,-0.038006502087780225,0.2502763601272925
CHEMBL1628481_EC50,CHEMBL1628481_EC50,20,3215,0.39046573131741397,0.30815888417393167,27.54339035769829,0.5618194773304072,0.6001027333296921,-0.03828325599928495,0.22533701951771823
CHEMBL1628481_EC50,CHEMBL1628481_EC50,40,3215,0.3221069494923442,0.24772574850319248,55.325660964230174,0.6223187058059241,0.6421083266237428,-0.019789620817818765,0.19868337929146707
CHEMBL256_Ki,CHEMBL256_Ki,3,4276,0.7025339771570694,0.6365730488689582,4.114125350795136,0.35264741159849966,0.3494159670672085,0.00323144453129115,0.4088858256925245
CHEMBL256_Ki,CHEMBL256_Ki,5,4276,0.6726528089995053,0.6095075269885715,6.715154349859682,0.34230040359184666,0.3601696397442084,-0.017869236152361745,0.39985865019629885
CHEMBL256_Ki,CHEMBL256_Ki,10,4276,0.6068571122491742,0.5389270095283147,13.21936389148737,0.3713200840771351,0.38595185446717833,-0.014631770390043208,0.3787497650163999
CHEMBL256_Ki,CHEMBL256_Ki,20,4276,0.531530978290919,0.45488035928328574,26.55472404115996,0.41907438473728353,0.45682447345952554,-0.037750088722242,0.3241120851357634
CHEMBL256_Ki,CHEMBL256_Ki,40,4276,0.43050056015592647,0.34046165022829966,53.735266604303085,0.4959489886607392,0.5480973121721716,-0.05214832351143239,0.25966405451837504
CHEMBL3242_Ki,CHEMBL3242_Ki,3,4624,0.6499756201787137,0.5795183249358108,4.076989619377162,0.41972764293311293,0.43548540225000604,-0.015757759316893105,0.34008682218794417
CHEMBL3242_Ki,CHEMBL3242_Ki,5,4624,0.604907095389583,0.529642907918521,6.570934256055363,0.41390013555565086,0.412309415229529,0.0015907203261218417,0.3578867582509071
CHEMBL3242_Ki,CHEMBL3242_Ki,10,4624,0.5236780952596303,0.4290771122469711,12.77984429065744,0.4388132105030136,0.4647738707961197,-0.02596066029310612,0.3182567412903009
CHEMBL3242_Ki,CHEMBL3242_Ki,20,4624,0.4071813749350565,0.29257634488485695,25.893166089965398,0.513584777770501,0.5499624266766044,-0.0363776489061034,0.25840548365255256
CHEMBL3242_Ki,CHEMBL3242_Ki,40,4624,0.279612075434827,0.1775399951974436,53.957612456747405,0.6388773444478533,0.6642843507233112,-0.02540700627545789,0.1849635893266417
CHEMBL226_Ki,CHEMBL226_Ki,3,4386,0.6110404000822401,0.5321401674723373,4.141358869129047,0.4660126448170778,0.45379870276939105,0.012213942047686777,0.3263541711185387
CHEMBL226_Ki,CHEMBL226_Ki,5,4386,0.5652154483740057,0.4831913274695105,6.746466028271774,0.45612216522759685,0.43265508356746907,0.023467081660127787,0.342234780816537
CHEMBL226_Ki,CHEMBL226_Ki,10,4386,0.4999240680042367,0.4156491088948058,13.211126310989512,0.474236061996852,0.4709237055675966,0.0033123564292553698,0.3137611891130052
CHEMBL226_Ki,CHEMBL226_Ki,20,4386,0.3951163609949304,0.3094656278004716,26.233926128590973,0.5537596244205871,0.5744619787549915,-0.02070235433440437,0.2420672993233558
CHEMBL226_Ki,CHEMBL226_Ki,40,4386,0.28883079613728435,0.21362908147330617,52.962608299133606,0.6556267621619047,0.66806490506691,-0.012438142905005223,0.1826476249089931
CHEMBL253_Ki,CHEMBL253_Ki,3,4063,0.6502728094711302,0.5726422596488856,4.189022889490524,0.4145492208236632,0.4529584256790475,-0.038409204855384294,0.3269781387807321
CHEMBL253_Ki,CHEMBL253_Ki,5,4063,0.6234852264947979,0.5515226736301501,6.881614570514398,0.3942476859145243,0.4413251657742591,-0.047077479859734817,0.33567691160531
CHEMBL253_Ki,CHEMBL253_Ki,10,4063,0.5596806317821306,0.49211812789606885,13.44622200344573,0.423545051542201,0.4933420365325865,-0.0697969849903855,0.2976168876371055
CHEMBL253_Ki,CHEMBL253_Ki,20,4063,0.48029561362280776,0.41427473036285745,26.773812453851832,0.4829697665990992,0.5521544310724548,-0.06918466447335558,0.2569290538094934
CHEMBL253_Ki,CHEMBL253_Ki,40,4063,0.3977726783418237,0.3410606348862895,53.3999507752892,0.5619887623304847,0.624700643618791,-0.06271188128830629,0.20961993723349082
CHEMBL3371_Ki,CHEMBL3371_Ki,3,3904,0.685495784577031,0.5876948545512182,4.140881147540983,0.3541383338800834,0.3659981112149986,-0.011859777334915167,0.39502222254449826
CHEMBL3371_Ki,CHEMBL3371_Ki,5,3904,0.6564425374184709,0.5762918336734293,6.785348360655738,0.3481483921018016,0.3601205143784416,-0.011972122276640018,0.39989957975482004
CHEMBL3371_Ki,CHEMBL3371_Ki,10,3904,0.5975902209263451,0.5203195299626453,13.425204918032787,0.37310713511369076,0.3900905305388083,-0.016983395425117565,0.37542772192579
CHEMBL3371_Ki,CHEMBL3371_Ki,20,3904,0.5240960539218241,0.45031491392948014,26.710040983606557,0.42960706038935803,0.4325866057056383,-0.002979545316280252,0.3422868362989545
CHEMBL3371_Ki,CHEMBL3371_Ki,40,3904,0.43939114733935386,0.3557997104609415,53.42571721311475,0.4931224230207102,0.4980826771580859,-0.004960254137375719,0.2942502730017631
CHEMBL5113_Ki,CHEMBL5113_Ki,3,2272,0.728390796506627,0.6600923625524535,4.180457746478873,0.31661331535504833,0.3042635127245979,0.012349802630450435,0.44839913639969897
CHEMBL5113_Ki,CHEMBL5113_Ki,5,2272,0.6981080281117399,0.63170108471542,6.861795774647887,0.3091448115488562,0.31233378078105145,-0.003188969232195249,0.44113169638898697
CHEMBL5113_Ki,CHEMBL5113_Ki,10,2272,0.6532916178717078,0.6015765444984177,13.461267605633802,0.3348356543051605,0.34223579942759197,-0.0074001451224314785,0.41499076979282457
CHEMBL5113_Ki,CHEMBL5113_Ki,20,2272,0.6095072732708612,0.5566578717035054,26.379401408450704,0.35981043157660797,0.4036612373239172,-0.04385080574730921,0.36465659889795254
CHEMBL5113_Ki,CHEMBL5113_Ki,40,2272,0.5344137352979658,0.47741965274938464,53.13028169014085,0.42165669083471835,0.46887417994931785,-0.0472174891145995,0.3152561209113893
CHEMBL2292_EC50,CHEMBL2292_EC50,3,1857,0.50447231155487,0.37197113416605543,4.185245018847604,0.5723694663342969,0.5927710416126893,-0.02040157527839248,0.23008374376644747
CHEMBL2292_EC50,CHEMBL2292_EC50,5,1857,0.49184453709906156,0.3703473715679779,6.845449649973075,0.5125888230562593,0.5841450084528386,-0.07155618539657926,0.23570620279055088
CHEMBL2292_EC50,CHEMBL2292_EC50,10,1857,0.4345197124246565,0.33943481601565895,13.518578352180937,0.5364519095647802,0.5751181846063433,-0.03866627504156317,0.24163453097708665
CHEMBL2292_EC50,CHEMBL2292_EC50,20,1857,0.36287882416094464,0.2729830191033151,26.703284868066774,0.5835762198262602,0.6434749332075675,-0.05989871338130737,0.19783110680632376
CHEMBL2292_EC50,CHEMBL2292_EC50,40,1857,0.2886138623338557,0.21709200497373254,53.41626278944534,0.6594369801816776,0.7253158918603331,-0.06587891167865545,0.14834520381768934
CHEMBL1163125_Ki,CHEMBL1163125_Ki,3,1296,0.7798181583874618,0.7121565098109355,4.285493827160494,0.24846802309903326,0.28488068610200146,-0.03641266300296819,0.4662578468005347
CHEMBL1163125_Ki,CHEMBL1163125_Ki,5,1296,0.7446960057002834,0.669541036653524,6.952160493827161,0.2462408179222524,0.2876873884396239,-0.041446570517371495,0.4636350231049534
CHEMBL1163125_Ki,CHEMBL1163125_Ki,10,1296,0.6768655698724421,0.5891765370429206,13.510802469135802,0.27652774359374455,0.31812275312865795,-0.04159500953491341,0.4359762831860189
CHEMBL1163125_Ki,CHEMBL1163125_Ki,20,1296,0.5979373249372241,0.5165569643371803,26.59259259259259,0.34485446624587324,0.3803555563771892,-0.03550109013131597,0.3832702728283732
CHEMBL1163125_Ki,CHEMBL1163125_Ki,40,1296,0.474231555713738,0.3633605985822474,53.870370370370374,0.43081347219021504,0.4891199074800936,-0.058306435289878555,0.3006289200430907
CHEMBL3155_Ki,CHEMBL3155_Ki,3,2657,0.6505958391902661,0.5634999483028164,4.0669928490779075,0.40780828715467865,0.35086407855939317,0.056944208595285484,0.40766219219148847
CHEMBL3155_Ki,CHEMBL3155_Ki,5,2657,0.6108937852148912,0.5265816438837339,6.736921339856981,0.39947774467720465,0.3533833847993986,0.046094359877806024,0.40553941695062856
CHEMBL3155_Ki,CHEMBL3155_Ki,10,2657,0.5357174946520892,0.44983482061930274,13.314264207753105,0.43341634925319417,0.3864336800166968,0.046982669236497354,0.3783620989541445
CHEMBL3155_Ki,CHEMBL3155_Ki,20,2657,0.4406924144413175,0.3602411004308303,26.861121565675575,0.5108442165266537,0.4651178765193472,0.045726340007306465,0.3180044893700933
CHEMBL3155_Ki,CHEMBL3155_Ki,40,2657,0.34316059282028366,0.2603253186994182,53.789235980429055,0.5924960000913653,0.5822465061554783,0.010249493935886922,0.23694921128703472
CHEMBL225_Ki,CHEMBL225_Ki,3,2584,0.6287001861663448,0.5551591993546313,4.1671826625387,0.4460390939037311,0.4330200159477034,0.013019077956027691,0.3419574360668579
CHEMBL225_Ki,CHEMBL225_Ki,5,2584,0.5865166834307678,0.5143916403928548,6.8506191950464395,0.43847994545274815,0.4253921841528207,0.013087761299927447,0.34777903732491033
CHEMBL225_Ki,CHEMBL225_Ki,10,2584,0.509857174176103,0.44436364101446857,13.51780185758514,0.4802129285608159,0.4623536649957237,0.017859263565092154,0.32003407070962464
CHEMBL225_Ki,CHEMBL225_Ki,20,2584,0.4390049425166495,0.37987123715551624,26.58049535603715,0.5328677902644415,0.513563794427189,0.019303995837252508,0.2833663457336175
CHEMBL225_Ki,CHEMBL225_Ki,40,2584,0.3686377604340415,0.30552919095574554,52.723684210526315,0.5856154403137688,0.5488968239774915,0.036718616336277266,0.25912428574187185
CHEMBL4422_EC50,CHEMBL4422_EC50,3,2272,0.6249119027903316,0.5601492420543152,4.285211267605634,0.4569423557888801,0.5197604048501722,-0.06281804906129207,0.2790558933938275
CHEMBL4422_EC50,CHEMBL4422_EC50,5,2272,0.5976783558974657,0.5355347160130232,6.977992957746479,0.4330710610154873,0.4833952917124207,-0.05032423069693337,0.30473365412065234
CHEMBL4422_EC50,CHEMBL4422_EC50,10,2272,0.5450224130458442,0.4828083609700269,13.601232394366198,0.44448269878133595,0.49221292533803856,-0.047730226556702615,0.29842111966077645
CHEMBL4422_EC50,CHEMBL4422_EC50,20,2272,0.4871306669872589,0.4240041278569982,26.525528169014084,0.47854258748963063,0.5084576771776976,-0.029915089688066998,0.2869378167524955
CHEMBL4422_EC50,CHEMBL4422_EC50,40,2272,0.40514761340477684,0.32642896332504917,52.63028169014085,0.5329730124323692,0.5594688721849412,-0.02649585975257207,0.2520234815283696
CHEMBL614358_EC50,CHEMBL614358_EC50,3,1243,0.19309147421430922,0.15970963205088373,4.355591311343524,1.0536234729386371,1.0666452198884775,-0.013021746949840374,-0.032785176059608956
CHEMBL614358_EC50,CHEMBL614358_EC50,5,1243,0.1533438201853917,0.11845485544769566,7.145615446500402,0.9880762439873731,1.0311570513092112,-0.043080807321838055,-0.015459034776495129
CHEMBL614358_EC50,CHEMBL614358_EC50,10,1243,0.11322103326456127,0.07608092924385856,14.242960579243766,0.9420307697903502,1.0017806988294278,-0.05974992903907761,-0.0008899534061812542
CHEMBL614358_EC50,CHEMBL614358_EC50,20,1243,0.07901036803917506,0.0491014256652066,28.091713596138376,0.9386256183035961,0.9412723724335708,-0.0026467541299746156,0.029808074433944398
CHEMBL614358_EC50,CHEMBL614358_EC50,40,1243,0.044102557274254994,0.024104050835054052,55.40788415124698,0.9602963350156676,0.9672216264834955,-0.006925291467827943,0.01652573674574709
CHEMBL4860_Ki,CHEMBL4860_Ki,3,1243,0.8962297439720845,0.8698248354472974,4.222043443282382,0.1207570690206956,0.12890216927450238,-0.00814510025380677,0.640970517541383
CHEMBL4860_Ki,CHEMBL4860_Ki,5,1243,0.8860427258236394,0.8606677508587061,6.888173773129525,0.11644874903968594,0.13037229087387767,-0.013923541834191727,0.6389289669969666
CHEMBL4860_Ki,CHEMBL4860_Ki,10,1243,0.8725045698886278,0.8483083812792214,13.475462590506838,0.11846840337404374,0.12858424052794112,-0.010115837153897383,0.6414135522249327
CHEMBL4860_Ki,CHEMBL4860_Ki,20,1243,0.8529199714187097,0.8243145051666638,27.113435237329043,0.12725883707091112,0.15140453338470367,-0.024145696313792542,0.6108926454245517
CHEMBL4860_Ki,CHEMBL4860_Ki,40,1243,0.8133375735695941,0.7834670965355455,54.46339501206758,0.16220527198296852,0.2035658296961378,-0.041360557713169266,0.5488172989839506
CHEMBL5024_Ki,CHEMBL5024_Ki,3,1011,0.5325893283726495,0.4295936616593457,4.362017804154303,0.554550451027598,0.5658875201950394,-0.011337069167441371,0.24774504309041645
CHEMBL5024_Ki,CHEMBL5024_Ki,5,1011,0.5144449209305496,0.40946995710314915,7.101879327398615,0.4986861238214202,0.5413216892652675,-0.04263556544384728,0.2642543311270752
CHEMBL5024_Ki,CHEMBL5024_Ki,10,1011,0.4391634360102922,0.3443521663000704,13.90108803165183,0.5315900776494791,0.5919193404665086,-0.06032926281702955,0.2306370554370918
CHEMBL5024_Ki,CHEMBL5024_Ki,20,1011,0.3537965494215983,0.25960606499837846,27.659742828882294,0.5890326629052629,0.6419519052721138,-0.05291924236685086,0.19878098794891685
CHEMBL5024_Ki,CHEMBL5024_Ki,40,1011,0.26846510392324957,0.19700650728755237,54.253214638971315,0.6801511367588643,0.7823733036724616,-0.10222216691359731,0.11548131524966554
CHEMBL2000_Ki,CHEMBL2000_Ki,3,1080,0.6295141748649241,0.5474689133508149,4.314814814814815,0.4392842591706949,0.41716890882272206,0.02211535034797285,0.35411385769415826
CHEMBL2000_Ki,CHEMBL2000_Ki,5,1080,0.6034085193653991,0.5229994513317091,7.112962962962963,0.41158252233456905,0.38703879879432107,0.024543723540247975,0.3778755761149374
CHEMBL2000_Ki,CHEMBL2000_Ki,10,1080,0.5461332325025285,0.458324835707068,14.137037037037038,0.42022588713130427,0.40922241972779194,0.011003467403512324,0.36029505260019135
CHEMBL2000_Ki,CHEMBL2000_Ki,20,1080,0.41841228905160505,0.3255689586717622,27.95925925925926,0.522465932634964,0.5313102789317974,-0.008844346296833394,0.2710896633111879
CHEMBL2000_Ki,CHEMBL2000_Ki,40,1080,0.2853579121859102,0.191506398178981,55.72037037037037,0.6410029138526858,0.6791425593546284,-0.0381396455019426,0.17589893862789596
CHEMBL4333_EC50,CHEMBL4333_EC50,3,2464,0.6946728437371065,0.6344759114099507,4.173701298701299,0.3669715867990875,0.36305312330338524,0.00391846349570224,0.39746110224867204
CHEMBL4333_EC50,CHEMBL4333_EC50,5,2464,0.6710391308974156,0.6257135584015767,6.782467532467533,0.3584925849264302,0.3555930087073592,0.0028995762190709984,0.403683801404524
CHEMBL4333_EC50,CHEMBL4333_EC50,10,2464,0.6194148572864997,0.5736400864859297,13.223214285714286,0.37744636326433745,0.3946397619857649,-0.017193398721427444,0.37179640084940224
CHEMBL4333_EC50,CHEMBL4333_EC50,20,2464,0.5433053365611176,0.4887746949513691,26.125,0.42772528708156554,0.47325397467478286,-0.04552868759321732,0.3120654284928087
CHEMBL4333_EC50,CHEMBL4333_EC50,40,2464,0.45340609801342807,0.4055048490377037,52.121753246753244,0.5135550317849048,0.5574992490343286,-0.04394421724942377,0.2533412767305745
CHEMBL4550_Ki,CHEMBL4550_Ki,3,1513,0.5024723521294814,0.39875833848926706,4.2723066754791805,0.5942275214005486,0.6471469310575785,-0.0529194096570299,0.19554556930949873
CHEMBL4550_Ki,CHEMBL4550_Ki,5,1513,0.47001783599746827,0.37348561438785355,7.033707865168539,0.5587528195153464,0.5576962017614295,0.0010566177539168553,0.25320939898695194
CHEMBL4550_Ki,CHEMBL4550_Ki,10,1513,0.41508525596385415,0.32739821533302177,13.903502974223397,0.5644878818720114,0.5084145266967371,0.05607335517527423,0.28696807455995554
CHEMBL4550_Ki,CHEMBL4550_Ki,20,1513,0.3466085754350638,0.2598571313165151,27.54659616655651,0.6036471238805617,0.5436029299303395,0.0600441939502222,0.26270566940309414
CHEMBL4550_Ki,CHEMBL4550_Ki,40,1513,0.2784570688997172,0.19396997519715242,55.327164573694645,0.6572065880177891,0.6245301465536809,0.0326764414641082,0.20972780223920262
CHEMBL259_Ki,CHEMBL259_Ki,3,1982,0.7657997450230393,0.7000135383213835,4.269424823410696,0.26840953550151037,0.2712814695095474,-0.002871934008037036,0.4791531227802672
CHEMBL259_Ki,CHEMBL259_Ki,5,1982,0.7417681302253928,0.6871617044024128,6.934409687184662,0.26619310307114463,0.267934325250611,-0.001741222179466373,0.482376270587784
CHEMBL259_Ki,CHEMBL259_Ki,10,1982,0.6974640357297915,0.624139322605769,13.426841574167508,0.2667973188856092,0.2907073266081387,-0.02391000772252949,0.46082718298477
CHEMBL259_Ki,CHEMBL259_Ki,20,1982,0.616862609228278,0.5447511260428275,26.2744702320888,0.3337883512841302,0.34760213467816675,-0.01381378339403655,0.41042207073350623
CHEMBL259_Ki,CHEMBL259_Ki,40,1982,0.5099166269291013,0.4416244657147182,52.20383451059536,0.43575060021364753,0.4377025282312696,-0.0019519280176220621,0.3384090929953242
CHEMBL4822_Ki,CHEMBL4822_Ki,3,2217,0.6317154838328817,0.5520212156370305,4.089309878213802,0.43791650942559035,0.43520254802400743,0.0027139614015829205,0.3403011686958909
CHEMBL4822_Ki,CHEMBL4822_Ki,5,2217,0.6039438212365124,0.5243110870902229,6.7496617050067655,0.41156122719915356,0.4207235044845347,-0.00916227728538116,0.3513679745151842
CHEMBL4822_Ki,CHEMBL4822_Ki,10,2217,0.5357850901614466,0.455102840928525,13.232295895354081,0.4380223765127793,0.42940815641018953,0.008614220102589776,0.34470757946532793
CHEMBL4822_Ki,CHEMBL4822_Ki,20,2217,0.44154040866441874,0.34537444623037616,26.02255299954894,0.49502490659001996,0.5064679726840245,-0.011443066094004584,0.2883343673577987
CHEMBL4822_Ki,CHEMBL4822_Ki,40,2217,0.33130680160117054,0.2354019254167012,51.73658096526838,0.5919032740789425,0.6222524553408468,-0.030349181261904334,0.2111701987495358
CHEMBL222_Ki,CHEMBL222_Ki,3,1987,0.6482944835770047,0.5887552456921596,4.226472068444892,0.42924786330743037,0.4444066870556199,-0.015158823748189554,0.3333616519764109
CHEMBL222_Ki,CHEMBL222_Ki,5,1987,0.6122663627415567,0.5412215534582802,6.945143432310015,0.4084445172835107,0.4147502102762511,-0.006305692992740364,0.35598896727132767
CHEMBL222_Ki,CHEMBL222_Ki,10,1987,0.5535579606260396,0.4794597475370915,13.712128837443382,0.4243978515313034,0.46115551575219854,-0.03675766422089516,0.3209156784668059
CHEMBL222_Ki,CHEMBL222_Ki,20,1987,0.4796766107703732,0.40025273035824094,26.963261197785606,0.47088687229958237,0.5166411283997703,-0.04575425610018791,0.2812224764228014
CHEMBL222_Ki,CHEMBL222_Ki,40,1987,0.3778164749963958,0.2918418812441143,53.72320080523402,0.5539128842202197,0.5828563883654853,-0.028943504145265586,0.23654968179619884
CHEMBL245_Ki,CHEMBL245_Ki,3,1777,0.7836897406595239,0.7140793944255597,4.2217220033764775,0.24200678163132516,0.273850356462133,-0.03184357483080785,0.47669286603168404
CHEMBL245_Ki,CHEMBL245_Ki,5,1777,0.7571489620866265,0.6914841016960641,6.837366347777152,0.23888935718359816,0.25700313555070886,-0.0181137783671107,0.4930452332301146
CHEMBL245_Ki,CHEMBL245_Ki,10,1777,0.7165869096438549,0.6577731263199552,13.576814856499718,0.2588219944002501,0.2666028592308268,-0.007780864830576717,0.4836640054859367
CHEMBL245_Ki,CHEMBL245_Ki,20,1777,0.6540617545158746,0.5922300737596902,26.289251547552055,0.3044950610399566,0.3071356736228981,-0.002640612582941515,0.44580177407095745
CHEMBL245_Ki,CHEMBL245_Ki,40,1777,0.5455406383837399,0.448615075112626,52.652785593697246,0.3713184214673304,0.41347674150818275,-0.04215832004085235,0.35697842842702177
CHEMBL2014_Ki,CHEMBL2014_Ki,3,2108,0.6190788773600711,0.5365304101208651,4.169829222011385,0.4528625186937678,0.4099134435463898,0.042949075147378,0.35975516905921856
CHEMBL2014_Ki,CHEMBL2014_Ki,5,2108,0.5948151370010535,0.5262735597461956,6.88045540796964,0.4313885737948495,0.40578041365891915,0.02560816013593037,0.36299104114705016
CHEMBL2014_Ki,CHEMBL2014_Ki,10,2108,0.5559074267959228,0.4909243690563354,13.46584440227704,0.4300170785588564,0.41662432887228024,0.013392749686576166,0.3545355711797278
CHEMBL2014_Ki,CHEMBL2014_Ki,20,2108,0.48730670254161274,0.4133786261772742,26.865275142314992,0.46809628978518514,0.47986929426954733,-0.011773004484362193,0.3072740121306641
CHEMBL2014_Ki,CHEMBL2014_Ki,40,2108,0.38318097751867225,0.30531691014191426,53.98007590132827,0.5563220323510217,0.5841797850620436,-0.027857752711021866,0.2356834523170105
CHEMBL255_Ki,CHEMBL255_Ki,3,1843,0.7353536386639068,0.6996706424724218,4.121540965816603,0.3290731509871341,0.29492311776772456,0.034150033219409515,0.4569317558835496
CHEMBL255_Ki,CHEMBL255_Ki,5,1843,0.715936180591429,0.6760747193719229,6.761801410743353,0.30898741431468,0.31423415580487957,-0.005246741490199547,0.439434075415853
CHEMBL255_Ki,CHEMBL255_Ki,10,1843,0.6689078978329568,0.6196761053973682,13.331524688008681,0.3198926991917179,0.34245478253554684,-0.02256208334382892,0.4148036376261838
CHEMBL255_Ki,CHEMBL255_Ki,20,1843,0.6102268121104067,0.5523216792469252,26.461204557786218,0.3542519710637655,0.3830157511421277,-0.028763780078362222,0.38111733653128743
CHEMBL255_Ki,CHEMBL255_Ki,40,1843,0.5220752306683126,0.44879038615528205,53.38795442213782,0.41842016516477476,0.45249504670547175,-0.03407488154069699,0.3273224794112176
CHEMBL4361_Ki,CHEMBL4361_Ki,3,1617,0.9045616301398393,0.8796422244562502,4.174397031539889,0.11063822269115486,0.10586784809869644,0.0047703745924584234,0.6746266020420593
CHEMBL4361_Ki,CHEMBL4361_Ki,5,1617,0.8937609901381823,0.8695484513299409,6.899196042053185,0.10811678078758802,0.10112762204358663,0.006989158744001384,0.6819943050139092
CHEMBL4361_Ki,CHEMBL4361_Ki,10,1617,0.8708955537023604,0.8475417292148524,13.711811997526283,0.12099644888864658,0.10796087357598966,0.013035575312656922,0.671425999847843
CHEMBL4361_Ki,CHEMBL4361_Ki,20,1617,0.8420180082825842,0.8143978033044252,26.859616573902287,0.13964189657403558,0.129054626956085,0.01058726961795059,0.6407582611164384
CHEMBL4361_Ki,CHEMBL4361_Ki,40,1617,0.7986851006322898,0.7663728975847209,53.199752628324056,0.1748433738805233,0.1700406042291776,0.004802769651345684,0.5876402005175849
CHEMBL4805_Ki,CHEMBL4805_Ki,3,583,0.3198041921717513,0.26742071315579613,4.106346483704974,0.872005424427028,0.9885876115695635,-0.11658218714253554,0.005722568108094128
CHEMBL4805_Ki,CHEMBL4805_Ki,5,583,0.2968667050368767,0.23636016671129817,6.840480274442538,0.7953547232952852,0.8884550259041409,-0.09310030260885571,0.05742107709532307
CHEMBL4805_Ki,CHEMBL4805_Ki,10,583,0.25004524103487624,0.220506510512885,13.406518010291595,0.7983653773918442,0.8194839803644276,-0.02111860297258339,0.09474645520471581
CHEMBL4805_Ki,CHEMBL4805_Ki,20,583,0.2321972173524055,0.20666321904520346,27.053173241852488,0.7819356233881323,0.8709684994063107,-0.08903287601817844,0.06674306892136572
CHEMBL4805_Ki,CHEMBL4805_Ki,40,583,0.22218722021050386,0.19125101897705118,52.98456260720412,0.7670953030816172,0.8831741745115346,-0.11607887142991735,0.060226530215108376
CHEMBL1784_EC50,CHEMBL1784_EC50,3,1464,0.8115760006591854,0.7953076851222377,4.277322404371585,0.24038645542978743,0.2436018985364148,-0.003215443106627386,0.5064395695191775
CHEMBL1784_EC50,CHEMBL1784_EC50,5,1464,0.7925464404757381,0.7680650879637656,6.9603825136612025,0.22935918941953637,0.2394436206698003,-0.010084431250263926,0.5106702332068891
CHEMBL1784_EC50,CHEMBL1784_EC50,10,1464,0.7482157958178667,0.7109263365388245,13.691256830601093,0.24340211124920885,0.23051077795696112,0.01289133329224773,0.519884620162027
CHEMBL1784_EC50,CHEMBL1784_EC50,20,1464,0.7009032934124242,0.6551228612370837,26.87431693989071,0.27056013135038115,0.28539839235631503,-0.014838261005933884,0.46577308907514303
CHEMBL1784_EC50,CHEMBL1784_EC50,40,1464,0.6252845208795229,0.5598632656429794,53.959016393442624,0.32029764224285895,0.34739944890287283,-0.027101806660013883,0.4105939863702841
CHEMBL1833_Ki,CHEMBL1833_Ki,3,1655,0.5454443177492807,0.45371636057488257,4.20785498489426,0.5449222715513602,0.652196938936926,-0.10727466738556579,0.19241289080562585
CHEMBL1833_Ki,CHEMBL1833_Ki,5,1655,0.48340268725101077,0.38459085124228237,6.8942598187311175,0.5408673064918044,0.6391940804734042,-0.09832677398159984,0.20050385837491114
CHEMBL1833_Ki,CHEMBL1833_Ki,10,1655,0.4002432488888049,0.30737886143049786,13.682175226586102,0.5761544775098384,0.6598216772903059,-0.08366719978046755,0.18770591699169326
CHEMBL1833_Ki,CHEMBL1833_Ki,20,1655,0.30491890502147717,0.21169866420085176,27.04773413897281,0.6412759209478548,0.6713748750008643,-0.030098954053009552,0.18062531464484188
CHEMBL1833_Ki,CHEMBL1833_Ki,40,1655,0.1964965317841209,0.1208976466557179,52.980060422960726,0.7498821419210829,0.7579520730609003,-0.008069931139817355,0.12939557027264081
CHEMBL4227_EC50,CHEMBL4227_EC50,3,1332,0.5764503731604199,0.5429841891747601,4.238738738738738,0.5424220464623335,0.5287338216777419,0.01368822478459164,0.27285914591618365
CHEMBL4227_EC50,CHEMBL4227_EC50,5,1332,0.5593188895505639,0.5090982482970954,7.021021021021021,0.4886408195365486,0.49649317017094613,-0.007852350634397542,0.29537728522921847
CHEMBL4227_EC50,CHEMBL4227_EC50,10,1332,0.5199645042237123,0.4636298855499775,13.732732732732734,0.4773378885475552,0.47820556901395855,-0.0008676804664033422,0.30847590858021545
CHEMBL4227_EC50,CHEMBL4227_EC50,20,1332,0.4542017145941229,0.3894185096951242,26.995495495495497,0.5115441550221224,0.5395226472915204,-0.02797849226939808,0.265477946354556
CHEMBL4227_EC50,CHEMBL4227_EC50,40,1332,0.36686969586985047,0.2981786224062136,53.94444444444444,0.5819847651063573,0.600377704907782,-0.018392939801424646,0.22515956164654005
CHEMBL211_Ki,CHEMBL211_Ki,3,1564,0.7124969038147165,0.6504786077006501,4.203324808184143,0.3419919308376669,0.2830208461714411,0.058971084666225804,0.46800296413284304
CHEMBL211_Ki,CHEMBL211_Ki,5,1564,0.6863189001633948,0.6242982636709575,6.845268542199489,0.32680081060997646,0.27838966391455816,0.048411146695418295,0.472373556467686
CHEMBL211_Ki,CHEMBL211_Ki,10,1564,0.6260890399704975,0.5576976311399876,13.601023017902813,0.349749788084994,0.315471960114578,0.03427782797041601,0.4383310938688363
CHEMBL211_Ki,CHEMBL211_Ki,20,1564,0.5495868793512436,0.47546499407855136,26.379795396419436,0.4025179856721366,0.36565160119363205,0.036866384478504544,0.39530867279773885
CHEMBL211_Ki,CHEMBL211_Ki,40,1564,0.44930183823761194,0.362338465528318,53.06010230179028,0.4796763274148861,0.44280005172977993,0.03687627568510615,0.3345677707461263
CHEMBL344_Ki,CHEMBL344_Ki,3,1593,0.5334022379508011,0.46248883420273174,4.140615191462649,0.574854746900219,0.5914143870957878,-0.01655964019556877,0.23096528875753097
CHEMBL344_Ki,CHEMBL344_Ki,5,1593,0.487036150411234,0.41993076088282677,6.7445072190834905,0.5618723078837934,0.5848793553704196,-0.023007047486626186,0.23522594488932902
CHEMBL344_Ki,CHEMBL344_Ki,10,1593,0.4214743486615958,0.37709497377137946,13.11487758945386,0.59643677907105,0.5980681724306426,-0.0016313933595926144,0.2266513254484478
CHEMBL344_Ki,CHEMBL344_Ki,20,1593,0.34612084078438676,0.30213624885897655,25.605775266792214,0.6447877548472543,0.6509730602433496,-0.0061853053960952975,0.19317098450579406
CHEMBL344_Ki,CHEMBL344_Ki,40,1593,0.2644317220668085,0.20599706640064622,51.35216572504708,0.6969836956070131,0.7393177492700205,-0.042334053663007354,0.1401641149207481
CHEMBL240_Ki,CHEMBL240_Ki,3,1485,0.6775801416209783,0.5953031521820218,4.157575757575757,0.3750418182127244,0.3676581393725019,0.007383678840222507,0.39365180022325297
CHEMBL240_Ki,CHEMBL240_Ki,5,1485,0.6362138830885147,0.5854477594446944,6.786531986531987,0.39593044137872613,0.3417843581624627,0.05414608321626341,0.4153767382643223
CHEMBL240_Ki,CHEMBL240_Ki,10,1485,0.5722638405787761,0.5183745849592383,13.100336700336701,0.42200944530576234,0.3942333881868949,0.027776057118867437,0.37211992531463867
CHEMBL240_Ki,CHEMBL240_Ki,20,1485,0.47889536834123553,0.41561090076123336,26.025589225589226,0.4870396190407006,0.4698891601606363,0.01715045888006428,0.3145153829876003
CHEMBL240_Ki,CHEMBL240_Ki,40,1485,0.3361281411032563,0.2339188806938414,53.71447811447811,0.5808146264699827,0.5878932065611946,-0.007078580091211872,0.23325805738749716
CHEMBL3759_Ki,CHEMBL3759_Ki,3,1342,0.6311008732354024,0.5522012857532617,4.144560357675112,0.43926577736470285,0.4119794659313381,0.02728631143336474,0.35814373421198253
CHEMBL3759_Ki,CHEMBL3759_Ki,5,1342,0.6041001083484261,0.5254390080581328,6.818181818181818,0.41215098974965403,0.4072750715930182,0.00487591815663585,0.36181893510303975
CHEMBL3759_Ki,CHEMBL3759_Ki,10,1342,0.5319512826266869,0.4477492830737602,13.435171385991058,0.4390717895130105,0.43757902336838544,0.0014927661446250684,0.33850243887948805
CHEMBL3759_Ki,CHEMBL3759_Ki,20,1342,0.46155024031720104,0.38825568866733234,26.517138599105813,0.49574242359956355,0.4926672480737434,0.0030751755258201507,0.2980974084149971
CHEMBL3759_Ki,CHEMBL3759_Ki,40,1342,0.38884205974186015,0.3194356598112381,52.87928464977645,0.5587656488322368,0.5566603824223285,0.0021052664099082685,0.2539032352152112
CHEMBL2056_Ki,CHEMBL2056_Ki,3,1265,0.6554766417448035,0.5861316453229691,4.158102766798419,0.4131344800590391,0.43497755638914437,-0.021843076330105293,0.34047171676330334
CHEMBL2056_Ki,CHEMBL2056_Ki,5,1265,0.6246083809684762,0.5506715198983683,6.863241106719368,0.3913204539817423,0.42730388426681337,-0.03598343028507106,0.34631514912244343
CHEMBL2056_Ki,CHEMBL2056_Ki,10,1265,0.5510389228492543,0.4672524616419638,13.677470355731225,0.41844936977925906,0.43982321986146994,-0.021373850082210877,0.33680830835913667
CHEMBL2056_Ki,CHEMBL2056_Ki,20,1265,0.4715999153194331,0.3990113105882685,27.671146245059287,0.4858609144199888,0.49611663268881745,-0.01025571826882865,0.29564452675597286
CHEMBL2056_Ki,CHEMBL2056_Ki,40,1265,0.3879680516347894,0.3223681835839576,55.677470355731224,0.5633728757247796,0.563311935815,6.093990977951158e-05,0.2494589046461213
