collection,dataset,cluster,receptor_class,prereg,m,n_molecules,n_train,n_test,assortativity,gate3_need,gate3_pass,cond_C,gate2_pass,c_first,c_last,c_decline,c_profile,beta,beta_dev,skill_mean,skill_scaled,skill_rank,gain_scale,gain_shape,w_rank_sum,w_rank_spread,w_rank,floor_drift,rel_mse_mean,rel_mse_minus_one_minus_r,surr_n,surr_p95,surr_mean,beats_surrogate
ChEMBL-40,CHEMBL217_Ki,CHEMBL217_Ki,CHEMBL217_Ki,32dddd1a8aa1be4b6cad0e24b3e0778fdac436ef,5,8205,6551,1654,0.5919193612358656,300,True,10.799648550271602,True,0.7332277384591995,0.5901168387237097,0.14311089973548985,0.7332 0.6752 0.6121 0.6128 0.5901,0.9614624676456013,0.03853753235439872,0.40958863501342224,0.4088299149476847,0.42470032960024506,-0.000758720065737517,0.01587041465256034,0.9509233356503163,0.2800975298460489,0.3809 0.2107 0.1340 0.1245 0.1008,1.7763568394002505e-15,0.3713789484525408,0.03670169031159354,,,,
ChEMBL-40,CHEMBL217_Ki,CHEMBL217_Ki,CHEMBL217_Ki,32dddd1a8aa1be4b6cad0e24b3e0778fdac436ef,10,8205,6551,1654,0.5919193612358656,1100,True,19.01212054294864,True,0.7332277384591995,0.4987922670562411,0.23443547140295845,0.7332 0.6752 0.6121 0.6128 0.5901 0.5718 0.5576 0.5322 0.5030 0.4988,1.0011040051268763,0.0011040051268762507,0.38766378213789543,0.38770766303178417,0.4279347276925224,4.388089388873695e-05,0.04022706466073822,0.9804621489059343,0.3593661075769776,0.3588 0.1883 0.1145 0.1009 0.0670 0.0507 0.0529 0.0440 -0.0005 0.0039,3.552713678800501e-15,0.3994733021187527,0.008607336645381658,200.0,0.0008517580156054857,-0.0006497129133388313,True
ChEMBL-40,CHEMBL217_Ki,CHEMBL217_Ki,CHEMBL217_Ki,32dddd1a8aa1be4b6cad0e24b3e0778fdac436ef,20,8205,6551,1654,0.5919193612358656,4200,True,32.98190960541489,True,0.7332277384591995,0.42586778173571077,0.30735995672348876,0.7332 0.6752 0.6121 0.6128 0.5901 0.5718 0.5576 0.5322 0.5030 0.4988 0.4815 0.4845 0.4721 0.4719 0.4435 0.4486 0.4439 0.4279 0.4203 0.4259,1.024248807230501,0.024248807230500935,0.350006012880932,0.35119352462642595,0.42774923048348334,0.0011875117454939188,0.0765557058570574,0.9901158448595242,0.3692257989098734,0.3560 0.1869 0.1117 0.0987 0.0638 0.0464 0.0488 0.0401 -0.0059 -0.0010 -0.0132 0.0136 0.0071 0.0161 0.0070 0.0085 0.0107 -0.0016 -0.0081 0.0046,3.552713678800501e-15,0.4501181684068184,0.042037529642684035,,,,
ChEMBL-40,CHEMBL205_Ki,CHEMBL205_Ki,CHEMBL205_Ki,32dddd1a8aa1be4b6cad0e24b3e0778fdac436ef,5,7636,6090,1546,0.5211174031053739,300,True,8.739375054751404,True,0.688251055896087,0.518107678790683,0.17014337710540406,0.6883 0.6434 0.5898 0.5459 0.5181,0.988408188839804,0.01159181116019603,0.3713443734794314,0.3711741474739819,0.4005615603219309,-0.00017022600544946975,0.02938741284794899,0.9757022414847831,0.2703795982170908,0.3699 0.2517 0.1514 0.1031 0.0996,1.7763568394002505e-15,0.40176313108859235,0.07711946580603374,,,,
ChEMBL-40,CHEMBL205_Ki,CHEMBL205_Ki,CHEMBL205_Ki,32dddd1a8aa1be4b6cad0e24b3e0778fdac436ef,10,7636,6090,1546,0.5211174031053739,1100,True,13.802363247624893,True,0.688251055896087,0.37210398021443086,0.3161470756816562,0.6883 0.6434 0.5898 0.5459 0.5181 0.4779 0.4670 0.4249 0.4066 0.3721,1.091157471685375,0.09115747168537491,0.3260690865072359,0.32932734324894497,0.3995119480377559,0.003258256741709098,0.07018460478881094,1.0340102442287857,0.3436506153544999,0.3462 0.2304 0.1262 0.0821 0.0650 0.0465 0.0580 0.0426 0.0345 0.0025,3.552713678800501e-15,0.4617163166808279,0.01716628021379818,200.0,0.0011846829245779494,-0.000756901280456172,True
ChEMBL-40,CHEMBL205_Ki,CHEMBL205_Ki,CHEMBL205_Ki,32dddd1a8aa1be4b6cad0e24b3e0778fdac436ef,20,7636,6090,1546,0.5211174031053739,4200,True,19.784167291479662,True,0.688251055896087,0.23913255600596045,0.4491184998901266,0.6883 0.6434 0.5898 0.5459 0.5181 0.4779 0.4670 0.4249 0.4066 0.3721 0.3370 0.3458 0.3131 0.3060 0.2866 0.2676 0.2597 0.2574 0.2551 0.2391,1.2110341102360844,0.21103411023608443,0.2626420890855279,0.2721709634479994,0.39718197313604464,0.009528874362471518,0.12501100968804524,1.054585366234716,0.3660709402148016,0.3446 0.2300 0.1235 0.0798 0.0644 0.0458 0.0571 0.0402 0.0314 -0.0035 0.0031 0.0070 -0.0123 0.0216 -0.0137 0.0095 -0.0215 0.0157 0.0208 0.0112,3.552713678800501e-15,0.552714877012968,0.07383228011834186,,,,
ChEMBL-40,CHEMBL261_Ki,CHEMBL261_Ki,CHEMBL261_Ki,32dddd1a8aa1be4b6cad0e24b3e0778fdac436ef,5,7082,5650,1432,0.5259616898123023,300,True,9.493893632141948,True,0.7084101916622967,0.5430217648682791,0.16538842679401755,0.7084 0.6591 0.6414 0.5675 0.5430,0.9592636321173585,0.040736367882641455,0.3484505946954003,0.35072498483719605,0.36508085603345175,0.002274390141795757,0.014355871196255698,0.9530841406947738,0.29740788388042194,0.3826 0.2290 0.1536 0.1027 0.0852,1.7763568394002505e-15,0.3884576969148516,0.0855806132728461,,,,
ChEMBL-40,CHEMBL261_Ki,CHEMBL261_Ki,CHEMBL261_Ki,32dddd1a8aa1be4b6cad0e24b3e0778fdac436ef,10,7082,5650,1432,0.5259616898123023,1100,True,15.07388841257481,True,0.7084101916622967,0.4059625726854011,0.3024476189768956,0.7084 0.6591 0.6414 0.5675 0.5430 0.5026 0.4841 0.4454 0.4236 0.4060,1.0519170594417409,0.051917059441740854,0.32217380379148264,0.32128471490262744,0.3675524056218531,-0.000889088888855194,0.04626769071922565,1.002233387765845,0.3513567885709914,0.3603 0.2107 0.1350 0.0806 0.0548 0.0584 0.0299 0.0311 0.0322 0.0090,1.7763568394002505e-15,0.4204222807517288,0.05361602943596888,200.0,0.0010205595167860062,-0.0008792701464696895,True
ChEMBL-40,CHEMBL261_Ki,CHEMBL261_Ki,CHEMBL261_Ki,32dddd1a8aa1be4b6cad0e24b3e0778fdac436ef,20,7082,5650,1432,0.5259616898123023,4200,True,20.764774561821913,True,0.7084101916622967,0.1961528090602793,0.5122573826020174,0.7084 0.6591 0.6414 0.5675 0.5430 0.5026 0.4841 0.4454 0.4236 0.4060 0.3685 0.3574 0.3420 0.3119 0.2753 0.2502 0.2571 0.2061 0.2030 0.1962,1.198007203927292,0.19800720392729199,0.2659306158195266,0.2695132547500829,0.3673959586401526,0.0035826389305563255,0.0978827038900697,1.0212062297297726,0.36710727342939686,0.3587 0.2091 0.1336 0.0789 0.0530 0.0565 0.0269 0.0268 0.0280 0.0024 0.0261 -0.0067 0.0095 0.0041 0.0067 -0.0062 0.0036 0.0005 -0.0084 0.0181,2.6645352591003757e-15,0.4930866542827001,0.01904834409500239,,,,
ChEMBL-40,CHEMBL3594_Ki,CHEMBL3594_Ki,CHEMBL3594_Ki,32dddd1a8aa1be4b6cad0e24b3e0778fdac436ef,5,5779,4596,1183,0.5038326921820945,300,True,8.097877335705595,True,0.6536471077243274,0.48351657702766515,0.17013053069666229,0.6536 0.6207 0.5837 0.5219 0.4835,0.9626759658153451,0.03732403418465491,0.3563801022547949,0.3560997271123818,0.3923715523354233,-0.0002803751424130807,0.03627182522304151,0.9475081417277053,0.2402279118321632,0.3282 0.2278 0.1866 0.1170 0.0879,1.7763568394002505e-15,0.4246794163773756,0.07148789144052992,,,,
ChEMBL-40,CHEMBL3594_Ki,CHEMBL3594_Ki,CHEMBL3594_Ki,32dddd1a8aa1be4b6cad0e24b3e0778fdac436ef,10,5779,4596,1183,0.5038326921820945,1100,True,13.245889216304864,True,0.6536471077243274,0.4033272747681036,0.25031983295622384,0.6536 0.6207 0.5837 0.5219 0.4835 0.4588 0.4576 0.4245 0.3809 0.4033,1.0340329243555253,0.034032924355525296,0.3158173586360342,0.3166875418263657,0.39510880774111734,0.0008701831903314972,0.07842126591475163,0.9916432502234042,0.3046193542365778,0.3130 0.2045 0.1675 0.0925 0.0613 0.0537 0.0285 0.0381 0.0084 0.0241,1.7763568394002505e-15,0.47989518284761407,0.016272124970291457,200.0,0.0011896640801496326,-0.0012198626918241012,True
ChEMBL-40,CHEMBL3594_Ki,CHEMBL3594_Ki,CHEMBL3594_Ki,32dddd1a8aa1be4b6cad0e24b3e0778fdac436ef,20,5779,4596,1183,0.5038326921820945,4200,True,19.493150636239722,True,0.6536471077243274,0.1888378321697298,0.4648092755545976,0.6536 0.6207 0.5837 0.5219 0.4835 0.4588 0.4576 0.4245 0.3809 0.4033 0.3929 0.3555 0.3422 0.3216 0.2784 0.2718 0.2630 0.2438 0.2368 0.1888,1.1295970386421499,0.1295970386421499,0.24978032114834858,0.2553929191183679,0.3941828378887724,0.00561259797001934,0.13878991877040447,1.003550146122981,0.3302678311928745,0.3095 0.1998 0.1657 0.0890 0.0590 0.0490 0.0242 0.0329 0.0018 0.0135 0.0279 0.0056 0.0196 0.0270 0.0015 -0.0087 0.0199 -0.0076 -0.0054 -0.0208,2.6645352591003757e-15,0.5770044885011523,0.08083718068324675,,,,
ChEMBL-40,CHEMBL251_Ki,CHEMBL251_Ki,CHEMBL251_Ki,32dddd1a8aa1be4b6cad0e24b3e0778fdac436ef,5,5286,4199,1087,0.6441574510325299,300,True,13.100972139785565,True,0.751509922510259,0.6240803610006512,0.12742956150960782,0.7515 0.7062 0.6903 0.6465 0.6241,0.9685935031533426,0.03140649684665742,0.44900818561124556,0.44763362350909564,0.46400135616130467,-0.0013745621021499232,0.016367732652209033,0.9611551289246573,0.2776614048923358,0.3619 0.1947 0.2085 0.1117 0.0843,1.7763568394002505e-15,0.3230306369826966,0.03281191198477357,,,,
ChEMBL-40,CHEMBL251_Ki,CHEMBL251_Ki,CHEMBL251_Ki,32dddd1a8aa1be4b6cad0e24b3e0778fdac436ef,10,5286,4199,1087,0.6441574510325299,1100,True,23.573849969590945,True,0.751509922510259,0.5614980503162245,0.1900118721940346,0.7515 0.7062 0.6903 0.6465 0.6241 0.6175 0.5978 0.5932 0.5823 0.5615,1.0070825680888578,0.007082568088857766,0.41771562079074787,0.4181712857166019,0.4677464878726192,0.00045566492585402685,0.049575202156017295,0.9870357281050793,0.319230044977299,0.3371 0.1725 0.1855 0.0822 0.0518 0.0595 0.0179 0.0212 0.0299 0.0295,3.552713678800501e-15,0.3607644198594498,0.004921870891979652,200.0,0.0008211460350523942,-0.001110938998317898,True
ChEMBL-40,CHEMBL251_Ki,CHEMBL251_Ki,CHEMBL251_Ki,32dddd1a8aa1be4b6cad0e24b3e0778fdac436ef,20,5286,4199,1087,0.6441574510325299,4200,False,,,,,,,,,,,,,,,,,,,,,,,
ChEMBL-40,CHEMBL224_Ki,CHEMBL224_Ki,CHEMBL224_Ki,32dddd1a8aa1be4b6cad0e24b3e0778fdac436ef,5,4653,3703,950,0.6123069596232147,300,True,13.36497399265592,True,0.7721366869043157,0.6114266735908473,0.16071001331346835,0.7721 0.7039 0.6663 0.6558 0.6114,0.9603194356633509,0.03968056433664913,0.377730020270742,0.37926934322332273,0.40700034356205583,0.0015393229525807461,0.027731000338733103,0.9472999673161406,0.3261259499265302,0.3981 0.2151 0.1311 0.1310 0.0720,1.7763568394002505e-15,0.3976935936946403,0.010000553317854988,,,,
ChEMBL-40,CHEMBL224_Ki,CHEMBL224_Ki,CHEMBL224_Ki,32dddd1a8aa1be4b6cad0e24b3e0778fdac436ef,10,4653,3703,950,0.6123069596232147,1100,True,24.03100529723157,True,0.7721366869043157,0.5426502420110676,0.2294864448932481,0.7721 0.7039 0.6663 0.6558 0.6114 0.5807 0.5714 0.5915 0.5785 0.5427,0.9882932533897593,0.011706746610240737,0.3559858269709616,0.35625060946514,0.4102609008802355,0.00026478249417838384,0.0540102914150955,0.9622459443696957,0.38186552252799866,0.3871 0.1994 0.1200 0.1137 0.0511 0.0169 0.0053 0.0413 0.0175 0.0101,3.552713678800501e-15,0.4259726796278732,0.038279639251087905,200.0,0.0014696893797290663,-0.0010789543868490736,True
ChEMBL-40,CHEMBL224_Ki,CHEMBL224_Ki,CHEMBL224_Ki,32dddd1a8aa1be4b6cad0e24b3e0778fdac436ef,20,4653,3703,950,0.6123069596232147,4200,False,,,,,,,,,,,,,,,,,,,,,,,
ChEMBL-40,CHEMBL1628481_EC50,CHEMBL1628481_EC50,CHEMBL1628481_EC50,32dddd1a8aa1be4b6cad0e24b3e0778fdac436ef,5,3215,2567,648,0.4557569015426612,300,True,7.212534244308653,True,0.6258784452208047,0.47499252440203027,0.15088592081877444,0.6259 0.5505 0.5199 0.4824 0.4750,0.9292658316173414,0.07073416838265856,0.2843316058797245,0.28615546039471784,0.2897493062415154,0.0018238545149933394,0.003593845846797561,0.9204314753167049,0.2571976763436863,0.3685 0.1931 0.1337 0.1138 0.1113,1.7763568394002505e-15,0.506429949057581,0.03781314939975777,,,,
ChEMBL-40,CHEMBL1628481_EC50,CHEMBL1628481_EC50,CHEMBL1628481_EC50,32dddd1a8aa1be4b6cad0e24b3e0778fdac436ef,10,3215,2567,648,0.4557569015426612,1100,True,12.114633064695434,True,0.6258784452208047,0.3956662271158471,0.23021221810495762,0.6259 0.5505 0.5199 0.4824 0.4750 0.4144 0.4364 0.4235 0.3994 0.3957,0.9909575661866363,0.00904243381336367,0.2502763601272926,0.2504699625301249,0.2835023132292137,0.00019360240283228247,0.03303235069908883,0.9642577056848131,0.34596253657854853,0.3452 0.1747 0.1111 0.0927 0.0873 -0.0008 0.0529 0.0593 0.0056 0.0363,3.552713678800501e-15,0.5557738579168924,0.011530759459553619,200.0,0.0020499463362555898,-0.0016502228044803868,True
ChEMBL-40,CHEMBL1628481_EC50,CHEMBL1628481_EC50,CHEMBL1628481_EC50,32dddd1a8aa1be4b6cad0e24b3e0778fdac436ef,20,3215,2567,648,0.4557569015426612,4200,False,,,,,,,,,,,,,,,,,,,,,,,
ChEMBL-40,CHEMBL256_Ki,CHEMBL256_Ki,CHEMBL256_Ki,32dddd1a8aa1be4b6cad0e24b3e0778fdac436ef,5,4276,3420,856,0.6068571122491742,300,True,12.62529300801747,True,0.7707520340309812,0.629333228047058,0.1414188059839232,0.7708 0.7155 0.6624 0.6417 0.6293,0.943893540954619,0.05610645904538103,0.39985865019629885,0.40189839993635235,0.42151000543525163,0.002039749740053498,0.019611605498899287,0.9367407256864568,0.28229546548452567,0.3849 0.2225 0.1208 0.1058 0.1026,1.7763568394002505e-15,0.3564061775961037,0.03673671015472213,,,,
ChEMBL-40,CHEMBL256_Ki,CHEMBL256_Ki,CHEMBL256_Ki,32dddd1a8aa1be4b6cad0e24b3e0778fdac436ef,10,4276,3420,856,0.6068571122491742,1100,True,22.23229415442404,True,0.7707520340309812,0.540285708384452,0.23046632564652925,0.7708 0.7155 0.6624 0.6417 0.6293 0.6000 0.5716 0.5500 0.5455 0.5403,0.9840716852396972,0.015928314760302764,0.3787497650163999,0.37875002690534454,0.4246189578397155,2.6188894464151957e-07,0.045868930934370944,0.958426387249065,0.3560183445581285,0.3705 0.2076 0.1032 0.0856 0.0778 0.0383 0.0144 0.0260 0.0155 0.0196,3.552713678800501e-15,0.3819189904081488,0.011223897342677036,200.0,0.000774754600578058,-0.001264880847703438,True
ChEMBL-40,CHEMBL256_Ki,CHEMBL256_Ki,CHEMBL256_Ki,32dddd1a8aa1be4b6cad0e24b3e0778fdac436ef,20,4276,3420,856,0.6068571122491742,4200,False,,,,,,,,,,,,,,,,,,,,,,,
ChEMBL-40,CHEMBL3242_Ki,CHEMBL3242_Ki,CHEMBL3242_Ki,32dddd1a8aa1be4b6cad0e24b3e0778fdac436ef,5,4624,3678,946,0.5236780952596303,300,True,8.441585106639986,True,0.7092298151591997,0.5107686502885063,0.19846116487069343,0.7092 0.6291 0.6020 0.5402 0.5108,0.9788184682914328,0.02118153170856718,0.3578867582509071,0.35827960191388564,0.36122396216781527,0.000392843662978537,0.0029443602539296343,0.9633214237931734,0.28655473547450766,0.3868 0.2238 0.1312 0.1214 0.1002,1.7763568394002505e-15,0.4305093473214336,0.04581255741893614,,,,
ChEMBL-40,CHEMBL3242_Ki,CHEMBL3242_Ki,CHEMBL3242_Ki,32dddd1a8aa1be4b6cad0e24b3e0778fdac436ef,10,4624,3678,946,0.5236780952596303,1100,True,13.618771154459207,True,0.7092298151591997,0.38189343297166195,0.32733638218753774,0.7092 0.6291 0.6020 0.5402 0.5108 0.4827 0.4627 0.4183 0.4306 0.3819,1.052728518361747,0.05272851836174697,0.3182567412903009,0.31790198720169716,0.3612057655948733,-0.00035475408860374813,0.04330377839317612,1.0023734577985943,0.36286362094894625,0.3731 0.2098 0.1137 0.1046 0.0784 0.0255 0.0131 0.0103 0.0403 0.0337,1.7763568394002505e-15,0.48528965960456105,0.008967754864191324,200.0,0.0013173414976513527,-0.001125794049445078,True
ChEMBL-40,CHEMBL3242_Ki,CHEMBL3242_Ki,CHEMBL3242_Ki,32dddd1a8aa1be4b6cad0e24b3e0778fdac436ef,20,4624,3678,946,0.5236780952596303,4200,False,,,,,,,,,,,,,,,,,,,,,,,
ChEMBL-40,CHEMBL226_Ki,CHEMBL226_Ki,CHEMBL226_Ki,32dddd1a8aa1be4b6cad0e24b3e0778fdac436ef,5,4386,3499,887,0.4999240680042367,300,True,8.03989842031301,True,0.6579450854445652,0.4816200045703217,0.17632508087424348,0.6579 0.6125 0.5786 0.5375 0.4816,0.9229363024565831,0.07706369754341691,0.3422347808165369,0.3450488814903345,0.3604172183154397,0.002814100673797615,0.015368336825105189,0.9147769896364804,0.28025191250207626,0.3340 0.2481 0.1675 0.1114 0.0537,1.7763568394002505e-15,0.42518125875164625,0.07489467324411703,,,,
ChEMBL-40,CHEMBL226_Ki,CHEMBL226_Ki,CHEMBL226_Ki,32dddd1a8aa1be4b6cad0e24b3e0778fdac436ef,10,4386,3499,887,0.4999240680042367,1100,True,13.05870207366858,True,0.6579450854445652,0.38307744186419085,0.27486764358037435,0.6579 0.6125 0.5786 0.5375 0.4816 0.4656 0.4355 0.4204 0.4349 0.3831,0.9969488179325543,0.0030511820674457013,0.3137611891130052,0.3137567633439674,0.3609097769064644,-4.425769037808003e-06,0.047153013562497015,0.9620391203899457,0.31254838027676113,0.3162 0.2265 0.1487 0.0899 0.0324 0.0380 0.0037 0.0218 0.0529 0.0321,1.7763568394002505e-15,0.46278881611244577,0.03728711588331751,200.0,0.0012534631704807498,-0.0018982254246096664,True
ChEMBL-40,CHEMBL226_Ki,CHEMBL226_Ki,CHEMBL226_Ki,32dddd1a8aa1be4b6cad0e24b3e0778fdac436ef,20,4386,3499,887,0.4999240680042367,4200,False,,,,,,,,,,,,,,,,,,,,,,,
ChEMBL-40,CHEMBL253_Ki,CHEMBL253_Ki,CHEMBL253_Ki,32dddd1a8aa1be4b6cad0e24b3e0778fdac436ef,5,4063,3252,811,0.5596806317821306,300,True,10.757688993274993,True,0.7209451205884174,0.5713722130537522,0.14957290753466523,0.7209 0.6780 0.6301 0.5905 0.5714,0.9221288585683127,0.07787114143168727,0.33567691160531,0.34018723005616913,0.3576063129683523,0.004510318450859141,0.017419082912183192,0.9121705114906231,0.24135905626226095,0.3477 0.2066 0.1384 0.1132 0.1063,1.7763568394002505e-15,0.4128132644164813,0.027506103801388126,,,,
ChEMBL-40,CHEMBL253_Ki,CHEMBL253_Ki,CHEMBL253_Ki,32dddd1a8aa1be4b6cad0e24b3e0778fdac436ef,10,4063,3252,811,0.5596806317821306,1100,True,18.388472638562405,True,0.7209451205884174,0.47302985231157574,0.24791526827684168,0.7209 0.6780 0.6301 0.5905 0.5714 0.5480 0.5429 0.5053 0.5120 0.4730,0.987713453568112,0.012286546431887979,0.2976168876371055,0.2982728025166569,0.35372435119264634,0.0006559148795514114,0.05545154867598945,0.9586114626106028,0.3049128070579663,0.3237 0.1806 0.1123 0.0804 0.0748 0.0560 0.0188 0.0243 0.0482 0.0396,1.7763568394002505e-15,0.461469574746763,0.021150206528893545,200.0,0.001859593487026294,-0.0010474402648443704,True
ChEMBL-40,CHEMBL253_Ki,CHEMBL253_Ki,CHEMBL253_Ki,32dddd1a8aa1be4b6cad0e24b3e0778fdac436ef,20,4063,3252,811,0.5596806317821306,4200,False,,,,,,,,,,,,,,,,,,,,,,,
ChEMBL-40,CHEMBL3371_Ki,CHEMBL3371_Ki,CHEMBL3371_Ki,32dddd1a8aa1be4b6cad0e24b3e0778fdac436ef,5,3904,3127,777,0.5975902209263451,300,True,11.729627956504897,True,0.7403129501637566,0.576503532992768,0.16380941717098862,0.7403 0.6802 0.6639 0.6188 0.5765,0.9609272065085812,0.03907279349141879,0.39989957975482004,0.4011727079228169,0.4102597732915987,0.001273128167996851,0.009087065368781788,0.9481116234626281,0.306427432228417,0.3868 0.1902 0.1771 0.1137 0.0804,3.552713678800501e-15,0.3896276715482028,0.012782107525452113,,,,
ChEMBL-40,CHEMBL3371_Ki,CHEMBL3371_Ki,CHEMBL3371_Ki,32dddd1a8aa1be4b6cad0e24b3e0778fdac436ef,10,3904,3127,777,0.5975902209263451,1100,True,20.435772540635874,True,0.7403129501637566,0.4974411659079391,0.24287178425581757,0.7403 0.6802 0.6639 0.6188 0.5765 0.5539 0.5172 0.5177 0.5215 0.4974,1.0067900607115146,0.006790060711514556,0.37542772192579,0.37540716278889386,0.4127831935008326,-2.0559136896136643e-05,0.037376030711938735,0.9664757756805142,0.3830395383921028,0.3724 0.1791 0.1649 0.0996 0.0593 0.0549 0.0029 0.0220 0.0220 -0.0106,3.552713678800501e-15,0.42205333780878823,0.019643558735133293,200.0,0.001401776822012229,-0.0011085575997704107,True
ChEMBL-40,CHEMBL3371_Ki,CHEMBL3371_Ki,CHEMBL3371_Ki,32dddd1a8aa1be4b6cad0e24b3e0778fdac436ef,20,3904,3127,777,0.5975902209263451,4200,False,,,,,,,,,,,,,,,,,,,,,,,
ChEMBL-40,CHEMBL5113_Ki,CHEMBL5113_Ki,CHEMBL5113_Ki,32dddd1a8aa1be4b6cad0e24b3e0778fdac436ef,5,2272,1813,459,0.6532916178717078,300,True,14.139483947717466,True,0.756433427628364,0.645439283705416,0.11099414392294793,0.7564 0.7609 0.6973 0.6803 0.6454,0.9617642937132579,0.03823570628674211,0.44113169638898697,0.4416036407510626,0.4613492724150926,0.00047194436207564916,0.019745631664029983,0.9545597866437638,0.2555547790308912,0.3253 0.2655 0.1858 0.1081 0.0698,1.7763568394002505e-15,0.2920079069841105,0.05470047514418175,,,,
ChEMBL-40,CHEMBL5113_Ki,CHEMBL5113_Ki,CHEMBL5113_Ki,32dddd1a8aa1be4b6cad0e24b3e0778fdac436ef,10,2272,1813,459,0.6532916178717078,1100,True,25.873597499917608,True,0.756433427628364,0.6341005296127217,0.12233289801564229,0.7564 0.7609 0.6973 0.6803 0.6454 0.6085 0.6161 0.6332 0.6192 0.6341,0.992148887913378,0.007851112086622036,0.4149907697928247,0.4149064019479697,0.460741744264468,-8.436784485499338e-05,0.04583534231649833,0.9773116968269256,0.29393109259657435,0.3021 0.2436 0.1566 0.0848 0.0383 0.0156 0.0275 0.0582 0.0082 0.0425,1.7763568394002505e-15,0.31996397967577067,0.026744402452521576,200.0,0.002160589541397211,-0.0023976550290010466,True
ChEMBL-40,CHEMBL5113_Ki,CHEMBL5113_Ki,CHEMBL5113_Ki,32dddd1a8aa1be4b6cad0e24b3e0778fdac436ef,20,2272,1813,459,0.6532916178717078,4200,False,,,,,,,,,,,,,,,,,,,,,,,
ChEMBL-40,CHEMBL2292_EC50,CHEMBL2292_EC50,CHEMBL2292_EC50,32dddd1a8aa1be4b6cad0e24b3e0778fdac436ef,5,1857,1467,390,0.4345197124246565,300,True,5.701254912819854,True,0.5455917876600042,0.4629695649150844,0.08262222274491976,0.5456 0.5022 0.4808 0.4685 0.4630,0.909740802165642,0.09025919783435798,0.23570620279055088,0.24094782021957406,0.25169178857619,0.005241617429023182,0.010743968356615952,0.9084201005788914,0.1428481412804577,0.2726 0.2035 0.1537 0.1489 0.1297,1.7763568394002505e-15,0.5655125297443359,3.2242168992335785e-05,,,,
ChEMBL-40,CHEMBL2292_EC50,CHEMBL2292_EC50,CHEMBL2292_EC50,32dddd1a8aa1be4b6cad0e24b3e0778fdac436ef,10,1857,1467,390,0.4345197124246565,1100,True,9.499339751335546,True,0.5455917876600042,0.34426899726397475,0.2013227903960294,0.5456 0.5022 0.4808 0.4685 0.4630 0.3899 0.3697 0.4201 0.3614 0.3443,0.9850793175965673,0.014920682403432695,0.24163453097708665,0.24174481350351518,0.2598709108194266,0.00011028252642852898,0.018126097315911416,0.9664548161663762,0.24965413765277947,0.2473 0.1821 0.1372 0.1243 0.0979 -0.0024 0.0259 0.0761 0.0444 0.0336,1.7763568394002505e-15,0.5567736345811151,0.008706652994228459,200.0,0.002610040424416695,-0.003696449173713197,True
ChEMBL-40,CHEMBL2292_EC50,CHEMBL2292_EC50,CHEMBL2292_EC50,32dddd1a8aa1be4b6cad0e24b3e0778fdac436ef,20,1857,1467,390,0.4345197124246565,4200,False,,,,,,,,,,,,,,,,,,,,,,,
ChEMBL-40,CHEMBL1163125_Ki,CHEMBL1163125_Ki,CHEMBL1163125_Ki,32dddd1a8aa1be4b6cad0e24b3e0778fdac436ef,5,1296,1026,270,0.6768655698724421,300,True,18.033714689964064,True,0.7820495861109868,0.6971643012181875,0.08488528489279934,0.7820 0.7943 0.7458 0.7120 0.6972,0.9654835321166726,0.034516467883327406,0.4636350231049534,0.46238315758367854,0.48259349155724196,-0.0012518655212748753,0.02021033397356342,0.967492775499477,0.3375658847657622,0.3850 0.2933 0.1505 0.0912 0.0474,1.7763568394002505e-15,0.28736032108898224,0.0357741090385757,,,,
ChEMBL-40,CHEMBL1163125_Ki,CHEMBL1163125_Ki,CHEMBL1163125_Ki,32dddd1a8aa1be4b6cad0e24b3e0778fdac436ef,10,1296,1026,270,0.6768655698724421,1100,False,,,,,,,,,,,,,,,,,,,,,,,
ChEMBL-40,CHEMBL1163125_Ki,CHEMBL1163125_Ki,CHEMBL1163125_Ki,32dddd1a8aa1be4b6cad0e24b3e0778fdac436ef,20,1296,1026,270,0.6768655698724421,4200,False,,,,,,,,,,,,,,,,,,,,,,,
ChEMBL-40,CHEMBL3155_Ki,CHEMBL3155_Ki,CHEMBL3155_Ki,32dddd1a8aa1be4b6cad0e24b3e0778fdac436ef,5,2657,2111,546,0.5357174946520892,300,True,10.704258187799484,True,0.709189943445957,0.5212889452628149,0.1879009981831421,0.7092 0.6663 0.6292 0.5429 0.5213,0.9303174042811506,0.06968259571884938,0.40553941695062856,0.4019118694534619,0.4154090022761665,-0.00362754749716665,0.013497132822704594,0.9147780697986132,0.30537362109590616,0.3715 0.2178 0.1760 0.0661 0.0834,3.552713678800501e-15,0.391060894577533,0.07322161077037781,,,,
ChEMBL-40,CHEMBL3155_Ki,CHEMBL3155_Ki,CHEMBL3155_Ki,32dddd1a8aa1be4b6cad0e24b3e0778fdac436ef,10,2657,2111,546,0.5357174946520892,1100,True,17.70913655734982,True,0.709189943445957,0.3686064978171337,0.34058344562882326,0.7092 0.6663 0.6292 0.5429 0.5213 0.4867 0.4606 0.4698 0.4147 0.3686,0.9740100633673627,0.025989936632637267,0.3783620989541445,0.37605279032634975,0.41749274849478046,-0.0023093086277947705,0.04143995816843071,0.9238613152149275,0.3803614586657066,0.3671 0.2118 0.1702 0.0595 0.0755 0.0111 -0.0019 0.0265 0.0173 -0.0132,1.7763568394002505e-15,0.4276349910678504,0.03664751428006041,200.0,0.0026476691269549358,-0.002054555302837893,True
ChEMBL-40,CHEMBL3155_Ki,CHEMBL3155_Ki,CHEMBL3155_Ki,32dddd1a8aa1be4b6cad0e24b3e0778fdac436ef,20,2657,2111,546,0.5357174946520892,4200,False,,,,,,,,,,,,,,,,,,,,,,,
ChEMBL-40,CHEMBL225_Ki,CHEMBL225_Ki,CHEMBL225_Ki,32dddd1a8aa1be4b6cad0e24b3e0778fdac436ef,5,2584,2053,531,0.509857174176103,300,True,8.657950891447255,True,0.7096681011136703,0.48144521786720934,0.22822288324646095,0.7097 0.6224 0.5668 0.5124 0.4814,0.9166613541241813,0.08333864587581874,0.34777903732491033,0.3513950478123735,0.3625943774853998,0.0036160104874631838,0.011199329673026281,0.8990648089992521,0.397760188865549,0.4461 0.2005 0.1178 0.0863 0.0484,3.552713678800501e-15,0.4361288344614755,0.05401399136242152,,,,
ChEMBL-40,CHEMBL225_Ki,CHEMBL225_Ki,CHEMBL225_Ki,32dddd1a8aa1be4b6cad0e24b3e0778fdac436ef,10,2584,2053,531,0.509857174176103,1100,True,14.464368968945898,True,0.7096681011136703,0.3935176585637072,0.3161504425499631,0.7097 0.6224 0.5668 0.5124 0.4814 0.4689 0.4273 0.4331 0.3971 0.3935,0.9640262949757004,0.03597370502429964,0.32003407070962453,0.3196894614347211,0.36179490601788156,-0.0003446092749034291,0.042105444583160456,0.9217775212936282,0.452872289751121,0.4374 0.1884 0.1041 0.0717 0.0274 0.0733 -0.0155 0.0389 0.0085 -0.0125,3.552713678800501e-15,0.47402320149618915,0.01611962432770786,200.0,0.0020630555018308675,-0.0023898246101091082,True
ChEMBL-40,CHEMBL225_Ki,CHEMBL225_Ki,CHEMBL225_Ki,32dddd1a8aa1be4b6cad0e24b3e0778fdac436ef,20,2584,2053,531,0.509857174176103,4200,False,,,,,,,,,,,,,,,,,,,,,,,
ChEMBL-40,CHEMBL4422_EC50,CHEMBL4422_EC50,CHEMBL4422_EC50,32dddd1a8aa1be4b6cad0e24b3e0778fdac436ef,5,2272,1813,459,0.5450224130458442,300,True,9.826402540540629,True,0.6799476313668334,0.5175987824859942,0.16234884888083922,0.6799 0.6343 0.5914 0.5571 0.5176,0.9493460430664775,0.05065395693352248,0.30473365412065234,0.30687939950443566,0.30271176315972503,0.002145745383783315,-0.0041676363447106235,0.9372294098420187,0.26077169576613296,0.3407 0.2560 0.1285 0.1320 0.0800,1.7763568394002505e-15,0.47246626006540654,0.01748867311125074,,,,
ChEMBL-40,CHEMBL4422_EC50,CHEMBL4422_EC50,CHEMBL4422_EC50,32dddd1a8aa1be4b6cad0e24b3e0778fdac436ef,10,2272,1813,459,0.5450224130458442,1100,True,17.14878517379212,True,0.6799476313668334,0.47613498135806614,0.2038126500087673,0.6799 0.6343 0.5914 0.5571 0.5176 0.5278 0.5202 0.4881 0.4941 0.4761,1.0098833390633113,0.009883339063311292,0.29842111966077645,0.29813145209281544,0.30507584071755467,-0.000289667567961005,0.006944388624739228,0.9858493812968229,0.2814594337704889,0.3146 0.2217 0.0922 0.0963 0.0331 0.0395 0.0684 0.0360 0.0349 0.0492,1.7763568394002505e-15,0.48108453677009777,0.02610694981594197,200.0,0.0027280157705390743,-0.0023093543779501868,True
ChEMBL-40,CHEMBL4422_EC50,CHEMBL4422_EC50,CHEMBL4422_EC50,32dddd1a8aa1be4b6cad0e24b3e0778fdac436ef,20,2272,1813,459,0.5450224130458442,4200,False,,,,,,,,,,,,,,,,,,,,,,,
ChEMBL-40,CHEMBL614358_EC50,CHEMBL614358_EC50,CHEMBL614358_EC50,32dddd1a8aa1be4b6cad0e24b3e0778fdac436ef,5,1243,981,262,0.11322103326456127,300,True,2.3637303560947482,True,0.2596448332931519,0.1303441382733939,0.12930069501975802,0.2596 0.2167 0.1766 0.0727 0.1303,0.5471220845512235,0.45287791544877654,-0.015459034776494907,0.03202591312524394,0.045429501777724424,0.04748494790173885,0.01340358865248048,0.5267173238394567,0.15548155314608764,0.1779 0.1419 0.1012 0.0224 0.0833,1.7763568394002505e-15,1.0073265045049227,0.1205475377694839,,,,
ChEMBL-40,CHEMBL614358_EC50,CHEMBL614358_EC50,CHEMBL614358_EC50,32dddd1a8aa1be4b6cad0e24b3e0778fdac436ef,10,1243,981,262,0.11322103326456127,1100,False,,,,,,,,,,,,,,,,,,,,,,,
ChEMBL-40,CHEMBL614358_EC50,CHEMBL614358_EC50,CHEMBL614358_EC50,32dddd1a8aa1be4b6cad0e24b3e0778fdac436ef,20,1243,981,262,0.11322103326456127,4200,False,,,,,,,,,,,,,,,,,,,,,,,
ChEMBL-40,CHEMBL4860_Ki,CHEMBL4860_Ki,CHEMBL4860_Ki,32dddd1a8aa1be4b6cad0e24b3e0778fdac436ef,5,1243,981,262,0.8725045698886278,300,True,56.381165650689745,True,0.9384052413912868,0.893296174738613,0.04510906665267378,0.9384 0.9252 0.9050 0.8961 0.8933,0.9509674361626625,0.04903256383733745,0.6389289669969664,0.6459728912524718,0.6650449451323055,0.007043924255505374,0.019072053879833684,0.9494724548902185,0.3496604653190497,0.3924 0.2595 0.1384 0.1164 0.0428,1.7763568394002505e-15,0.12671024925230134,0.0007851808590708664,,,,
ChEMBL-40,CHEMBL4860_Ki,CHEMBL4860_Ki,CHEMBL4860_Ki,32dddd1a8aa1be4b6cad0e24b3e0778fdac436ef,10,1243,981,262,0.8725045698886278,1100,False,,,,,,,,,,,,,,,,,,,,,,,
ChEMBL-40,CHEMBL4860_Ki,CHEMBL4860_Ki,CHEMBL4860_Ki,32dddd1a8aa1be4b6cad0e24b3e0778fdac436ef,20,1243,981,262,0.8725045698886278,4200,False,,,,,,,,,,,,,,,,,,,,,,,
ChEMBL-40,CHEMBL5024_Ki,CHEMBL5024_Ki,CHEMBL5024_Ki,32dddd1a8aa1be4b6cad0e24b3e0778fdac436ef,5,1011,797,214,0.4391634360102922,300,True,6.955973368063094,True,0.643690572070145,0.5020894376808092,0.14160113438933586,0.6437 0.5225 0.5690 0.4676 0.5021,0.8678895808266899,0.13211041917331012,0.2642543311270754,0.26107695431246447,0.2610210177572876,-0.003177376814610944,-5.593655517688312e-05,0.8650721737570277,0.25754844181928843,0.3279 0.1333 0.2287 0.0703 0.1048,1.7763568394002505e-15,0.6281445859105014,0.06730802192079355,,,,
ChEMBL-40,CHEMBL5024_Ki,CHEMBL5024_Ki,CHEMBL5024_Ki,32dddd1a8aa1be4b6cad0e24b3e0778fdac436ef,10,1011,797,214,0.4391634360102922,1100,False,,,,,,,,,,,,,,,,,,,,,,,
ChEMBL-40,CHEMBL5024_Ki,CHEMBL5024_Ki,CHEMBL5024_Ki,32dddd1a8aa1be4b6cad0e24b3e0778fdac436ef,20,1011,797,214,0.4391634360102922,4200,False,,,,,,,,,,,,,,,,,,,,,,,
ChEMBL-40,CHEMBL2000_Ki,CHEMBL2000_Ki,CHEMBL2000_Ki,32dddd1a8aa1be4b6cad0e24b3e0778fdac436ef,5,1080,850,230,0.5461332325025285,300,True,10.017919003092599,True,0.6719863034622491,0.5446988553735179,0.12728744808873116,0.6720 0.6522 0.5827 0.5214 0.5447,0.9437540205787349,0.05624597942126508,0.3778755761149375,0.3786065672651169,0.38130198025997963,0.0007309911501793831,0.002695412994862756,0.9276293345067324,0.22728623809698573,0.3165 0.2300 0.1922 0.0892 0.0996,1.7763568394002505e-15,0.4162260627474893,0.03764070474998216,,,,
ChEMBL-40,CHEMBL2000_Ki,CHEMBL2000_Ki,CHEMBL2000_Ki,32dddd1a8aa1be4b6cad0e24b3e0778fdac436ef,10,1080,850,230,0.5461332325025285,1100,False,,,,,,,,,,,,,,,,,,,,,,,
ChEMBL-40,CHEMBL2000_Ki,CHEMBL2000_Ki,CHEMBL2000_Ki,32dddd1a8aa1be4b6cad0e24b3e0778fdac436ef,20,1080,850,230,0.5461332325025285,4200,False,,,,,,,,,,,,,,,,,,,,,,,
ChEMBL-40,CHEMBL4333_EC50,CHEMBL4333_EC50,CHEMBL4333_EC50,32dddd1a8aa1be4b6cad0e24b3e0778fdac436ef,5,2464,1958,506,0.6194148572864997,300,True,12.506292015113557,True,0.733349133556788,0.633511040033533,0.09983809352325501,0.7333 0.7064 0.6645 0.6552 0.6335,0.9433442340252812,0.056655765974718775,0.403683801404524,0.40498481125855734,0.4216276628976977,0.0013010098540333637,0.016642851639140366,0.9408569122309011,0.22391296237389208,0.3308 0.2055 0.1702 0.1274 0.1069,1.7763568394002505e-15,0.3729195521175937,0.007665590595906602,,,,
ChEMBL-40,CHEMBL4333_EC50,CHEMBL4333_EC50,CHEMBL4333_EC50,32dddd1a8aa1be4b6cad0e24b3e0778fdac436ef,10,2464,1958,506,0.6194148572864997,1100,True,23.014446260112493,True,0.733349133556788,0.5290366315939515,0.20431250196283646,0.7333 0.7064 0.6645 0.6552 0.6335 0.6187 0.5888 0.5685 0.5631 0.5290,0.9802667268854705,0.019733273114529548,0.37179640084940224,0.3720132154064586,0.4225977173878537,0.0002168145570563551,0.05058450198139508,0.9662438675852449,0.31693779751219336,0.3153 0.1814 0.1417 0.1038 0.0758 0.0520 0.0257 0.0362 0.0360 -0.0016,2.6645352591003757e-15,0.41386888854341947,0.033283745829919165,200.0,0.0027687919928514383,-0.0018725850281117408,True
ChEMBL-40,CHEMBL4333_EC50,CHEMBL4333_EC50,CHEMBL4333_EC50,32dddd1a8aa1be4b6cad0e24b3e0778fdac436ef,20,2464,1958,506,0.6194148572864997,4200,False,,,,,,,,,,,,,,,,,,,,,,,
ChEMBL-40,CHEMBL4550_Ki,CHEMBL4550_Ki,CHEMBL4550_Ki,32dddd1a8aa1be4b6cad0e24b3e0778fdac436ef,5,1513,1193,320,0.41508525596385415,300,True,5.147320373283935,True,0.5875722882377262,0.43397363545150536,0.15359865278622087,0.5876 0.4589 0.4689 0.4413 0.4340,0.9179989841213453,0.08200101587865471,0.25320939898695205,0.25617260023145694,0.2521390177796804,0.002963201244504887,-0.004033582451776541,0.9156676850209156,0.2597334302403374,0.3734 0.1534 0.1137 0.1534 0.1217,1.7763568394002505e-15,0.5079914207366799,0.07692332329946594,,,,
ChEMBL-40,CHEMBL4550_Ki,CHEMBL4550_Ki,CHEMBL4550_Ki,32dddd1a8aa1be4b6cad0e24b3e0778fdac436ef,10,1513,1193,320,0.41508525596385415,1100,True,8.406511112533373,True,0.5875722882377262,0.3035410828018479,0.28403120543587834,0.5876 0.4589 0.4689 0.4413 0.4340 0.3547 0.3625 0.3802 0.3598 0.3035,1.0224476379353358,0.022447637935335774,0.28696807455995543,0.28776926091980204,0.2751927296816875,0.0008011863598466062,-0.01257653123811453,0.9887168358806214,0.3506358045495868,0.3443 0.1336 0.0922 0.1197 0.0910 0.0426 0.0393 0.0896 0.0428 -0.0064,1.7763568394002505e-15,0.4631019844211253,0.12181275961502053,200.0,0.0028936733263676593,-0.003524127696373833,False
ChEMBL-40,CHEMBL4550_Ki,CHEMBL4550_Ki,CHEMBL4550_Ki,32dddd1a8aa1be4b6cad0e24b3e0778fdac436ef,20,1513,1193,320,0.41508525596385415,4200,False,,,,,,,,,,,,,,,,,,,,,,,
ChEMBL-40,CHEMBL259_Ki,CHEMBL259_Ki,CHEMBL259_Ki,32dddd1a8aa1be4b6cad0e24b3e0778fdac436ef,5,1982,1572,410,0.6974640357297915,300,True,17.185586582871963,True,0.8190785996447408,0.7004104538923835,0.11866814575235729,0.8191 0.7472 0.7416 0.6904 0.7004,0.9830133462313091,0.016986653768690907,0.4823762705877839,0.48346259717993545,0.4880544682611374,0.0010863265921515763,0.004591871081201959,0.9753171834231478,0.29975544318518793,0.4077 0.1928 0.1401 0.1080 0.1268,1.7763568394002505e-15,0.26323878512583737,0.039297179144371086,,,,
ChEMBL-40,CHEMBL259_Ki,CHEMBL259_Ki,CHEMBL259_Ki,32dddd1a8aa1be4b6cad0e24b3e0778fdac436ef,10,1982,1572,410,0.6974640357297915,1100,True,31.107813740838065,True,0.8190785996447408,0.6190545043006167,0.20002409534412413,0.8191 0.7472 0.7416 0.6904 0.7004 0.6573 0.6406 0.6177 0.5755 0.6191,1.0286634707889861,0.028663470788986123,0.46082718298477,0.4604261683319886,0.4905281285851787,-0.00040101465278141735,0.03010196025319012,0.9999867719357916,0.38577979661110245,0.3876 0.1779 0.1195 0.0906 0.1033 0.0221 0.0018 0.0444 0.0328 0.0200,1.7763568394002505e-15,0.2856126903931727,0.01692327387703574,200.0,0.0036120438381780306,-0.0030961549349475047,True
ChEMBL-40,CHEMBL259_Ki,CHEMBL259_Ki,CHEMBL259_Ki,32dddd1a8aa1be4b6cad0e24b3e0778fdac436ef,20,1982,1572,410,0.6974640357297915,4200,False,,,,,,,,,,,,,,,,,,,,,,,
ChEMBL-40,CHEMBL4822_Ki,CHEMBL4822_Ki,CHEMBL4822_Ki,32dddd1a8aa1be4b6cad0e24b3e0778fdac436ef,5,2217,1763,454,0.5357850901614466,300,True,8.232817622571758,True,0.6878226177823935,0.5278827374218519,0.15993988036054163,0.6878 0.5952 0.5535 0.5460 0.5279,0.9722559851351376,0.027744014864862443,0.3513679745151842,0.352867392945154,0.3712885058207289,0.0014994184299698121,0.018421112875574908,0.9574729908701627,0.23092576883858787,0.3595 0.1961 0.1286 0.1365 0.1368,1.7763568394002505e-15,0.45185835901278026,0.012356550825773138,,,,
ChEMBL-40,CHEMBL4822_Ki,CHEMBL4822_Ki,CHEMBL4822_Ki,32dddd1a8aa1be4b6cad0e24b3e0778fdac436ef,10,2217,1763,454,0.5357850901614466,1100,True,13.151018920418222,True,0.6878226177823935,0.3532848495636852,0.3345377682187083,0.6878 0.5952 0.5535 0.5460 0.5279 0.4800 0.3903 0.4197 0.4027 0.3533,1.0580421146239898,0.05804211462398978,0.3447075794653278,0.3456493918124106,0.37823456724209015,0.0009418123470827933,0.032585175429679536,0.990294056680913,0.3642225426410385,0.3459 0.1824 0.1160 0.1149 0.1155 0.0551 -0.0183 0.0504 0.0258 0.0025,1.7763568394002505e-15,0.46118570232945916,0.003029207509094245,200.0,0.0020471224480232077,-0.002798873101603686,True
ChEMBL-40,CHEMBL4822_Ki,CHEMBL4822_Ki,CHEMBL4822_Ki,32dddd1a8aa1be4b6cad0e24b3e0778fdac436ef,20,2217,1763,454,0.5357850901614466,4200,False,,,,,,,,,,,,,,,,,,,,,,,
ChEMBL-40,CHEMBL222_Ki,CHEMBL222_Ki,CHEMBL222_Ki,32dddd1a8aa1be4b6cad0e24b3e0778fdac436ef,5,1987,1577,410,0.5535579606260396,300,True,9.208574245016719,True,0.715149956689341,0.5730940132185324,0.14205594347080863,0.7151 0.6298 0.6154 0.5692 0.5731,0.9188254447291055,0.08117455527089446,0.3559889672713278,0.3555748880011693,0.3603548553837568,-0.0004140792701584628,0.004779967382587458,0.9126710087244894,0.30528144717100936,0.3902 0.1856 0.1312 0.0849 0.1209,1.7763568394002505e-15,0.431451327718334,0.014990711655626432,,,,
ChEMBL-40,CHEMBL222_Ki,CHEMBL222_Ki,CHEMBL222_Ki,32dddd1a8aa1be4b6cad0e24b3e0778fdac436ef,10,1987,1577,410,0.5535579606260396,1100,True,17.282476392441552,True,0.715149956689341,0.4646234151989442,0.2505265414903968,0.7151 0.6298 0.6154 0.5692 0.5731 0.5681 0.5503 0.5063 0.5269 0.4646,0.9481555849005849,0.051844415099415064,0.3209156784668058,0.3208337051505976,0.3603742324418613,-8.197331620818371e-05,0.03954052729126367,0.9380343420850557,0.38066917155276264,0.3758 0.1645 0.1053 0.0591 0.0884 0.0219 0.0536 0.0419 0.0323 -0.0048,1.7763568394002505e-15,0.47972527710931034,0.03328323773534991,200.0,0.0034713480951303966,-0.0022777115703197094,True
ChEMBL-40,CHEMBL222_Ki,CHEMBL222_Ki,CHEMBL222_Ki,32dddd1a8aa1be4b6cad0e24b3e0778fdac436ef,20,1987,1577,410,0.5535579606260396,4200,False,,,,,,,,,,,,,,,,,,,,,,,
ChEMBL-40,CHEMBL245_Ki,CHEMBL245_Ki,CHEMBL245_Ki,32dddd1a8aa1be4b6cad0e24b3e0778fdac436ef,5,1777,1398,379,0.7165869096438549,300,True,21.118926598014216,True,0.8474717209737374,0.7198036204576085,0.12766810051612887,0.8475 0.7996 0.7412 0.7551 0.7198,0.9721271189498883,0.027872881050111653,0.4930452332301146,0.49437430549303973,0.5033995259115716,0.0013290722629251128,0.00902522041853182,0.9637316178505,0.3544978057220987,0.4356 0.2056 0.0811 0.1263 0.1152,1.7763568394002505e-15,0.254193617656344,0.02921947269980113,,,,
ChEMBL-40,CHEMBL245_Ki,CHEMBL245_Ki,CHEMBL245_Ki,32dddd1a8aa1be4b6cad0e24b3e0778fdac436ef,10,1777,1398,379,0.7165869096438549,1100,True,38.96134463014491,True,0.8474717209737374,0.6349844538546534,0.21248726711908394,0.8475 0.7996 0.7412 0.7551 0.7198 0.6879 0.6558 0.6608 0.6494 0.6350,1.0083237281955888,0.008323728195588798,0.4836640054859367,0.48364358457118506,0.5087874243382229,-2.042091475162877e-05,0.025143839767037823,0.9814558591711406,0.41857300997740565,0.4199 0.1893 0.0660 0.1075 0.0894 0.0433 0.0014 0.0211 0.0058 0.0378,3.552713678800501e-15,0.26368839866561694,0.019724691690528207,200.0,0.001653724708170616,-0.0024028173004608934,True
ChEMBL-40,CHEMBL245_Ki,CHEMBL245_Ki,CHEMBL245_Ki,32dddd1a8aa1be4b6cad0e24b3e0778fdac436ef,20,1777,1398,379,0.7165869096438549,4200,False,,,,,,,,,,,,,,,,,,,,,,,
ChEMBL-40,CHEMBL2014_Ki,CHEMBL2014_Ki,CHEMBL2014_Ki,32dddd1a8aa1be4b6cad0e24b3e0778fdac436ef,5,2108,1677,431,0.5559074267959228,300,True,8.376997426647023,True,0.6556365715438918,0.5236351504654447,0.13200142107844703,0.6556 0.5829 0.5955 0.5513 0.5236,0.9389598361449996,0.06104016385500044,0.36299104114704994,0.3632047612163426,0.3751356443150592,0.00021372006929265552,0.011930883098716594,0.9374989762494296,0.24831311467329414,0.3403 0.1983 0.1521 0.1548 0.0920,1.7763568394002505e-15,0.4214383941675065,0.022654179036570743,,,,
ChEMBL-40,CHEMBL2014_Ki,CHEMBL2014_Ki,CHEMBL2014_Ki,32dddd1a8aa1be4b6cad0e24b3e0778fdac436ef,10,2108,1677,431,0.5559074267959228,1100,True,15.085857093342488,True,0.6556365715438918,0.4665660468605996,0.18907052468329216,0.6556 0.5829 0.5955 0.5513 0.5236 0.5429 0.5145 0.4927 0.5198 0.4666,0.9963267160697891,0.0036732839302109355,0.3545355711797278,0.3544923701592957,0.3777061495774966,-4.3201020432093173e-05,0.02321377941820091,0.9843394494007098,0.2920017106531663,0.3001 0.1578 0.1170 0.1156 0.0564 0.0726 0.0462 0.0524 0.0581 0.0081,1.7763568394002505e-15,0.4327007470563493,0.011391826147727935,200.0,0.0020059358788484106,-0.0024976532665536943,True
ChEMBL-40,CHEMBL2014_Ki,CHEMBL2014_Ki,CHEMBL2014_Ki,32dddd1a8aa1be4b6cad0e24b3e0778fdac436ef,20,2108,1677,431,0.5559074267959228,4200,False,,,,,,,,,,,,,,,,,,,,,,,
ChEMBL-40,CHEMBL255_Ki,CHEMBL255_Ki,CHEMBL255_Ki,32dddd1a8aa1be4b6cad0e24b3e0778fdac436ef,5,1843,1456,387,0.6689078978329568,300,True,15.049058113269304,True,0.7645957479713263,0.6992762208898713,0.06531952708145505,0.7646 0.7225 0.7053 0.7197 0.6993,0.9518094422802317,0.04819055771976832,0.439434075415853,0.44223776783974866,0.457842220894622,0.002803692423895665,0.015604453054873346,0.951370652832587,0.2016333738365261,0.3297 0.2083 0.1532 0.1281 0.1321,1.7763568394002505e-15,0.31965502341589275,0.011437078751150465,,,,
ChEMBL-40,CHEMBL255_Ki,CHEMBL255_Ki,CHEMBL255_Ki,32dddd1a8aa1be4b6cad0e24b3e0778fdac436ef,10,1843,1456,387,0.6689078978329568,1100,True,27.01340387326732,True,0.7645957479713263,0.582270009525802,0.18232573844552435,0.7646 0.7225 0.7053 0.7197 0.6993 0.6547 0.6449 0.6084 0.6186 0.5823,0.9914929930569786,0.008507006943021422,0.4148036376261838,0.4152145405488403,0.4581508133495683,0.00041090292265655304,0.04293627280072798,0.9725237893637777,0.3213114986199715,0.3067 0.1771 0.1367 0.1079 0.1045 0.0587 0.0553 -0.0146 0.0424 -0.0022,1.7763568394002505e-15,0.3483624854525914,0.017270383285548196,200.0,0.0029779052780282266,-0.0019698761041217956,True
ChEMBL-40,CHEMBL255_Ki,CHEMBL255_Ki,CHEMBL255_Ki,32dddd1a8aa1be4b6cad0e24b3e0778fdac436ef,20,1843,1456,387,0.6689078978329568,4200,False,,,,,,,,,,,,,,,,,,,,,,,
ChEMBL-40,CHEMBL4361_Ki,CHEMBL4361_Ki,CHEMBL4361_Ki,32dddd1a8aa1be4b6cad0e24b3e0778fdac436ef,5,1617,1272,345,0.8708955537023604,300,True,48.33938188448491,True,0.9275441660298965,0.8708540596688008,0.05669010636109573,0.9275 0.9147 0.8908 0.8863 0.8709,0.9832169871610171,0.01678301283898287,0.6819943050139091,0.6815255283092481,0.6832378566956208,-0.0004687767046610558,0.0017123283863726968,0.9802615925765931,0.3231712585866204,0.4278 0.2170 0.1047 0.1213 0.1094,1.7763568394002505e-15,0.0991902011979631,0.029914245099676523,,,,
ChEMBL-40,CHEMBL4361_Ki,CHEMBL4361_Ki,CHEMBL4361_Ki,32dddd1a8aa1be4b6cad0e24b3e0778fdac436ef,10,1617,1272,345,0.8708955537023604,1100,True,95.37836046299543,True,0.9275441660298965,0.8366774356657606,0.09086673036413595,0.9275 0.9147 0.8908 0.8863 0.8709 0.8423 0.8524 0.8487 0.8684 0.8367,0.9913139970858786,0.00868600291412136,0.671425999847843,0.67092964692244,0.6836788743539751,-0.0004963529254030652,0.01274922743153517,0.9834268559548239,0.45399419427978666,0.4254 0.2124 0.0903 0.1092 0.0951 -0.0134 0.0490 -0.0286 0.0074 0.0366,2.6645352591003757e-15,0.10589254009052805,0.02321190620711157,200.0,0.0013787679813262337,-0.003144425981705459,True
ChEMBL-40,CHEMBL4361_Ki,CHEMBL4361_Ki,CHEMBL4361_Ki,32dddd1a8aa1be4b6cad0e24b3e0778fdac436ef,20,1617,1272,345,0.8708955537023604,4200,False,,,,,,,,,,,,,,,,,,,,,,,
ChEMBL-40,CHEMBL4805_Ki,CHEMBL4805_Ki,CHEMBL4805_Ki,32dddd1a8aa1be4b6cad0e24b3e0778fdac436ef,5,583,451,132,0.25004524103487624,300,True,4.094931442520359,True,0.39945216294849256,0.3228195985561847,0.07663256439230787,0.3995 0.3284 0.3882 0.2612 0.3228,0.7570978341301788,0.24290216586982116,0.05742107709532307,0.08584486432838268,0.09007174570632803,0.028423787233059605,0.004226881377945357,0.7533965221622015,0.14592008092434472,0.2452 0.1323 0.1737 0.0993 0.1028,1.7763568394002505e-15,0.8536105900691077,0.10365583110398391,,,,
ChEMBL-40,CHEMBL4805_Ki,CHEMBL4805_Ki,CHEMBL4805_Ki,32dddd1a8aa1be4b6cad0e24b3e0778fdac436ef,10,583,451,132,0.25004524103487624,1100,False,,,,,,,,,,,,,,,,,,,,,,,
ChEMBL-40,CHEMBL4805_Ki,CHEMBL4805_Ki,CHEMBL4805_Ki,32dddd1a8aa1be4b6cad0e24b3e0778fdac436ef,20,583,451,132,0.25004524103487624,4200,False,,,,,,,,,,,,,,,,,,,,,,,
ChEMBL-40,CHEMBL1784_EC50,CHEMBL1784_EC50,CHEMBL1784_EC50,32dddd1a8aa1be4b6cad0e24b3e0778fdac436ef,5,1464,1155,309,0.7482157958178667,300,True,21.211628137773324,True,0.8222381402096305,0.7516845280986837,0.0705536121109468,0.8222 0.7783 0.8119 0.7660 0.7517,0.9735375152880267,0.026462484711973322,0.5106702332068893,0.5101612591956226,0.5237670765940052,-0.0005089740112667052,0.013605817398382625,0.9759636287367408,0.273007311929082,0.3891 0.1963 0.1518 0.1227 0.1161,1.7763568394002505e-15,0.2360645942682536,0.015719609913879717,,,,
ChEMBL-40,CHEMBL1784_EC50,CHEMBL1784_EC50,CHEMBL1784_EC50,32dddd1a8aa1be4b6cad0e24b3e0778fdac436ef,10,1464,1155,309,0.7482157958178667,1100,True,41.299534179202475,True,0.8222381402096305,0.6553733232602371,0.16686481694939337,0.8222 0.7783 0.8119 0.7660 0.7517 0.7332 0.7039 0.7086 0.7133 0.6554,1.0063005935292735,0.006300593529273479,0.5198846201620269,0.5201783058185786,0.5331138479240562,0.0002936856565517454,0.012935542105477649,1.0036839510112932,0.3643914564302036,0.3685 0.1716 0.1108 0.0952 0.0608 0.0711 0.0041 0.0283 0.0610 0.0323,1.7763568394002505e-15,0.22725781175815926,0.02452639242397406,200.0,0.0028302684939073364,-0.004117550882332382,True
ChEMBL-40,CHEMBL1784_EC50,CHEMBL1784_EC50,CHEMBL1784_EC50,32dddd1a8aa1be4b6cad0e24b3e0778fdac436ef,20,1464,1155,309,0.7482157958178667,4200,False,,,,,,,,,,,,,,,,,,,,,,,
ChEMBL-40,CHEMBL1833_Ki,CHEMBL1833_Ki,CHEMBL1833_Ki,32dddd1a8aa1be4b6cad0e24b3e0778fdac436ef,5,1655,1305,350,0.4002432488888049,300,True,7.112068465809724,True,0.6583476150876413,0.4200448427848389,0.2383027723028024,0.6583 0.5307 0.5156 0.4344 0.4200,0.9160470350123823,0.08395296498761773,0.20050385837491114,0.20908933370510596,0.23259059565904872,0.008585475330194825,0.023501261953942754,0.8982047561659667,0.38559230393999644,0.4400 0.1538 0.1728 0.0772 0.0544,1.7763568394002505e-15,0.678412336590404,0.07865558547920892,,,,
ChEMBL-40,CHEMBL1833_Ki,CHEMBL1833_Ki,CHEMBL1833_Ki,32dddd1a8aa1be4b6cad0e24b3e0778fdac436ef,10,1655,1305,350,0.4002432488888049,1100,True,10.793612137497398,True,0.6583476150876413,0.2997617961952683,0.35858581889237295,0.6583 0.5307 0.5156 0.4344 0.4200 0.3609 0.3179 0.3107 0.3066 0.2998,0.9939916905178334,0.006008309482166574,0.18770591699169326,0.18807645685042795,0.23491548114943117,0.0003705398587346975,0.04683902429900322,0.9445835802209289,0.4625226260578649,0.4340 0.1448 0.1599 0.0555 0.0349 0.0532 -0.0285 0.0335 0.0316 0.0257,1.7763568394002505e-15,0.700305555852439,0.10054880474124395,200.0,0.0031338577855595066,-0.003367252595177877,True
ChEMBL-40,CHEMBL1833_Ki,CHEMBL1833_Ki,CHEMBL1833_Ki,32dddd1a8aa1be4b6cad0e24b3e0778fdac436ef,20,1655,1305,350,0.4002432488888049,4200,False,,,,,,,,,,,,,,,,,,,,,,,
ChEMBL-40,CHEMBL4227_EC50,CHEMBL4227_EC50,CHEMBL4227_EC50,32dddd1a8aa1be4b6cad0e24b3e0778fdac436ef,5,1332,1057,275,0.5199645042237123,300,True,7.8219815296185855,True,0.5879740728838705,0.5539198276814612,0.034054245202409295,0.5880 0.6067 0.5805 0.5562 0.5539,0.8766768686658587,0.1233231313341413,0.2953772852292186,0.2932863821248217,0.3035972436762806,-0.0020909031043968573,0.010310861551458883,0.8823672370097251,0.14311818508026747,0.2644 0.2009 0.1498 0.1212 0.1461,1.7763568394002505e-15,0.5179690449028016,0.03793354912651392,,,,
ChEMBL-40,CHEMBL4227_EC50,CHEMBL4227_EC50,CHEMBL4227_EC50,32dddd1a8aa1be4b6cad0e24b3e0778fdac436ef,10,1332,1057,275,0.5199645042237123,1100,False,,,,,,,,,,,,,,,,,,,,,,,
ChEMBL-40,CHEMBL4227_EC50,CHEMBL4227_EC50,CHEMBL4227_EC50,32dddd1a8aa1be4b6cad0e24b3e0778fdac436ef,20,1332,1057,275,0.5199645042237123,4200,False,,,,,,,,,,,,,,,,,,,,,,,
ChEMBL-40,CHEMBL211_Ki,CHEMBL211_Ki,CHEMBL211_Ki,32dddd1a8aa1be4b6cad0e24b3e0778fdac436ef,5,1564,1233,331,0.6260890399704975,300,True,12.94195923872391,True,0.7773478824426213,0.6281866735102676,0.14916120893235374,0.7773 0.6886 0.6634 0.6588 0.6282,0.9527409468836834,0.04725905311631662,0.47237355646768586,0.47158254650996556,0.4832840380764446,-0.0007910099577203011,0.011701491566479039,0.946060092604962,0.32172104576310007,0.4254 0.1922 0.1175 0.1036 0.1073,1.7763568394002505e-15,0.27727344949622507,0.09663751053327746,,,,
ChEMBL-40,CHEMBL211_Ki,CHEMBL211_Ki,CHEMBL211_Ki,32dddd1a8aa1be4b6cad0e24b3e0778fdac436ef,10,1564,1233,331,0.6260890399704975,1100,True,24.203488555099465,True,0.7773478824426213,0.5468445213275792,0.2305033611150421,0.7773 0.6886 0.6634 0.6588 0.6282 0.5831 0.6206 0.5906 0.5729 0.5468,0.9707428353939859,0.02925716460601413,0.4383310938688363,0.4377139509441954,0.48409814677096985,-0.0006171429246408788,0.046384195826774444,0.9638443320471355,0.4049218689308962,0.4102 0.1758 0.1012 0.0805 0.0871 0.0103 0.0504 0.0096 0.0334 0.0053,1.7763568394002505e-15,0.31420706275629173,0.05970389727321079,200.0,0.0031420706373732066,-0.003408112853774499,True
ChEMBL-40,CHEMBL211_Ki,CHEMBL211_Ki,CHEMBL211_Ki,32dddd1a8aa1be4b6cad0e24b3e0778fdac436ef,20,1564,1233,331,0.6260890399704975,4200,False,,,,,,,,,,,,,,,,,,,,,,,
ChEMBL-40,CHEMBL344_Ki,CHEMBL344_Ki,CHEMBL344_Ki,32dddd1a8aa1be4b6cad0e24b3e0778fdac436ef,5,1593,1255,338,0.4214743486615958,300,True,7.504933322919375,True,0.51810024245361,0.45368026392291133,0.06441997853069864,0.5181 0.5771 0.5004 0.4633 0.4537,0.8541645075869853,0.14583549241301474,0.23522594488932913,0.2393379441298833,0.24451159471977768,0.004111999240554165,0.005173650589894385,0.8557765375679693,0.24474913377605545,0.2008 0.3207 0.1794 0.0790 0.0759,1.7763568394002505e-15,0.551511225723793,0.027014425614611315,,,,
ChEMBL-40,CHEMBL344_Ki,CHEMBL344_Ki,CHEMBL344_Ki,32dddd1a8aa1be4b6cad0e24b3e0778fdac436ef,10,1593,1255,338,0.4214743486615958,1100,True,12.318835065788031,True,0.51810024245361,0.339038296216951,0.179061946236659,0.5181 0.5771 0.5004 0.4633 0.4537 0.4522 0.4041 0.4034 0.3014 0.3390,0.9498365991110791,0.050163400888920906,0.2266513254484478,0.2273435954138885,0.24481285473724024,0.000692269965440695,0.01746925932335175,0.9252194323853818,0.2934175599725887,0.1747 0.2928 0.1551 0.0481 0.0586 0.0428 -0.0006 0.0755 0.0041 0.0742,1.7763568394002505e-15,0.5639476035783744,0.01457804776002991,200.0,0.004177010155660147,-0.002867096330384356,True
ChEMBL-40,CHEMBL344_Ki,CHEMBL344_Ki,CHEMBL344_Ki,32dddd1a8aa1be4b6cad0e24b3e0778fdac436ef,20,1593,1255,338,0.4214743486615958,4200,False,,,,,,,,,,,,,,,,,,,,,,,
ChEMBL-40,CHEMBL240_Ki,CHEMBL240_Ki,CHEMBL240_Ki,32dddd1a8aa1be4b6cad0e24b3e0778fdac436ef,5,1485,1170,315,0.5722638405787761,300,True,12.592158927316598,True,0.7014117790313698,0.5543018804261346,0.14710989860523516,0.7014 0.6779 0.6241 0.6343 0.5543,0.9059706624998982,0.09402933750010178,0.4153767382643223,0.4105964073222619,0.4204030962370988,-0.004780330942060429,0.009806688914836936,0.8988844351257486,0.25713790011808657,0.3412 0.2189 0.0965 0.1583 0.0840,1.7763568394002505e-15,0.35505923407668677,0.07267692534453712,,,,
ChEMBL-40,CHEMBL240_Ki,CHEMBL240_Ki,CHEMBL240_Ki,32dddd1a8aa1be4b6cad0e24b3e0778fdac436ef,10,1485,1170,315,0.5722638405787761,1100,True,21.20609129593627,True,0.7014117790313698,0.45428019667203984,0.24713158235932992,0.7014 0.6779 0.6241 0.6343 0.5543 0.5198 0.4746 0.4812 0.4761 0.4543,0.960883985914282,0.039116014085717965,0.37211992531463867,0.369474253306906,0.42092719018218205,-0.002645672007732691,0.05145293687527608,0.920778472878394,0.3390763066576148,0.3285 0.2114 0.0826 0.1475 0.0635 0.0502 0.0209 -0.0106 0.0026 0.0243,1.7763568394002505e-15,0.4095453800450406,0.018190779376183297,200.0,0.005522233868732466,-0.006352951108354036,True
ChEMBL-40,CHEMBL240_Ki,CHEMBL240_Ki,CHEMBL240_Ki,32dddd1a8aa1be4b6cad0e24b3e0778fdac436ef,20,1485,1170,315,0.5722638405787761,4200,False,,,,,,,,,,,,,,,,,,,,,,,
ChEMBL-40,CHEMBL3759_Ki,CHEMBL3759_Ki,CHEMBL3759_Ki,32dddd1a8aa1be4b6cad0e24b3e0778fdac436ef,5,1342,1066,276,0.5319512826266869,300,True,9.726233714916583,True,0.7077030315288327,0.507434779268089,0.20026825226074374,0.7077 0.6484 0.5665 0.5477 0.5074,0.9484835610838914,0.051516438916108576,0.36181893510303975,0.36535086089026125,0.37445761836917124,0.0035319257872215015,0.009106757478909988,0.9323853394483638,0.2819689438239248,0.3603 0.2683 0.1160 0.0784 0.1094,1.7763568394002505e-15,0.4034543996372979,0.0645943177360152,,,,
ChEMBL-40,CHEMBL3759_Ki,CHEMBL3759_Ki,CHEMBL3759_Ki,32dddd1a8aa1be4b6cad0e24b3e0778fdac436ef,10,1342,1066,276,0.5319512826266869,1100,False,,,,,,,,,,,,,,,,,,,,,,,
ChEMBL-40,CHEMBL3759_Ki,CHEMBL3759_Ki,CHEMBL3759_Ki,32dddd1a8aa1be4b6cad0e24b3e0778fdac436ef,20,1342,1066,276,0.5319512826266869,4200,False,,,,,,,,,,,,,,,,,,,,,,,
ChEMBL-40,CHEMBL2056_Ki,CHEMBL2056_Ki,CHEMBL2056_Ki,32dddd1a8aa1be4b6cad0e24b3e0778fdac436ef,5,1265,999,266,0.5510389228492543,300,True,11.953217377203421,True,0.7336080445430173,0.6378641803866042,0.09574386415641312,0.7336 0.6870 0.6384 0.6362 0.6379,0.8943747607086056,0.10562523929139445,0.34631514912244343,0.34923631974978053,0.3812583519517041,0.0029211706273370996,0.03202203220192357,0.9052541341970073,0.3133906534238944,0.3831 0.2214 0.1417 0.0894 0.0697,1.7763568394002505e-15,0.4476246568646189,0.0013364202861268493,,,,
ChEMBL-40,CHEMBL2056_Ki,CHEMBL2056_Ki,CHEMBL2056_Ki,32dddd1a8aa1be4b6cad0e24b3e0778fdac436ef,10,1265,999,266,0.5510389228492543,1100,False,,,,,,,,,,,,,,,,,,,,,,,
ChEMBL-40,CHEMBL2056_Ki,CHEMBL2056_Ki,CHEMBL2056_Ki,32dddd1a8aa1be4b6cad0e24b3e0778fdac436ef,20,1265,999,266,0.5510389228492543,4200,False,,,,,,,,,,,,,,,,,,,,,,,
MoleculeACE-30,CHEMBL1862_Ki,CHEMBL1862_Ki,CHEMBL1862_Ki,32dddd1a8aa1be4b6cad0e24b3e0778fdac436ef,5,794,622,172,0.5999912152746948,300,True,13.952807753324194,True,0.7996149751152608,0.6171828475746379,0.18243212754062288,0.7996 0.7697 0.6919 0.6038 0.6172,0.9233483974620178,0.0766516025379822,0.46100007521132247,0.4625586311612846,0.48558957386674084,0.001558555949962126,0.023030942705456248,0.9073435978804327,0.4321942354410418,0.4670 0.2291 0.0907 0.0348 0.0857,1.7763568394002505e-15,0.2796968628895609,0.1203119218357443,,,,
MoleculeACE-30,CHEMBL1862_Ki,CHEMBL1862_Ki,CHEMBL1862_Ki,32dddd1a8aa1be4b6cad0e24b3e0778fdac436ef,10,794,622,172,0.5999912152746948,1100,False,,,,,,,,,,,,,,,,,,,,,,,
MoleculeACE-30,CHEMBL1862_Ki,CHEMBL1862_Ki,CHEMBL1862_Ki,32dddd1a8aa1be4b6cad0e24b3e0778fdac436ef,20,794,622,172,0.5999912152746948,4200,False,,,,,,,,,,,,,,,,,,,,,,,
MoleculeACE-30,CHEMBL1871_Ki,CHEMBL1871_Ki,CHEMBL1871_Ki,32dddd1a8aa1be4b6cad0e24b3e0778fdac436ef,5,659,517,142,0.5880238292430153,300,True,12.471037646137194,True,0.7604388719092247,0.60722211206058,0.1532167598486447,0.7604 0.6978 0.6027 0.5836 0.6072,0.9394004462835865,0.06059955371641346,0.36841722529713583,0.37282529969009404,0.37014506556804305,0.004408074392958206,-0.002680234122050984,0.9258105822480328,0.33597385904182847,0.3854 0.2958 0.0943 0.0495 0.1009,1.7763568394002505e-15,0.3801269911587432,0.03184917959824146,,,,
MoleculeACE-30,CHEMBL1871_Ki,CHEMBL1871_Ki,CHEMBL1871_Ki,32dddd1a8aa1be4b6cad0e24b3e0778fdac436ef,10,659,517,142,0.5880238292430153,1100,False,,,,,,,,,,,,,,,,,,,,,,,
MoleculeACE-30,CHEMBL1871_Ki,CHEMBL1871_Ki,CHEMBL1871_Ki,32dddd1a8aa1be4b6cad0e24b3e0778fdac436ef,20,659,517,142,0.5880238292430153,4200,False,,,,,,,,,,,,,,,,,,,,,,,
MoleculeACE-30,CHEMBL2034_Ki,CHEMBL2034_Ki,CHEMBL2034_Ki,32dddd1a8aa1be4b6cad0e24b3e0778fdac436ef,5,750,587,163,0.5647806523125452,300,True,12.018746737185069,True,0.7237158299817361,0.48179733212679404,0.24191849785494207,0.7237 0.6179 0.5942 0.5777 0.4818,0.9764026792674514,0.02359732073254861,0.39152634558751476,0.39107856226632287,0.39832848450700264,-0.0004477833211918858,0.007249922240679774,0.9625431851001615,0.4831289378197037,0.4742 0.1489 0.2076 0.1408 -0.0090,1.7763568394002505e-15,0.4008993838245811,0.034319963862873726,,,,
MoleculeACE-30,CHEMBL2034_Ki,CHEMBL2034_Ki,CHEMBL2034_Ki,32dddd1a8aa1be4b6cad0e24b3e0778fdac436ef,10,750,587,163,0.5647806523125452,1100,False,,,,,,,,,,,,,,,,,,,,,,,
MoleculeACE-30,CHEMBL2034_Ki,CHEMBL2034_Ki,CHEMBL2034_Ki,32dddd1a8aa1be4b6cad0e24b3e0778fdac436ef,20,750,587,163,0.5647806523125452,4200,False,,,,,,,,,,,,,,,,,,,,,,,
MoleculeACE-30,CHEMBL2047_EC50,CHEMBL2047_EC50,CHEMBL2047_EC50,32dddd1a8aa1be4b6cad0e24b3e0778fdac436ef,5,631,495,136,0.5201456411300904,300,True,11.674979996548045,True,0.7096515333193562,0.5061084654973248,0.20354306782203135,0.7097 0.6804 0.5354 0.5342 0.5061,0.9776631845976591,0.022336815402340893,0.2653234201310498,0.2666388120974198,0.30437895427815675,0.0013153919663699831,0.03774014218073696,0.944834297061477,0.3557416263186801,0.4139 0.2304 0.0582 0.1224 0.1199,1.7763568394002505e-15,0.619622837804705,0.13976847893479538,,,,
MoleculeACE-30,CHEMBL2047_EC50,CHEMBL2047_EC50,CHEMBL2047_EC50,32dddd1a8aa1be4b6cad0e24b3e0778fdac436ef,10,631,495,136,0.5201456411300904,1100,False,,,,,,,,,,,,,,,,,,,,,,,
MoleculeACE-30,CHEMBL2047_EC50,CHEMBL2047_EC50,CHEMBL2047_EC50,32dddd1a8aa1be4b6cad0e24b3e0778fdac436ef,20,631,495,136,0.5201456411300904,4200,False,,,,,,,,,,,,,,,,,,,,,,,
MoleculeACE-30,CHEMBL204_Ki,CHEMBL204_Ki,CHEMBL204_Ki,32dddd1a8aa1be4b6cad0e24b3e0778fdac436ef,5,2754,2194,560,0.6626660522234534,300,True,17.057173364793393,True,0.8328069430967967,0.6468738870713716,0.1859330560254251,0.8328 0.7715 0.7248 0.6702 0.6469,0.9490846553589665,0.05091534464103353,0.48569204527659593,0.483982126203629,0.5122543035059264,-0.0017099190729669145,0.028272177302297363,0.936203966561879,0.43088594377864103,0.4577 0.2561 0.1292 0.0664 0.0268,1.7763568394002505e-15,0.26305107729045507,0.0742828704860915,,,,
MoleculeACE-30,CHEMBL204_Ki,CHEMBL204_Ki,CHEMBL204_Ki,32dddd1a8aa1be4b6cad0e24b3e0778fdac436ef,10,2754,2194,560,0.6626660522234534,1100,True,31.076162976223337,True,0.8328069430967967,0.5853537973411002,0.24745314575569655,0.8328 0.7715 0.7248 0.6702 0.6469 0.6631 0.6423 0.6287 0.6020 0.5854,0.9766133087466351,0.0233866912533649,0.4326638394699195,0.43206108465675486,0.5099829573909098,-0.0006027548131646299,0.07792187273415496,0.9503895642807819,0.4493306381314006,0.4434 0.2461 0.1197 0.0539 0.0125 -0.0060 0.0079 0.0305 0.0273 0.0151,3.552713678800501e-15,0.32009178781128383,0.017242159965262738,200.0,0.0023647569256052925,-0.0018043996986599265,True
MoleculeACE-30,CHEMBL204_Ki,CHEMBL204_Ki,CHEMBL204_Ki,32dddd1a8aa1be4b6cad0e24b3e0778fdac436ef,20,2754,2194,560,0.6626660522234534,4200,False,,,,,,,,,,,,,,,,,,,,,,,
MoleculeACE-30,CHEMBL2147_Ki,CHEMBL2147_Ki,CHEMBL2147_Ki,32dddd1a8aa1be4b6cad0e24b3e0778fdac436ef,5,1456,1148,308,0.8052380569238171,300,True,38.3446847166346,True,0.925114162633039,0.8068276866430554,0.11828647598998365,0.9251 0.8890 0.8837 0.8483 0.8068,0.9772580573004125,0.022741942699587514,0.5423850583543194,0.5452522245228997,0.5616792559596391,0.002867166168580293,0.016427031436739403,0.9697343500028348,0.43986132280958373,0.5157 0.1714 0.1286 0.0759 0.0781,1.7763568394002505e-15,0.19721594680249976,0.002454003726316878,,,,
MoleculeACE-30,CHEMBL2147_Ki,CHEMBL2147_Ki,CHEMBL2147_Ki,32dddd1a8aa1be4b6cad0e24b3e0778fdac436ef,10,1456,1148,308,0.8052380569238171,1100,True,72.29248075852944,True,0.925114162633039,0.7386749057597468,0.18643925687329221,0.9251 0.8890 0.8837 0.8483 0.8068 0.8103 0.8100 0.7818 0.7406 0.7387,0.99411783269569,0.005882167304310015,0.5363344056137258,0.5368251427268316,0.562466566349203,0.0004907371131057658,0.02564142362237143,0.9755084544362859,0.5255847972559023,0.5059 0.1658 0.1191 0.0680 0.0698 -0.0197 0.0286 0.0306 0.0087 -0.0012,3.552713678800501e-15,0.2024656622153845,0.00770371913920162,200.0,0.003100692082714204,-0.0028067194857508237,True
MoleculeACE-30,CHEMBL2147_Ki,CHEMBL2147_Ki,CHEMBL2147_Ki,32dddd1a8aa1be4b6cad0e24b3e0778fdac436ef,20,1456,1148,308,0.8052380569238171,4200,False,,,,,,,,,,,,,,,,,,,,,,,
MoleculeACE-30,CHEMBL214_Ki,CHEMBL214_Ki,CHEMBL214_Ki,32dddd1a8aa1be4b6cad0e24b3e0778fdac436ef,5,3317,2649,668,0.5786389764886399,300,True,11.154463117907923,True,0.7400515509263317,0.5835159846376301,0.15653556628870158,0.7401 0.6758 0.6140 0.6113 0.5835,0.9778617001832793,0.022138299816720663,0.3643015404651029,0.36531972910243315,0.39061233032549936,0.001018188637330275,0.025292601223066202,0.96414527125676,0.2787242463242162,0.3879 0.2295 0.1263 0.1113 0.1092,1.7763568394002505e-15,0.4070482031905242,0.014312820320835862,,,,
MoleculeACE-30,CHEMBL214_Ki,CHEMBL214_Ki,CHEMBL214_Ki,32dddd1a8aa1be4b6cad0e24b3e0778fdac436ef,10,3317,2649,668,0.5786389764886399,1100,True,19.33417484619886,True,0.7400515509263317,0.44622035730451126,0.2938311936218204,0.7401 0.6758 0.6140 0.6113 0.5835 0.5530 0.5311 0.5149 0.4633 0.4462,1.024037470260235,0.02403747026023506,0.34583012115580414,0.34560319965935093,0.39462440526078135,-0.00022692149645320292,0.04902120560143042,0.9795772546697015,0.3840761467097155,0.3754 0.2174 0.1130 0.0992 0.0914 0.0345 0.0323 0.0295 -0.0086 -0.0045,1.7763568394002505e-15,0.4310469836913543,0.009685960179994235,200.0,0.0017236066055604012,-0.0017754060830041957,True
MoleculeACE-30,CHEMBL214_Ki,CHEMBL214_Ki,CHEMBL214_Ki,32dddd1a8aa1be4b6cad0e24b3e0778fdac436ef,20,3317,2649,668,0.5786389764886399,4200,False,,,,,,,,,,,,,,,,,,,,,,,
MoleculeACE-30,CHEMBL218_EC50,CHEMBL218_EC50,CHEMBL218_EC50,32dddd1a8aa1be4b6cad0e24b3e0778fdac436ef,5,1031,814,217,0.4631119043738833,300,True,7.386516353867821,True,0.68296635285781,0.3920080903195654,0.29095826253824464,0.6830 0.6116 0.5355 0.4841 0.3920,0.9381147327637928,0.06188526723620724,0.35434182873418574,0.35329222855982334,0.3571187970361961,-0.0010496001743623973,0.003826568476372749,0.914481187047761,0.3891990989157314,0.4211 0.2162 0.1337 0.1115 0.0319,1.7763568394002505e-15,0.4228786437781578,0.11400945184795891,,,,
MoleculeACE-30,CHEMBL218_EC50,CHEMBL218_EC50,CHEMBL218_EC50,32dddd1a8aa1be4b6cad0e24b3e0778fdac436ef,10,1031,814,217,0.4631119043738833,1100,False,,,,,,,,,,,,,,,,,,,,,,,
MoleculeACE-30,CHEMBL218_EC50,CHEMBL218_EC50,CHEMBL218_EC50,32dddd1a8aa1be4b6cad0e24b3e0778fdac436ef,20,1031,814,217,0.4631119043738833,4200,False,,,,,,,,,,,,,,,,,,,,,,,
MoleculeACE-30,CHEMBL219_Ki,CHEMBL219_Ki,CHEMBL219_Ki,32dddd1a8aa1be4b6cad0e24b3e0778fdac436ef,5,1865,1474,391,0.4419260794150359,300,True,7.524204283203374,True,0.6398232594463895,0.45261984506764,0.1872034143787495,0.6398 0.6139 0.5263 0.4687 0.4526,0.9060613907306204,0.09393860926937958,0.2841678715887678,0.28547627412513665,0.31396209543167575,0.00130840253636888,0.028485821306539094,0.8928984513159774,0.2885610835226955,0.3619 0.2529 0.1199 0.0734 0.0848,1.7763568394002505e-15,0.5097919814599703,0.04828193912499379,,,,
MoleculeACE-30,CHEMBL219_Ki,CHEMBL219_Ki,CHEMBL219_Ki,32dddd1a8aa1be4b6cad0e24b3e0778fdac436ef,10,1865,1474,391,0.4419260794150359,1100,True,11.919567576476847,True,0.6398232594463895,0.3526521263356768,0.28717113311071274,0.6398 0.6139 0.5263 0.4687 0.4526 0.4588 0.4151 0.3359 0.3258 0.3527,0.9800785655354265,0.019921434464573506,0.25062741037053793,0.2506479407799116,0.30606862786120403,2.0530409373664682e-05,0.05542068708129244,0.934993607168733,0.38346649880032696,0.3418 0.2375 0.1072 0.0572 0.0498 0.0808 0.0355 0.0258 -0.0417 0.0411,1.7763568394002505e-15,0.5586839997344629,0.0006100791494988433,200.0,0.0035809404822476644,-0.002796509411678694,True
MoleculeACE-30,CHEMBL219_Ki,CHEMBL219_Ki,CHEMBL219_Ki,32dddd1a8aa1be4b6cad0e24b3e0778fdac436ef,20,1865,1474,391,0.4419260794150359,4200,False,,,,,,,,,,,,,,,,,,,,,,,
MoleculeACE-30,CHEMBL228_Ki,CHEMBL228_Ki,CHEMBL228_Ki,32dddd1a8aa1be4b6cad0e24b3e0778fdac436ef,5,1704,1343,361,0.5261103517446459,300,True,9.851614203158254,True,0.7081366363617384,0.5328148692500561,0.17532176711168235,0.7081 0.6198 0.5851 0.5811 0.5328,0.9386941618306632,0.06130583816933677,0.3547545276912475,0.354259421593457,0.3908714749776486,-0.0004951060977904653,0.0366120533841916,0.9256192179450564,0.2731636786374862,0.3789 0.1672 0.1552 0.1057 0.1187,1.7763568394002505e-15,0.41751750960614736,0.056372138649206704,,,,
MoleculeACE-30,CHEMBL228_Ki,CHEMBL228_Ki,CHEMBL228_Ki,32dddd1a8aa1be4b6cad0e24b3e0778fdac436ef,10,1704,1343,361,0.5261103517446459,1100,True,17.488197494288087,True,0.7081366363617384,0.4090025231902802,0.2991341131714582,0.7081 0.6198 0.5851 0.5811 0.5328 0.4989 0.4755 0.4691 0.4290 0.4090,0.9653888451739829,0.034611154826017065,0.3226352379528805,0.32263375677588824,0.3941967033487759,-1.4811769922795648e-06,0.07156294657288764,0.9372271123810799,0.384997939321236,0.3713 0.1639 0.1476 0.0956 0.1049 0.0076 0.0232 0.0488 -0.0120 -0.0137,1.7763568394002505e-15,0.4601187823183625,0.013770865936991561,200.0,0.004455318568178364,-0.003665636982738627,True
MoleculeACE-30,CHEMBL228_Ki,CHEMBL228_Ki,CHEMBL228_Ki,32dddd1a8aa1be4b6cad0e24b3e0778fdac436ef,20,1704,1343,361,0.5261103517446459,4200,False,,,,,,,,,,,,,,,,,,,,,,,
MoleculeACE-30,CHEMBL231_Ki,CHEMBL231_Ki,CHEMBL231_Ki,32dddd1a8aa1be4b6cad0e24b3e0778fdac436ef,5,973,766,207,0.6210885846432446,300,True,15.847041894568926,True,0.8169690629272907,0.6289087939633646,0.18806026896392602,0.8170 0.7160 0.6667 0.6557 0.6289,0.9465697710775728,0.053430228922427214,0.38248014090232174,0.3876647529346644,0.3913860860932916,0.0051846120323426614,0.003721333158627216,0.933385167008865,0.4922813793828487,0.5245 0.1612 0.1111 0.1044 0.0322,1.7763568394002505e-15,0.3839296673381161,0.0050182519813606885,,,,
MoleculeACE-30,CHEMBL231_Ki,CHEMBL231_Ki,CHEMBL231_Ki,32dddd1a8aa1be4b6cad0e24b3e0778fdac436ef,10,973,766,207,0.6210885846432446,1100,False,,,,,,,,,,,,,,,,,,,,,,,
MoleculeACE-30,CHEMBL231_Ki,CHEMBL231_Ki,CHEMBL231_Ki,32dddd1a8aa1be4b6cad0e24b3e0778fdac436ef,20,973,766,207,0.6210885846432446,4200,False,,,,,,,,,,,,,,,,,,,,,,,
MoleculeACE-30,CHEMBL233_Ki,CHEMBL233_Ki,CHEMBL233_Ki,32dddd1a8aa1be4b6cad0e24b3e0778fdac436ef,5,3142,2508,634,0.6118547719646804,300,True,11.053078218492281,True,0.7172872421558983,0.5995639579910194,0.11772328416487898,0.7173 0.6943 0.6596 0.6450 0.5996,0.9475391566680408,0.05246084333195922,0.4146924438127497,0.41513795701872225,0.42774733602717174,0.0004455132059725253,0.012609379008449495,0.9443631458210238,0.25067954348183313,0.3286 0.2242 0.1437 0.1698 0.0780,1.7763568394002505e-15,0.35515926947701143,0.03298595855830816,,,,
MoleculeACE-30,CHEMBL233_Ki,CHEMBL233_Ki,CHEMBL233_Ki,32dddd1a8aa1be4b6cad0e24b3e0778fdac436ef,10,3142,2508,634,0.6118547719646804,1100,True,19.727369156843444,True,0.7172872421558983,0.5216714214409162,0.19561582071498218,0.7173 0.6943 0.6596 0.6450 0.5996 0.6093 0.5570 0.5465 0.5318 0.5217,0.9857643442448938,0.014235655755106214,0.40645286357773125,0.40625320434016965,0.43269461817858124,-0.0001996592375616002,0.026441413838411587,0.9685817820575012,0.30630866030101656,0.3129 0.2004 0.1264 0.1435 0.0464 0.0581 0.0340 0.0073 0.0329 0.0066,1.7763568394002505e-15,0.36522905582562903,0.022916172209690555,200.0,0.0016289011605888687,-0.0018028812223148405,True
MoleculeACE-30,CHEMBL233_Ki,CHEMBL233_Ki,CHEMBL233_Ki,32dddd1a8aa1be4b6cad0e24b3e0778fdac436ef,20,3142,2508,634,0.6118547719646804,4200,False,,,,,,,,,,,,,,,,,,,,,,,
MoleculeACE-30,CHEMBL234_Ki,CHEMBL234_Ki,CHEMBL234_Ki,32dddd1a8aa1be4b6cad0e24b3e0778fdac436ef,5,3657,2913,744,0.5913670695372554,300,True,11.302519028134656,True,0.7263674857602241,0.5788912400675088,0.14747624569271534,0.7264 0.6733 0.6477 0.6094 0.5789,0.9540251478524484,0.04597485214755159,0.3913715873748326,0.3915720362710182,0.40694174722394716,0.00020044889618564543,0.015369710952928939,0.946373131310017,0.3100181891082161,0.3760 0.2102 0.1886 0.1057 0.0659,1.7763568394002505e-15,0.37207516182378925,0.03655776863895538,,,,
MoleculeACE-30,CHEMBL234_Ki,CHEMBL234_Ki,CHEMBL234_Ki,32dddd1a8aa1be4b6cad0e24b3e0778fdac436ef,10,3657,2913,744,0.5913670695372554,1100,True,19.433806734638956,True,0.7263674857602241,0.4984569847176516,0.22791050104257254,0.7264 0.6733 0.6477 0.6094 0.5789 0.5624 0.5328 0.5271 0.4951 0.4985,1.0118625594879214,0.011862559487921365,0.3541400485067905,0.3542203032328255,0.40511950644783945,8.025472603501171e-05,0.050899203215013955,0.9798480832257999,0.33959013659389986,0.3538 0.1899 0.1634 0.0845 0.0355 0.0544 0.0142 0.0459 0.0207 0.0177,3.552713678800501e-15,0.4189893125017703,0.010356382039025669,200.0,0.001651799778452772,-0.0014087917606932848,True
MoleculeACE-30,CHEMBL234_Ki,CHEMBL234_Ki,CHEMBL234_Ki,32dddd1a8aa1be4b6cad0e24b3e0778fdac436ef,20,3657,2913,744,0.5913670695372554,4200,False,,,,,,,,,,,,,,,,,,,,,,,
MoleculeACE-30,CHEMBL235_EC50,CHEMBL235_EC50,CHEMBL235_EC50,32dddd1a8aa1be4b6cad0e24b3e0778fdac436ef,5,2349,1877,472,0.5825291251051303,300,True,13.002829800025104,True,0.7651359635146503,0.5921826800944426,0.17295328342020766,0.7651 0.6978 0.6912 0.6221 0.5922,0.9253674749573017,0.07463252504269835,0.3220615181782246,0.32475569367816826,0.32958526748431327,0.002694175499943663,0.0048295738061450155,0.9127994422323802,0.3154578336381537,0.3597 0.2053 0.2173 0.0864 0.0442,1.7763568394002505e-15,0.45902715279286416,0.04155627789799449,,,,
MoleculeACE-30,CHEMBL235_EC50,CHEMBL235_EC50,CHEMBL235_EC50,32dddd1a8aa1be4b6cad0e24b3e0778fdac436ef,10,2349,1877,472,0.5825291251051303,1100,True,22.704381833211468,True,0.7651359635146503,0.510342933164143,0.25479303035050727,0.7651 0.6978 0.6912 0.6221 0.5922 0.5824 0.5458 0.5329 0.5503 0.5103,0.9755774820765315,0.0244225179234685,0.2932676604812855,0.29382663465093106,0.32890551163625403,0.0005589741696455652,0.03507887698532297,0.9427393647134479,0.35098700880548644,0.3438 0.1893 0.1936 0.0598 0.0174 0.0465 0.0457 0.0379 -0.0071 0.0158,1.7763568394002505e-15,0.4988474225434174,0.08137654764854774,200.0,0.002360442566595261,-0.0019025302033147061,True
MoleculeACE-30,CHEMBL235_EC50,CHEMBL235_EC50,CHEMBL235_EC50,32dddd1a8aa1be4b6cad0e24b3e0778fdac436ef,20,2349,1877,472,0.5825291251051303,4200,False,,,,,,,,,,,,,,,,,,,,,,,
MoleculeACE-30,CHEMBL236_Ki,CHEMBL236_Ki,CHEMBL236_Ki,32dddd1a8aa1be4b6cad0e24b3e0778fdac436ef,5,2598,2066,532,0.6799773522729705,300,True,15.126458053152739,True,0.79061350487901,0.6856493890902648,0.1049641157887452,0.7906 0.7560 0.7267 0.7300 0.6856,0.9623018888750269,0.03769811112497312,0.46795831279293365,0.46785382913931994,0.48338277457056156,-0.00010448365361370726,0.015528945431241614,0.9632416866114347,0.2881637997672619,0.3828 0.2287 0.1459 0.1113 0.0946,1.7763568394002505e-15,0.29282691671816347,0.02719573100886602,,,,
MoleculeACE-30,CHEMBL236_Ki,CHEMBL236_Ki,CHEMBL236_Ki,32dddd1a8aa1be4b6cad0e24b3e0778fdac436ef,10,2598,2066,532,0.6799773522729705,1100,True,27.77769439071785,True,0.79061350487901,0.5706706042973323,0.21994290058167776,0.7906 0.7560 0.7267 0.7300 0.6856 0.6609 0.6898 0.6362 0.6341 0.5707,0.9860663093201146,0.013933690679885369,0.43713821003467,0.4369557610802085,0.482918192296907,-0.00018244895446151155,0.04596243121669852,0.9819054119339801,0.37206933690297744,0.3662 0.2053 0.1245 0.0920 0.0576 0.0261 0.0590 -0.0059 0.0574 -0.0002,1.7763568394002505e-15,0.32773528812621744,0.007712640399187953,200.0,0.002029639445714326,-0.0016584860349353203,True
MoleculeACE-30,CHEMBL236_Ki,CHEMBL236_Ki,CHEMBL236_Ki,32dddd1a8aa1be4b6cad0e24b3e0778fdac436ef,20,2598,2066,532,0.6799773522729705,4200,False,,,,,,,,,,,,,,,,,,,,,,,
MoleculeACE-30,CHEMBL237_EC50,CHEMBL237_EC50,CHEMBL237_EC50,32dddd1a8aa1be4b6cad0e24b3e0778fdac436ef,5,955,752,203,0.5206351920539958,300,True,9.129512406095232,True,0.7066162755958678,0.5133100231651891,0.19330625243067867,0.7066 0.6255 0.6288 0.5756 0.5133,0.938885456133926,0.061114543866073956,0.321557440128712,0.3247730405478939,0.37771941093943395,0.0032156004191818965,0.05294637039154004,0.9329084734755287,0.31083913729433055,0.3728 0.2198 0.1822 0.0962 0.0619,1.7763568394002505e-15,0.5102682421331717,0.030903434187167456,,,,
MoleculeACE-30,CHEMBL237_EC50,CHEMBL237_EC50,CHEMBL237_EC50,32dddd1a8aa1be4b6cad0e24b3e0778fdac436ef,10,955,752,203,0.5206351920539958,1100,False,,,,,,,,,,,,,,,,,,,,,,,
MoleculeACE-30,CHEMBL237_EC50,CHEMBL237_EC50,CHEMBL237_EC50,32dddd1a8aa1be4b6cad0e24b3e0778fdac436ef,20,955,752,203,0.5206351920539958,4200,False,,,,,,,,,,,,,,,,,,,,,,,
MoleculeACE-30,CHEMBL237_Ki,CHEMBL237_Ki,CHEMBL237_Ki,32dddd1a8aa1be4b6cad0e24b3e0778fdac436ef,5,2603,2069,534,0.6454298724215494,300,True,14.759656702466918,True,0.7677982887006612,0.6711332160131004,0.09666507268756086,0.7678 0.7452 0.7347 0.6968 0.6711,0.9460702045460924,0.053929795453907636,0.4281387950420973,0.42953082366161643,0.448047898300989,0.0013920286195191478,0.018517074639372577,0.9459082561536436,0.2432086806524501,0.3349 0.2375 0.1812 0.0917 0.1007,1.7763568394002505e-15,0.3228393637754509,0.03173076380299972,,,,
MoleculeACE-30,CHEMBL237_Ki,CHEMBL237_Ki,CHEMBL237_Ki,32dddd1a8aa1be4b6cad0e24b3e0778fdac436ef,10,2603,2069,534,0.6454298724215494,1100,True,26.168391346494243,True,0.7677982887006612,0.5705109552270281,0.19728733347363314,0.7678 0.7452 0.7347 0.6968 0.6711 0.6184 0.6087 0.5968 0.5769 0.5705,0.9805152350277951,0.01948476497220486,0.40342394828333217,0.4035206276842933,0.45108331996478057,9.667940096114158e-05,0.04756269228048726,0.9663066363235338,0.31528185297216577,0.3249 0.2232 0.1629 0.0732 0.0774 0.0392 0.0097 0.0175 0.0100 0.0284,3.552713678800501e-15,0.3513474806844504,0.0032226468940002584,200.0,0.0023174150491117144,-0.0018474824416441977,True
MoleculeACE-30,CHEMBL237_Ki,CHEMBL237_Ki,CHEMBL237_Ki,32dddd1a8aa1be4b6cad0e24b3e0778fdac436ef,20,2603,2069,534,0.6454298724215494,4200,False,,,,,,,,,,,,,,,,,,,,,,,
MoleculeACE-30,CHEMBL238_Ki,CHEMBL238_Ki,CHEMBL238_Ki,32dddd1a8aa1be4b6cad0e24b3e0778fdac436ef,5,1052,834,218,0.5328737557677491,300,True,9.907381781487,True,0.7424798628193396,0.5288752901077372,0.2136045727116025,0.7425 0.6053 0.6395 0.5861 0.5289,0.9340008139244529,0.06599918607554711,0.40793245384262544,0.4060591685177455,0.424639107425123,-0.0018732853248799586,0.018579938907377525,0.9197317565717249,0.3900136933172936,0.4395 0.1571 0.1877 0.0861 0.0495,1.7763568394002505e-15,0.3737003847373766,0.09342585949487431,,,,
MoleculeACE-30,CHEMBL238_Ki,CHEMBL238_Ki,CHEMBL238_Ki,32dddd1a8aa1be4b6cad0e24b3e0778fdac436ef,10,1052,834,218,0.5328737557677491,1100,False,,,,,,,,,,,,,,,,,,,,,,,
MoleculeACE-30,CHEMBL238_Ki,CHEMBL238_Ki,CHEMBL238_Ki,32dddd1a8aa1be4b6cad0e24b3e0778fdac436ef,20,1052,834,218,0.5328737557677491,4200,False,,,,,,,,,,,,,,,,,,,,,,,
MoleculeACE-30,CHEMBL239_EC50,CHEMBL239_EC50,CHEMBL239_EC50,32dddd1a8aa1be4b6cad0e24b3e0778fdac436ef,5,1721,1357,364,0.5137419196498889,300,True,7.669295011934399,True,0.6772555287407409,0.493160512735431,0.18409501600530992,0.6773 0.5922 0.5724 0.5403 0.4932,0.8974473807490059,0.10255261925099413,0.3727829274370369,0.3706550507562524,0.39747750022268424,-0.002127876680784513,0.026822449466431864,0.8899188460742067,0.2889877150825895,0.3590 0.2022 0.1384 0.1204 0.0700,1.7763568394002505e-15,0.40158949566059327,0.08466858468951782,,,,
MoleculeACE-30,CHEMBL239_EC50,CHEMBL239_EC50,CHEMBL239_EC50,32dddd1a8aa1be4b6cad0e24b3e0778fdac436ef,10,1721,1357,364,0.5137419196498889,1100,True,13.817848565846287,True,0.6772555287407409,0.3732121691254363,0.3040433596153046,0.6773 0.5922 0.5724 0.5403 0.4932 0.5100 0.4976 0.4536 0.4343 0.3732,0.9562530921418751,0.04374690785812485,0.32302841465745413,0.32150961357181995,0.38723259339718596,-0.0015188010856341805,0.06572297982536601,0.9305133740072349,0.3397652056069288,0.3337 0.1843 0.1023 0.0981 0.0319 0.1065 0.0402 0.0269 -0.0061 0.0128,1.7763568394002505e-15,0.467829369857088,0.01842871049302308,200.0,0.0027131102144433965,-0.00325647933647487,True
MoleculeACE-30,CHEMBL239_EC50,CHEMBL239_EC50,CHEMBL239_EC50,32dddd1a8aa1be4b6cad0e24b3e0778fdac436ef,20,1721,1357,364,0.5137419196498889,4200,False,,,,,,,,,,,,,,,,,,,,,,,
MoleculeACE-30,CHEMBL244_Ki,CHEMBL244_Ki,CHEMBL244_Ki,32dddd1a8aa1be4b6cad0e24b3e0778fdac436ef,5,3097,2471,626,0.7549038358404901,300,True,19.758297779268585,True,0.8287677419066669,0.7490680005504723,0.07969974135619462,0.8288 0.8037 0.7911 0.7601 0.7491,0.9758295141076387,0.02417048589236126,0.5490296034417796,0.5480880506832274,0.5544504423350562,-0.0009415527585522332,0.006362391651828836,0.9735394221224554,0.2844365777456849,0.3485 0.2437 0.2136 0.1037 0.0640,1.7763568394002505e-15,0.21713764834436203,0.027958515815147827,,,,
MoleculeACE-30,CHEMBL244_Ki,CHEMBL244_Ki,CHEMBL244_Ki,32dddd1a8aa1be4b6cad0e24b3e0778fdac436ef,10,3097,2471,626,0.7549038358404901,1100,True,37.78458461452687,True,0.8287677419066669,0.6974218049235213,0.13134593698314556,0.8288 0.8037 0.7911 0.7601 0.7491 0.7267 0.7419 0.7261 0.7001 0.6974,0.9916093516471849,0.008390648352815111,0.5260475065789038,0.5255803477868526,0.5575792529173988,-0.00046715879205116995,0.03199890513054626,0.9875224119798973,0.3245496585533305,0.3258 0.2250 0.1899 0.0783 0.0289 0.0216 0.0466 0.0462 0.0240 0.0013,1.7763568394002505e-15,0.2398328601471853,0.0052633040123245545,200.0,0.0017443894568344909,-0.0013943186345080467,True
MoleculeACE-30,CHEMBL244_Ki,CHEMBL244_Ki,CHEMBL244_Ki,32dddd1a8aa1be4b6cad0e24b3e0778fdac436ef,20,3097,2471,626,0.7549038358404901,4200,False,,,,,,,,,,,,,,,,,,,,,,,
MoleculeACE-30,CHEMBL262_Ki,CHEMBL262_Ki,CHEMBL262_Ki,32dddd1a8aa1be4b6cad0e24b3e0778fdac436ef,5,856,671,185,0.384770204839488,300,True,7.554180855417248,True,0.5937755080746543,0.489275966619939,0.1044995414547153,0.5938 0.5342 0.4744 0.4519 0.4893,0.8471422278484166,0.15285777215158336,0.19095172014152695,0.20911848622966067,0.23823990800817474,0.018166766088133723,0.029121421778514067,0.8462035086423311,0.25383872252583717,0.3453 0.1813 0.0972 0.0914 0.1310,1.7763568394002505e-15,0.6778992824488859,0.06266948728837385,,,,
MoleculeACE-30,CHEMBL262_Ki,CHEMBL262_Ki,CHEMBL262_Ki,32dddd1a8aa1be4b6cad0e24b3e0778fdac436ef,10,856,671,185,0.384770204839488,1100,False,,,,,,,,,,,,,,,,,,,,,,,
MoleculeACE-30,CHEMBL262_Ki,CHEMBL262_Ki,CHEMBL262_Ki,32dddd1a8aa1be4b6cad0e24b3e0778fdac436ef,20,856,671,185,0.384770204839488,4200,False,,,,,,,,,,,,,,,,,,,,,,,
MoleculeACE-30,CHEMBL264_Ki,CHEMBL264_Ki,CHEMBL264_Ki,32dddd1a8aa1be4b6cad0e24b3e0778fdac436ef,5,2862,2279,583,0.5615735208834454,300,True,10.561064301140274,True,0.6772268094513882,0.5701219502769223,0.107104859174466,0.6772 0.6697 0.6046 0.5679 0.5701,0.9179831821559135,0.08201681784408654,0.38009701277964014,0.3795486086333939,0.3994005777520079,-0.0005484041462462397,0.019851969118613977,0.9170870904545153,0.27420477042717883,0.3494 0.2702 0.1428 0.0794 0.0752,1.7763568394002505e-15,0.4137591481976987,0.024667330918855923,,,,
MoleculeACE-30,CHEMBL264_Ki,CHEMBL264_Ki,CHEMBL264_Ki,32dddd1a8aa1be4b6cad0e24b3e0778fdac436ef,10,2862,2279,583,0.5615735208834454,1100,True,18.471418359310473,True,0.6772268094513882,0.47761408612300804,0.1996127233283802,0.6772 0.6697 0.6046 0.5679 0.5701 0.5489 0.5400 0.5185 0.5001 0.4776,0.9704540530753254,0.029545946924674604,0.343039319882925,0.34299888195280337,0.39674464085346717,-4.0437930121650645e-05,0.0537457589006638,0.9589632409995887,0.30934027466404246,0.3243 0.2401 0.1146 0.0531 0.0368 0.0367 0.0575 0.0378 0.0432 0.0149,3.552713678800501e-15,0.4647066693384005,0.026280190221845856,200.0,0.0022111150459909624,-0.0015425183509831342,True
MoleculeACE-30,CHEMBL264_Ki,CHEMBL264_Ki,CHEMBL264_Ki,32dddd1a8aa1be4b6cad0e24b3e0778fdac436ef,20,2862,2279,583,0.5615735208834454,4200,False,,,,,,,,,,,,,,,,,,,,,,,
MoleculeACE-30,CHEMBL2835_Ki,CHEMBL2835_Ki,CHEMBL2835_Ki,32dddd1a8aa1be4b6cad0e24b3e0778fdac436ef,5,615,480,135,0.7840189108351248,300,True,27.643534848196367,True,0.7986563755761448,0.7671794491757925,0.03147692640035227,0.7987 0.7622 0.7775 0.7676 0.7672,0.9877032260087967,0.012296773991203325,0.5394672969960999,0.5377470921356844,0.5389809801313286,-0.001720204860415464,0.0012338879956441673,0.9902402551383499,0.2270766703494421,0.3546 0.1380 0.1276 0.1871 0.1829,1.7763568394002505e-15,0.269265933681308,0.05328484451643278,,,,
MoleculeACE-30,CHEMBL2835_Ki,CHEMBL2835_Ki,CHEMBL2835_Ki,32dddd1a8aa1be4b6cad0e24b3e0778fdac436ef,10,615,480,135,0.7840189108351248,1100,False,,,,,,,,,,,,,,,,,,,,,,,
MoleculeACE-30,CHEMBL2835_Ki,CHEMBL2835_Ki,CHEMBL2835_Ki,32dddd1a8aa1be4b6cad0e24b3e0778fdac436ef,20,615,480,135,0.7840189108351248,4200,False,,,,,,,,,,,,,,,,,,,,,,,
MoleculeACE-30,CHEMBL287_Ki,CHEMBL287_Ki,CHEMBL287_Ki,32dddd1a8aa1be4b6cad0e24b3e0778fdac436ef,5,1328,1054,274,0.3750248425846566,300,True,6.415020796802129,True,0.6089383650766824,0.36808641086999594,0.24085195420668648,0.6089 0.4888 0.4339 0.4378 0.3681,0.8786747640514497,0.12132523594855027,0.3006427102056971,0.2902980727036433,0.2959162496068326,-0.010344637502053833,0.005618176903189331,0.8736078416461543,0.4167189759563284,0.4393 0.2043 0.0486 0.1587 0.0226,1.7763568394002505e-15,0.4973177225129733,0.12765743490237008,,,,
MoleculeACE-30,CHEMBL287_Ki,CHEMBL287_Ki,CHEMBL287_Ki,32dddd1a8aa1be4b6cad0e24b3e0778fdac436ef,10,1328,1054,274,0.3750248425846566,1100,False,,,,,,,,,,,,,,,,,,,,,,,
MoleculeACE-30,CHEMBL287_Ki,CHEMBL287_Ki,CHEMBL287_Ki,32dddd1a8aa1be4b6cad0e24b3e0778fdac436ef,20,1328,1054,274,0.3750248425846566,4200,False,,,,,,,,,,,,,,,,,,,,,,,
MoleculeACE-30,CHEMBL2971_Ki,CHEMBL2971_Ki,CHEMBL2971_Ki,32dddd1a8aa1be4b6cad0e24b3e0778fdac436ef,5,976,769,207,0.734889061710484,300,True,22.0350461251285,True,0.8082748582587849,0.6775387587356745,0.13073609952311038,0.8083 0.7601 0.7043 0.7354 0.6775,1.022059583688967,0.02205958368896699,0.5048514766914713,0.505187243244875,0.4987010447410001,0.00033576655340361583,-0.006486198503874885,1.009767007253818,0.47744861082847473,0.4681 0.1851 0.1811 0.1849 -0.0094,1.7763568394002505e-15,0.24880950007204694,0.0163014382174691,,,,
MoleculeACE-30,CHEMBL2971_Ki,CHEMBL2971_Ki,CHEMBL2971_Ki,32dddd1a8aa1be4b6cad0e24b3e0778fdac436ef,10,976,769,207,0.734889061710484,1100,False,,,,,,,,,,,,,,,,,,,,,,,
MoleculeACE-30,CHEMBL2971_Ki,CHEMBL2971_Ki,CHEMBL2971_Ki,32dddd1a8aa1be4b6cad0e24b3e0778fdac436ef,20,976,769,207,0.734889061710484,4200,False,,,,,,,,,,,,,,,,,,,,,,,
MoleculeACE-30,CHEMBL3979_EC50,CHEMBL3979_EC50,CHEMBL3979_EC50,32dddd1a8aa1be4b6cad0e24b3e0778fdac436ef,5,1125,887,238,0.6086937707707706,300,True,12.697781968376573,True,0.7461064952247994,0.6324707871887598,0.11363570803603962,0.7461 0.6827 0.6728 0.6716 0.6325,0.9592510984825455,0.04074890151745447,0.42948280123367966,0.4283059133850027,0.44148593609256204,-0.0011768878486769774,0.013180022707559358,0.9618361679254659,0.30851191057047433,0.3820 0.2667 0.1175 0.1222 0.0735,1.7763568394002505e-15,0.33570682395158125,0.05559940527764817,,,,
MoleculeACE-30,CHEMBL3979_EC50,CHEMBL3979_EC50,CHEMBL3979_EC50,32dddd1a8aa1be4b6cad0e24b3e0778fdac436ef,10,1125,887,238,0.6086937707707706,1100,False,,,,,,,,,,,,,,,,,,,,,,,
MoleculeACE-30,CHEMBL3979_EC50,CHEMBL3979_EC50,CHEMBL3979_EC50,32dddd1a8aa1be4b6cad0e24b3e0778fdac436ef,20,1125,887,238,0.6086937707707706,4200,False,,,,,,,,,,,,,,,,,,,,,,,
MoleculeACE-30,CHEMBL4005_Ki,CHEMBL4005_Ki,CHEMBL4005_Ki,32dddd1a8aa1be4b6cad0e24b3e0778fdac436ef,5,960,756,204,0.591282282235574,300,True,10.682835375406816,True,0.7001176319718436,0.5592582893789546,0.14085934259288901,0.7001 0.6609 0.6452 0.5859 0.5593,0.9846810600833763,0.015318939916623697,0.3626995380994642,0.3627768455955491,0.3817355567119851,7.730749608492182e-05,0.01895871111643599,0.9778930132731505,0.28182867955444935,0.3584 0.2847 0.1716 0.0766 0.0866,1.7763568394002505e-15,0.42277824384638135,0.014060526081955349,,,,
MoleculeACE-30,CHEMBL4005_Ki,CHEMBL4005_Ki,CHEMBL4005_Ki,32dddd1a8aa1be4b6cad0e24b3e0778fdac436ef,10,960,756,204,0.591282282235574,1100,False,,,,,,,,,,,,,,,,,,,,,,,
MoleculeACE-30,CHEMBL4005_Ki,CHEMBL4005_Ki,CHEMBL4005_Ki,32dddd1a8aa1be4b6cad0e24b3e0778fdac436ef,20,960,756,204,0.591282282235574,4200,False,,,,,,,,,,,,,,,,,,,,,,,
MoleculeACE-30,CHEMBL4203_Ki,CHEMBL4203_Ki,CHEMBL4203_Ki,32dddd1a8aa1be4b6cad0e24b3e0778fdac436ef,5,731,573,158,0.36887762688690123,300,True,5.691868272333365,True,0.5871138104331339,0.4311420183267893,0.15597179210634465,0.5871 0.5055 0.4616 0.4758 0.4311,0.8314168924974413,0.16858310750255867,0.20082826645164298,0.2336607719164061,0.26359719193945685,0.03283250546476313,0.029936420023050747,0.838304025880278,0.2840253518535351,0.3570 0.1747 0.1144 0.1192 0.0730,1.7763568394002505e-15,0.5827420776290136,0.04838029548408518,,,,
MoleculeACE-30,CHEMBL4203_Ki,CHEMBL4203_Ki,CHEMBL4203_Ki,32dddd1a8aa1be4b6cad0e24b3e0778fdac436ef,10,731,573,158,0.36887762688690123,1100,False,,,,,,,,,,,,,,,,,,,,,,,
MoleculeACE-30,CHEMBL4203_Ki,CHEMBL4203_Ki,CHEMBL4203_Ki,32dddd1a8aa1be4b6cad0e24b3e0778fdac436ef,20,731,573,158,0.36887762688690123,4200,False,,,,,,,,,,,,,,,,,,,,,,,
MoleculeACE-30,CHEMBL4616_EC50,CHEMBL4616_EC50,CHEMBL4616_EC50,32dddd1a8aa1be4b6cad0e24b3e0778fdac436ef,5,682,537,145,0.3988669189346174,300,True,5.197214983334851,True,0.619078008469271,0.32096634705613214,0.29811166141313883,0.6191 0.4814 0.4082 0.3498 0.3210,0.8868438773477161,0.11315612265228392,0.29590813762366996,0.2882546850934278,0.3092820023534043,-0.0076534525302421885,0.02102731725997653,0.8571192330342212,0.3846386427439698,0.4078 0.2003 0.1103 0.1156 0.0232,1.7763568394002505e-15,0.5322591630834923,0.06887391798189024,,,,
MoleculeACE-30,CHEMBL4616_EC50,CHEMBL4616_EC50,CHEMBL4616_EC50,32dddd1a8aa1be4b6cad0e24b3e0778fdac436ef,10,682,537,145,0.3988669189346174,1100,False,,,,,,,,,,,,,,,,,,,,,,,
MoleculeACE-30,CHEMBL4616_EC50,CHEMBL4616_EC50,CHEMBL4616_EC50,32dddd1a8aa1be4b6cad0e24b3e0778fdac436ef,20,682,537,145,0.3988669189346174,4200,False,,,,,,,,,,,,,,,,,,,,,,,
MoleculeACE-30,CHEMBL4792_Ki,CHEMBL4792_Ki,CHEMBL4792_Ki,32dddd1a8aa1be4b6cad0e24b3e0778fdac436ef,5,1471,1160,311,0.5447958878548221,300,True,7.757809743750425,True,0.6519701053360352,0.4987080116173872,0.15326209371864796,0.6520 0.6168 0.5959 0.5540 0.4987,0.9238087020788917,0.07619129792110835,0.4142580638026042,0.4103632976481474,0.4387740595165579,-0.00389476615445683,0.028410761868410517,0.919501620191886,0.25605783697718276,0.3224 0.2309 0.1834 0.1165 0.0663,1.7763568394002505e-15,0.3315225839845614,0.12368152816061645,,,,
MoleculeACE-30,CHEMBL4792_Ki,CHEMBL4792_Ki,CHEMBL4792_Ki,32dddd1a8aa1be4b6cad0e24b3e0778fdac436ef,10,1471,1160,311,0.5447958878548221,1100,True,14.47662165506628,True,0.6519701053360352,0.49160700938201424,0.16036309595402093,0.6520 0.6168 0.5959 0.5540 0.4987 0.4971 0.4896 0.5110 0.4693 0.4916,0.9748674333466226,0.025132566653377375,0.3827599528581801,0.38136772304227384,0.44080403286662917,-0.001392229815906254,0.05943630982435533,0.9571192226079253,0.2862481708383685,0.2917 0.2110 0.1553 0.0845 0.0478 0.0203 0.0054 0.0468 0.0433 0.0510,1.7763568394002505e-15,0.36813632567853927,0.0870677864666386,200.0,0.003263261597797934,-0.0048218748479800485,True
MoleculeACE-30,CHEMBL4792_Ki,CHEMBL4792_Ki,CHEMBL4792_Ki,32dddd1a8aa1be4b6cad0e24b3e0778fdac436ef,20,1471,1160,311,0.5447958878548221,4200,False,,,,,,,,,,,,,,,,,,,,,,,
DeepDelta-10,Caco2,Caco2,Caco2,32dddd1a8aa1be4b6cad0e24b3e0778fdac436ef,5,910,713,197,0.5212790715751032,300,True,12.158760324136308,True,0.8059833962469035,0.5675537110445106,0.23842968520239294,0.8060 0.7218 0.5541 0.5572 0.5676,0.8930553844037957,0.10694461559620427,0.3612661985424753,0.36255787748271584,0.4007601004429294,0.0012916789402405149,0.03820222296021358,0.8792332600502445,0.44702999675966226,0.4753 0.2147 0.0283 0.0478 0.1131,1.7763568394002505e-15,0.4006701705174851,0.07805075790741167,,,,
DeepDelta-10,Caco2,Caco2,Caco2,32dddd1a8aa1be4b6cad0e24b3e0778fdac436ef,10,910,713,197,0.5212790715751032,1100,False,,,,,,,,,,,,,,,,,,,,,,,
DeepDelta-10,Caco2,Caco2,Caco2,32dddd1a8aa1be4b6cad0e24b3e0778fdac436ef,20,910,713,197,0.5212790715751032,4200,False,,,,,,,,,,,,,,,,,,,,,,,
DeepDelta-10,FUBrain,FUBrain,FUBrain,32dddd1a8aa1be4b6cad0e24b3e0778fdac436ef,5,253,185,68,0.1547531673819017,300,False,,,,,,,,,,,,,,,,,,,,,,,
DeepDelta-10,FUBrain,FUBrain,FUBrain,32dddd1a8aa1be4b6cad0e24b3e0778fdac436ef,10,253,185,68,0.1547531673819017,1100,False,,,,,,,,,,,,,,,,,,,,,,,
DeepDelta-10,FUBrain,FUBrain,FUBrain,32dddd1a8aa1be4b6cad0e24b3e0778fdac436ef,20,253,185,68,0.1547531673819017,4200,False,,,,,,,,,,,,,,,,,,,,,,,
DeepDelta-10,FreeSolv,FreeSolv,FreeSolv,32dddd1a8aa1be4b6cad0e24b3e0778fdac436ef,5,642,505,137,0.48010383401546863,300,True,9.135097104772763,True,0.7467112001549515,0.44209800612106903,0.3046131940338825,0.7467 0.5931 0.5416 0.5215 0.4421,1.0293047580417996,0.02930475804179955,0.40537211581176,0.4045300763865638,0.48870958971314227,-0.0008420394251962282,0.08417951332657847,1.0123468486894014,0.4598838924878357,0.5243 0.1442 0.1304 0.1491 0.0644,3.552713678800501e-15,0.289910440628826,0.22998572535570538,,,,
DeepDelta-10,FreeSolv,FreeSolv,FreeSolv,32dddd1a8aa1be4b6cad0e24b3e0778fdac436ef,10,642,505,137,0.48010383401546863,1100,False,,,,,,,,,,,,,,,,,,,,,,,
DeepDelta-10,FreeSolv,FreeSolv,FreeSolv,32dddd1a8aa1be4b6cad0e24b3e0778fdac436ef,20,642,505,137,0.48010383401546863,4200,False,,,,,,,,,,,,,,,,,,,,,,,
DeepDelta-10,HalfLife,HalfLife,HalfLife,32dddd1a8aa1be4b6cad0e24b3e0778fdac436ef,5,1321,1047,274,0.21980454969044605,300,True,2.9190646014316197,True,0.36543069184287613,0.1881054340366009,0.17732525780627523,0.3654 0.2634 0.2339 0.2108 0.1881,0.6842005083830083,0.3157994916169917,0.12331350352275594,0.12330019588530239,0.13553725390830385,-1.3307637453552346e-05,0.012237058023001457,0.6854473735630705,0.2339428967085153,0.2938 0.1307 0.1061 0.0951 0.0598,2.220446049250313e-16,0.8634003489352344,0.08320489862568048,,,,
DeepDelta-10,HalfLife,HalfLife,HalfLife,32dddd1a8aa1be4b6cad0e24b3e0778fdac436ef,10,1321,1047,274,0.21980454969044605,1100,False,,,,,,,,,,,,,,,,,,,,,,,
DeepDelta-10,HalfLife,HalfLife,HalfLife,32dddd1a8aa1be4b6cad0e24b3e0778fdac436ef,20,1321,1047,274,0.21980454969044605,4200,False,,,,,,,,,,,,,,,,,,,,,,,
DeepDelta-10,HemoTox,HemoTox,HemoTox,32dddd1a8aa1be4b6cad0e24b3e0778fdac436ef,5,828,650,178,0.6266236173512293,300,True,17.50614200557585,True,0.7687918913944707,0.6761728832442124,0.09261900815025825,0.7688 0.7049 0.6922 0.6797 0.6762,0.9073438327308687,0.09265616726913128,0.40767897863313685,0.4075169616787978,0.45077918998648037,-0.0001620169543390393,0.04326222830768256,0.9078993034390754,0.30339692114497857,0.3991 0.1813 0.0957 0.0997 0.1321,8.881784197001252e-16,0.3498330021723266,0.02354338047644411,,,,
DeepDelta-10,HemoTox,HemoTox,HemoTox,32dddd1a8aa1be4b6cad0e24b3e0778fdac436ef,10,828,650,178,0.6266236173512293,1100,False,,,,,,,,,,,,,,,,,,,,,,,
DeepDelta-10,HemoTox,HemoTox,HemoTox,32dddd1a8aa1be4b6cad0e24b3e0778fdac436ef,20,828,650,178,0.6266236173512293,4200,False,,,,,,,,,,,,,,,,,,,,,,,
DeepDelta-10,HepClear,HepClear,HepClear,32dddd1a8aa1be4b6cad0e24b3e0778fdac436ef,5,881,690,191,0.17202360218092996,300,True,2.533975165006213,True,0.30188840701519054,0.10911350608260807,0.19277490093258248,0.3019 0.1712 0.1427 0.1225 0.1091,0.4809318361738433,0.5190681638261567,0.09785608501232634,0.08658261766862396,0.10496694038502452,-0.011273467343702381,0.01838432271640056,0.47496171732339737,0.23258715828248455,0.2604 0.0755 0.0513 0.0279 0.0598,2.220446049250313e-16,0.8974528398903092,0.06947644207123915,,,,
DeepDelta-10,HepClear,HepClear,HepClear,32dddd1a8aa1be4b6cad0e24b3e0778fdac436ef,10,881,690,191,0.17202360218092996,1100,False,,,,,,,,,,,,,,,,,,,,,,,
DeepDelta-10,HepClear,HepClear,HepClear,32dddd1a8aa1be4b6cad0e24b3e0778fdac436ef,20,881,690,191,0.17202360218092996,4200,False,,,,,,,,,,,,,,,,,,,,,,,
DeepDelta-10,MicroClear,MicroClear,MicroClear,32dddd1a8aa1be4b6cad0e24b3e0778fdac436ef,5,731,573,158,0.17157483469110874,300,True,2.4212456877531863,True,0.32549494190526773,0.18211948518327642,0.1433754567219913,0.3255 0.2619 0.1686 0.1913 0.1821,0.6510056856966079,0.3489943143033921,0.030151454142309908,0.06598437644810573,0.06831418439899817,0.03583292230579582,0.0023298079508924374,0.6517872025921568,0.20194546297668964,0.2545 0.1640 0.0525 0.0848 0.0961,4.440892098500626e-16,0.9816843366962609,0.15325917138736966,,,,
DeepDelta-10,MicroClear,MicroClear,MicroClear,32dddd1a8aa1be4b6cad0e24b3e0778fdac436ef,10,731,573,158,0.17157483469110874,1100,False,,,,,,,,,,,,,,,,,,,,,,,
DeepDelta-10,MicroClear,MicroClear,MicroClear,32dddd1a8aa1be4b6cad0e24b3e0778fdac436ef,20,731,573,158,0.17157483469110874,4200,False,,,,,,,,,,,,,,,,,,,,,,,
DeepDelta-10,RenClear,RenClear,RenClear,32dddd1a8aa1be4b6cad0e24b3e0778fdac436ef,5,636,499,137,0.20214516159186746,300,True,2.554977764898636,True,0.4718079450603553,0.09691859390688905,0.3748893511534662,0.4718 0.2192 0.2391 0.1832 0.0969,0.7120204875787489,0.2879795124212511,0.09457054095784168,0.11219268220403678,0.12097342601846661,0.0176221412461951,0.008780743814429837,0.6852333305363968,0.43477414160969663,0.4071 0.0799 0.1247 0.1012 -0.0276,1.1102230246251565e-16,0.7714357525357977,0.02641908587233488,,,,
DeepDelta-10,RenClear,RenClear,RenClear,32dddd1a8aa1be4b6cad0e24b3e0778fdac436ef,10,636,499,137,0.20214516159186746,1100,False,,,,,,,,,,,,,,,,,,,,,,,
DeepDelta-10,RenClear,RenClear,RenClear,32dddd1a8aa1be4b6cad0e24b3e0778fdac436ef,20,636,499,137,0.20214516159186746,4200,False,,,,,,,,,,,,,,,,,,,,,,,
DeepDelta-10,Sol,Sol,Sol,32dddd1a8aa1be4b6cad0e24b3e0778fdac436ef,5,1128,890,238,0.5213934666416367,300,True,7.802463024550544,True,0.7379938459790132,0.5320129706896869,0.2059808752893263,0.7380 0.6942 0.6107 0.5587 0.5320,1.0077973214942275,0.007797321494227516,0.3927309288028574,0.3929212637419135,0.4131563682301834,0.00019033493905606935,0.020235104488269928,0.9895067622494691,0.3086265913724981,0.3970 0.2303 0.1639 0.1101 0.0883,1.7763568394002505e-15,0.3644462888985313,0.11416024445983203,,,,
DeepDelta-10,Sol,Sol,Sol,32dddd1a8aa1be4b6cad0e24b3e0778fdac436ef,10,1128,890,238,0.5213934666416367,1100,False,,,,,,,,,,,,,,,,,,,,,,,
DeepDelta-10,Sol,Sol,Sol,32dddd1a8aa1be4b6cad0e24b3e0778fdac436ef,20,1128,890,238,0.5213934666416367,4200,False,,,,,,,,,,,,,,,,,,,,,,,
DeepDelta-10,VDss,VDss,VDss,32dddd1a8aa1be4b6cad0e24b3e0778fdac436ef,5,1130,891,239,0.3995385829044942,300,True,5.792528574249205,True,0.5595747088893608,0.34117381303979344,0.21840089584956734,0.5596 0.5076 0.4238 0.3726 0.3412,0.8709659907756576,0.12903400922434238,0.25162934149108074,0.2522052515204024,0.2698369186571965,0.000575910029321669,0.017631667136794094,0.8515560204800334,0.31401801343934455,0.3371 0.2461 0.1718 0.0734 0.0231,2.220446049250313e-16,0.6189608346745609,0.018499417579055044,,,,
DeepDelta-10,VDss,VDss,VDss,32dddd1a8aa1be4b6cad0e24b3e0778fdac436ef,10,1130,891,239,0.3995385829044942,1100,False,,,,,,,,,,,,,,,,,,,,,,,
DeepDelta-10,VDss,VDss,VDss,32dddd1a8aa1be4b6cad0e24b3e0778fdac436ef,20,1130,891,239,0.3995385829044942,4200,False,,,,,,,,,,,,,,,,,,,,,,,
