collection,dataset,cluster,receptor_class,n,assortativity,rank_assortativity,rho_shared_neighbour,identity,modi_q2,modi_rel_error,modi_binary,best_skill
ChEMBL-40,CHEMBL217_Ki,CHEMBL217_Ki,CHEMBL217_Ki,8205,0.5919193612358656,0.585001992813461,0.521661152491862,0.38565631477094464,0.6215363371831275,0.3784636628168725,,0.388
ChEMBL-40,CHEMBL205_Ki,CHEMBL205_Ki,CHEMBL205_Ki,7636,0.5211174031053739,0.5197666178640202,0.4149700129309445,0.43123820542710223,0.584133533142975,0.415866466857025,,0.326
ChEMBL-40,CHEMBL261_Ki,CHEMBL261_Ki,CHEMBL261_Ki,7082,0.5259616898123023,0.5269995730574574,0.42876704814844563,0.43396696370899646,0.5865430806910358,0.4134569193089642,,0.322
ChEMBL-40,CHEMBL3594_Ki,CHEMBL3594_Ki,CHEMBL3594_Ki,5779,0.5038326921820945,0.4766850155327366,0.4039054920086403,0.4558495584435873,0.5556847193530842,0.44431528064691583,,0.316
ChEMBL-40,CHEMBL251_Ki,CHEMBL251_Ki,CHEMBL251_Ki,5286,0.6441574510325299,0.6434214148088179,0.5850943763525126,0.3382700366522018,0.668672732236425,0.331327267763575,,0.418
ChEMBL-40,CHEMBL224_Ki,CHEMBL224_Ki,CHEMBL224_Ki,4653,0.6123069596232147,0.6294556643791898,0.5594512512494793,0.3788922068781022,0.6301667766626173,0.36983322333738267,,0.373
ChEMBL-40,CHEMBL1628481_EC50,CHEMBL1628481_EC50,CHEMBL1628481_EC50,3215,0.4557569015426612,0.4358442749896936,0.3728809302016927,0.524079034096201,0.4862251656270158,0.5137748343729842,,0.277
ChEMBL-40,CHEMBL256_Ki,CHEMBL256_Ki,CHEMBL256_Ki,4276,0.6068571122491742,0.6074370517416211,0.5389270095283147,0.3713200840771351,0.6395927002631301,0.3604072997368699,,0.382
ChEMBL-40,CHEMBL3242_Ki,CHEMBL3242_Ki,CHEMBL3242_Ki,4624,0.5236780952596303,0.48507834465924393,0.4290771122469711,0.4388132105030136,0.5725748146285009,0.4274251853714991,,0.318
ChEMBL-40,CHEMBL226_Ki,CHEMBL226_Ki,CHEMBL226_Ki,4386,0.4999240680042367,0.5010824024510303,0.4156491088948058,0.474236061996852,0.5335823093334744,0.4664176906665256,,0.314
ChEMBL-40,CHEMBL253_Ki,CHEMBL253_Ki,CHEMBL253_Ki,4063,0.5596806317821306,0.5635499863242398,0.49211812789606885,0.423545051542201,0.5775983109599212,0.4224016890400788,,0.298
ChEMBL-40,CHEMBL3371_Ki,CHEMBL3371_Ki,CHEMBL3371_Ki,3904,0.5975902209263451,0.5901332919864384,0.5203195299626453,0.37310713511369076,0.6236462671736154,0.3763537328263846,,0.376
ChEMBL-40,CHEMBL5113_Ki,CHEMBL5113_Ki,CHEMBL5113_Ki,2272,0.6532916178717078,0.6595029464533736,0.6015765444984177,0.3348356543051605,0.6769722166931127,0.3230277833068873,,0.446
ChEMBL-40,CHEMBL2292_EC50,CHEMBL2292_EC50,CHEMBL2292_EC50,1857,0.4345197124246565,0.47218667905492645,0.33943481601565895,0.5364519095647802,0.44844432858058136,0.5515556714194186,,0.242
ChEMBL-40,CHEMBL1163125_Ki,CHEMBL1163125_Ki,CHEMBL1163125_Ki,1296,0.6768655698724421,0.6584209425890659,0.5891765370429206,0.27652774359374455,0.7001710585230043,0.2998289414769957,,0.446
ChEMBL-40,CHEMBL3155_Ki,CHEMBL3155_Ki,CHEMBL3155_Ki,2657,0.5357174946520892,0.5340201802651717,0.44983482061930274,0.43341634925319417,0.5597370951421696,0.4402629048578304,,0.378
ChEMBL-40,CHEMBL225_Ki,CHEMBL225_Ki,CHEMBL225_Ki,2584,0.509857174176103,0.5016885481048378,0.44436364101446857,0.4802129285608159,0.5271270158135837,0.4728729841864163,,0.32
ChEMBL-40,CHEMBL4422_EC50,CHEMBL4422_EC50,CHEMBL4422_EC50,2272,0.5450224130458442,0.5569808086389368,0.4828083609700269,0.44448269878133595,0.563445080584106,0.43655491941589397,,0.299
ChEMBL-40,CHEMBL614358_EC50,CHEMBL614358_EC50,CHEMBL614358_EC50,1243,0.11322103326456127,0.13479547275900414,0.07608092924385856,0.9420307697903502,0.07938951762512036,0.9206104823748796,,-0.001
ChEMBL-40,CHEMBL4860_Ki,CHEMBL4860_Ki,CHEMBL4860_Ki,1243,0.8725045698886278,0.8414142775183591,0.8483083812792214,0.11846840337404374,0.8676229365338409,0.13237706346615907,,0.663
ChEMBL-40,CHEMBL5024_Ki,CHEMBL5024_Ki,CHEMBL5024_Ki,1011,0.4391634360102922,0.36072158629715056,0.3443521663000704,0.5315900776494791,0.46928966230087144,0.5307103376991286,,0.231
ChEMBL-40,CHEMBL2000_Ki,CHEMBL2000_Ki,CHEMBL2000_Ki,1080,0.5461332325025285,0.4943718499112561,0.458324835707068,0.42022588713130427,0.5735510079352244,0.4264489920647756,,0.401
ChEMBL-40,CHEMBL4333_EC50,CHEMBL4333_EC50,CHEMBL4333_EC50,2464,0.6194148572864997,0.606798410975099,0.5736400864859297,0.37744636326433745,0.6362568108480464,0.3637431891519536,,0.389
ChEMBL-40,CHEMBL4550_Ki,CHEMBL4550_Ki,CHEMBL4550_Ki,1513,0.41508525596385415,0.42435208780171363,0.32739821533302177,0.5644878818720114,0.45704797315786294,0.5429520268421371,,0.287
ChEMBL-40,CHEMBL259_Ki,CHEMBL259_Ki,CHEMBL259_Ki,1982,0.6974640357297915,0.6800062266981456,0.624139322605769,0.2667973188856092,0.7182635979818003,0.2817364020181997,,0.461
ChEMBL-40,CHEMBL4822_Ki,CHEMBL4822_Ki,CHEMBL4822_Ki,2217,0.5357850901614466,0.5463231906649918,0.455102840928525,0.4380223765127793,0.5708996420578218,0.42910035794217816,,0.386
ChEMBL-40,CHEMBL222_Ki,CHEMBL222_Ki,CHEMBL222_Ki,1987,0.5535579606260396,0.5540245538685513,0.4794597475370915,0.4243978515313034,0.5727060657769054,0.4272939342230946,,0.321
ChEMBL-40,CHEMBL245_Ki,CHEMBL245_Ki,CHEMBL245_Ki,1777,0.7165869096438549,0.7121783266073024,0.6577731263199552,0.2588219944002501,0.7425267142599982,0.25747328574000183,,0.484
ChEMBL-40,CHEMBL2014_Ki,CHEMBL2014_Ki,CHEMBL2014_Ki,2108,0.5559074267959228,0.5432602742735599,0.4909243690563354,0.4300170785588564,0.5774282657430029,0.4225717342569971,,0.3545355711797278
ChEMBL-40,CHEMBL255_Ki,CHEMBL255_Ki,CHEMBL255_Ki,1843,0.6689078978329568,0.6535300187942188,0.6196761053973682,0.3198926991917179,0.6830325754199649,0.31696742458003513,,0.4148036376261838
ChEMBL-40,CHEMBL4361_Ki,CHEMBL4361_Ki,CHEMBL4361_Ki,1617,0.8708955537023604,0.8504487457392921,0.8475417292148524,0.12099644888864658,0.8795574667066901,0.1204425332933099,,0.671425999847843
ChEMBL-40,CHEMBL4805_Ki,CHEMBL4805_Ki,CHEMBL4805_Ki,583,0.25004524103487624,0.31096930283773655,0.220506510512885,0.7983653773918442,0.2456240867690026,0.7543759132309974,,0.0947464552047158
ChEMBL-40,CHEMBL1784_EC50,CHEMBL1784_EC50,CHEMBL1784_EC50,1464,0.7482157958178667,0.7457968144427248,0.7109263365388245,0.24340211124920885,0.7599532267878341,0.24004677321216594,,0.519884620162027
ChEMBL-40,CHEMBL1833_Ki,CHEMBL1833_Ki,CHEMBL1833_Ki,1655,0.4002432488888049,0.3750205141892499,0.30737886143049786,0.5761544775098384,0.441351245702179,0.558648754297821,,0.1877059169916932
ChEMBL-40,CHEMBL4227_EC50,CHEMBL4227_EC50,CHEMBL4227_EC50,1332,0.5199645042237123,0.5282501842272807,0.4636298855499775,0.4773378885475552,0.5067143585840007,0.4932856414159993,,0.3084759085802154
ChEMBL-40,CHEMBL211_Ki,CHEMBL211_Ki,CHEMBL211_Ki,1564,0.6260890399704975,0.6146934259964413,0.5576976311399876,0.349749788084994,0.652664375967287,0.347335624032713,,0.4383310938688363
ChEMBL-40,CHEMBL344_Ki,CHEMBL344_Ki,CHEMBL344_Ki,1593,0.4214743486615958,0.41310031430119454,0.37709497377137946,0.59643677907105,0.42168022153577134,0.5783197784642287,,0.2354853942892709
ChEMBL-40,CHEMBL240_Ki,CHEMBL240_Ki,CHEMBL240_Ki,1485,0.5722638405787761,0.5759189577814343,0.5183745849592383,0.42200944530576234,0.5867605446599411,0.4132394553400589,,0.3721199253146386
ChEMBL-40,CHEMBL3759_Ki,CHEMBL3759_Ki,CHEMBL3759_Ki,1342,0.5319512826266869,0.5194748851150306,0.4477492830737602,0.4390717895130105,0.5715985160752528,0.4284014839247472,,0.3499810680406638
ChEMBL-40,CHEMBL2056_Ki,CHEMBL2056_Ki,CHEMBL2056_Ki,1265,0.5510389228492543,0.554038782674466,0.4672524616419638,0.41844936977925906,0.574852785152244,0.42514721484775597,,0.3534542227295827
MoleculeACE-30,CHEMBL1862_Ki,CHEMBL1862_Ki,CHEMBL1862_Ki,794,0.5999912152746948,0.6187561201529371,0.507370231048473,0.35665077739423623,0.6331514746285758,0.3668485253714242,0.8085031347962383,0.4269871857746592
MoleculeACE-30,CHEMBL1871_Ki,CHEMBL1871_Ki,CHEMBL1871_Ki,659,0.5880238292430153,0.5931455038648209,0.541565019707421,0.41136085925064836,0.5874830194711964,0.4125169805288036,0.733599125617905,0.3094936386318523
MoleculeACE-30,CHEMBL2034_Ki,CHEMBL2034_Ki,CHEMBL2034_Ki,750,0.5647806523125452,0.5387437688892572,0.5282117798604193,0.4458292972492872,0.5798523971471885,0.4201476028528115,0.7072990602719383,0.24338396717130428
MoleculeACE-30,CHEMBL2047_EC50,CHEMBL2047_EC50,CHEMBL2047_EC50,631,0.5201456411300904,0.5051724674627449,0.4096530742332823,0.4283964845497734,0.5531943857821665,0.4468056142178335,0.777334249762081,0.3340998360369646
MoleculeACE-30,CHEMBL204_Ki,CHEMBL204_Ki,CHEMBL204_Ki,2754,0.6626660522234534,0.6755556160465123,0.6104026238383691,0.32403025700762544,0.6848568789971928,0.31514312100280717,0.773931741591595,0.45854864651521
MoleculeACE-30,CHEMBL2147_Ki,CHEMBL2147_Ki,CHEMBL2147_Ki,1456,0.8052380569238171,0.7834139124940351,0.7463626780501451,0.16125029639749644,0.8309380403498483,0.1690619596501517,0.8029617441382146,0.6263089756971645
MoleculeACE-30,CHEMBL214_Ki,CHEMBL214_Ki,CHEMBL214_Ki,3317,0.5786389764886399,0.5708073674974836,0.490576868536164,0.3842412287052679,0.6161143158722945,0.3838856841277055,0.7582930678218344,0.3401415512989223
MoleculeACE-30,CHEMBL218_EC50,CHEMBL218_EC50,CHEMBL218_EC50,1031,0.4631119043738833,0.4623230594451974,0.3775934275290179,0.5136102760283496,0.492813045759091,0.507186954240909,0.7701982986597238,0.2594054705280906
MoleculeACE-30,CHEMBL219_Ki,CHEMBL219_Ki,CHEMBL219_Ki,1865,0.4419260794150359,0.4438694179806295,0.35706671730474976,0.5375078867442031,0.4710614734099565,0.5289385265900435,0.7551261261261262,0.24241699114048987
MoleculeACE-30,CHEMBL228_Ki,CHEMBL228_Ki,CHEMBL228_Ki,1704,0.5261103517446459,0.537194436979068,0.4419260459489816,0.4455127378647916,0.5418046621347128,0.4581953378652872,0.7742917301369783,0.3330363615101446
MoleculeACE-30,CHEMBL231_Ki,CHEMBL231_Ki,CHEMBL231_Ki,973,0.6210885846432446,0.6261068344857911,0.5572922245347333,0.359385832794771,0.6349974757605064,0.36500252423949364,0.7303935057787562,0.39486569824936313
MoleculeACE-30,CHEMBL233_Ki,CHEMBL233_Ki,CHEMBL233_Ki,3142,0.6118547719646804,0.6202265442403742,0.5639881686502195,0.383879807855837,0.6299176685427312,0.37008233145726877,0.7945951845681367,0.3455953185542019
MoleculeACE-30,CHEMBL234_Ki,CHEMBL234_Ki,CHEMBL234_Ki,3657,0.5913670695372554,0.5966327977901159,0.5118196110982038,0.37790351091387286,0.6227594099864682,0.37724059001353183,0.7571905295213015,0.35651425934755576
MoleculeACE-30,CHEMBL235_EC50,CHEMBL235_EC50,CHEMBL235_EC50,2349,0.5825291251051303,0.5901910055102576,0.5216578430437077,0.4044338085290764,0.6023637483559299,0.3976362516440701,0.7692958692229324,0.36076329545983543
MoleculeACE-30,CHEMBL236_Ki,CHEMBL236_Ki,CHEMBL236_Ki,2598,0.6799773522729705,0.6762661625269546,0.6296818884518008,0.3067589950606797,0.6997647132251927,0.30023528677480726,0.7928796792291948,0.4101549950640261
MoleculeACE-30,CHEMBL237_EC50,CHEMBL237_EC50,CHEMBL237_EC50,955,0.5206351920539958,0.49663941182953003,0.437866321926222,0.4528093056256084,0.5616693993028274,0.43833060069717256,0.744493372710333,0.43139753519262447
MoleculeACE-30,CHEMBL237_Ki,CHEMBL237_Ki,CHEMBL237_Ki,2603,0.6454298724215494,0.6415425161143787,0.599145856324174,0.34837152584865794,0.6702032269015733,0.3297967730984267,0.7795293954369641,0.4173948711265163
MoleculeACE-30,CHEMBL238_Ki,CHEMBL238_Ki,CHEMBL238_Ki,1052,0.5328737557677491,0.5391053517878116,0.44040908609164003,0.430620665946978,0.56794133260023,0.43205866739976995,0.7467428112265396,0.36757124311046774
MoleculeACE-30,CHEMBL239_EC50,CHEMBL239_EC50,CHEMBL239_EC50,1721,0.5137419196498889,0.5267916543557966,0.42900167332531125,0.4586176666930024,0.5360765750217176,0.46392342497828243,0.7613588324388489,0.30906430598775536
MoleculeACE-30,CHEMBL244_Ki,CHEMBL244_Ki,CHEMBL244_Ki,3097,0.7549038358404901,0.7543778310736075,0.7187708264207129,0.23708607209766153,0.7669337149833444,0.2330662850166556,0.7746138338622632,0.4946398436092416
MoleculeACE-30,CHEMBL262_Ki,CHEMBL262_Ki,CHEMBL262_Ki,856,0.384770204839488,0.3684298291945885,0.2992376890869857,0.5997735104993114,0.39429837767748344,0.6057016223225166,0.758441091954023,0.24231688345842706
MoleculeACE-30,CHEMBL264_Ki,CHEMBL264_Ki,CHEMBL264_Ki,2862,0.5615735208834454,0.5602217701227769,0.4696632971368257,0.39954992565625247,0.5895505020333358,0.4104494979666642,0.7800868874427747,0.3419846343609334
MoleculeACE-30,CHEMBL2835_Ki,CHEMBL2835_Ki,CHEMBL2835_Ki,615,0.7840189108351248,0.668984465755763,0.7496038682520868,0.2066056597566286,0.7839933917536442,0.21600660824635576,0.7304054054054054,0.5406214145050978
MoleculeACE-30,CHEMBL287_Ki,CHEMBL287_Ki,CHEMBL287_Ki,1328,0.3750248425846566,0.36879138738929207,0.26355726531351065,0.5871518536128464,0.40847741383777925,0.5915225861622208,0.7446564179441534,0.19550869313662256
MoleculeACE-30,CHEMBL2971_Ki,CHEMBL2971_Ki,CHEMBL2971_Ki,976,0.734889061710484,0.7532363064540621,0.6965714923284916,0.2571362196746745,0.7512256004969007,0.24877439950309932,0.7768374435041101,0.5189004566832107
MoleculeACE-30,CHEMBL3979_EC50,CHEMBL3979_EC50,CHEMBL3979_EC50,1125,0.6086937707707706,0.6120080914184454,0.5289551171911839,0.35867206393052453,0.6436700935493642,0.3563299064506358,0.7633327479217891,0.3901097917648251
MoleculeACE-30,CHEMBL4005_Ki,CHEMBL4005_Ki,CHEMBL4005_Ki,960,0.591282282235574,0.5878051236068353,0.5187865818394229,0.3843433591843328,0.6131197129933124,0.38688028700668764,0.7202454507737811,0.39402558855605463
MoleculeACE-30,CHEMBL4203_Ki,CHEMBL4203_Ki,CHEMBL4203_Ki,731,0.36887762688690123,0.3420750152146599,0.27857814119981644,0.6129650733060324,0.3936808454367019,0.6063191545632981,0.7117691154422789,0.1468206879396997
MoleculeACE-30,CHEMBL4616_EC50,CHEMBL4616_EC50,CHEMBL4616_EC50,682,0.3988669189346174,0.36964140835968906,0.3238297082932428,0.5937128995946838,0.41734419453495764,0.5826558054650424,0.7838738855149244,0.2336356364658253
MoleculeACE-30,CHEMBL4792_Ki,CHEMBL4792_Ki,CHEMBL4792_Ki,1471,0.5447958878548221,0.5192895539441912,0.47083670510305253,0.4341612588831032,0.5554916855848331,0.4445083144151669,0.6927370716116814,0.4179402453217683
DeepDelta-10,Caco2,Caco2,Caco2,910,0.5212790715751032,0.5055592762508784,0.3986319930016692,0.4162106505512959,0.5782068893027066,0.4217931106972934,,0.4750723241294732
DeepDelta-10,FUBrain,FUBrain,FUBrain,253,0.1547531673819017,0.16411431118196823,0.09492348000200206,0.8759247972379984,0.1644814923620036,0.8355185076379964,,0.2445694575477955
DeepDelta-10,FreeSolv,FreeSolv,FreeSolv,642,0.48010383401546863,0.49674135707521105,0.3250851043775485,0.43236892590885656,0.5595560305722951,0.4404439694277049,,0.7613624275174837
DeepDelta-10,HalfLife,HalfLife,HalfLife,1321,0.21980454969044605,0.2457078194650299,0.16103998045220494,0.8053268830260925,0.20890497549431197,0.791095024505688,,0.1512300849341964
DeepDelta-10,HemoTox,HemoTox,HemoTox,828,0.6266236173512293,0.5607482349102421,0.562184747580012,0.3527190381195522,0.64289666256266,0.35710333743734,,0.452076886506943
DeepDelta-10,HepClear,HepClear,HepClear,881,0.17202360218092996,0.17021015623356797,0.13796081746461825,0.8801175313562966,0.09623750981131052,0.9037624901886895,,0.0935359740947795
DeepDelta-10,MicroClear,MicroClear,MicroClear,731,0.17157483469110874,0.17450832259393484,0.11377100914414576,0.8592442388475138,0.13230826200738,0.86769173799262,,0.1019135047937901
DeepDelta-10,RenClear,RenClear,RenClear,636,0.20214516159186746,0.24387761196752794,0.11595103124934156,0.8000656049406725,0.214950865191729,0.785049134808271,,0.1116064567485518
DeepDelta-10,Sol,Sol,Sol,1128,0.5213934666416367,0.5088015110460103,0.3596851452550626,0.380929697446283,0.6122589873026079,0.38774101269739214,,0.709145082536947
DeepDelta-10,VDss,VDss,VDss,1130,0.3995385829044942,0.4253754178612226,0.31766280237147565,0.5868193563253399,0.4209156528888144,0.5790843471111856,,0.3287590457287315
