dataset,n,distinct_labels,rank_assortativity,li_q2,achieved_2,li_q3,achieved_3,li_q4,achieved_4,li_q6,achieved_6,li_q8,achieved_8,li_q12,achieved_12,li_q16,achieved_16,li_q24,achieved_24,li_q32,achieved_32,receptor_class
ACE:CHEMBL1862_Ki,794,272,0.6187561201529371,0.3126845451837161,2,0.16949200637702924,3,0.17721941470616348,4,0.1423029986943682,6,0.12576145309842446,8,0.11259184853980857,12,0.1057448431674847,16,0.10094287553603272,24,0.10096459160586205,32,ACE:CHEMBL1862_Ki
ACE:CHEMBL1871_Ki,659,381,0.5931455038648209,0.17039263597080354,2,0.15432362307230513,3,0.13538282485857533,4,0.12691191067918542,6,0.1088346059555522,8,0.09916974770266876,12,0.09180927330673938,16,0.09055182046870873,24,0.09189611534514654,32,ACE:CHEMBL1871_Ki
ACE:CHEMBL2034_Ki,750,465,0.5387437688892572,0.13524012785578768,2,0.13114009799391027,3,0.12161857065706382,4,0.10599266716778254,6,0.10079059177094193,8,0.09553100419876684,12,0.08990909061401645,16,0.08728767811471165,24,0.09171090769206987,32,ACE:CHEMBL2034_Ki
ACE:CHEMBL2047_EC50,631,411,0.5051724674627449,0.1397043049211863,2,0.10011881519897833,3,0.09871569393416786,4,0.09139447079438753,6,0.08987696333864359,8,0.08260750194340159,12,0.079858600070577,16,0.07668400127691616,24,0.08190300667071682,32,ACE:CHEMBL2047_EC50
ACE:CHEMBL204_Ki,2754,946,0.6755556160465123,0.2389849719406393,2,0.22711458529561618,3,0.19725756089329213,4,0.16992062123130097,6,0.154574658234797,8,0.13538019264853832,12,0.12424688230337347,16,0.11302487965439627,24,0.10664350794221102,32,ACE:CHEMBL204_Ki
ACE:CHEMBL2147_Ki,1456,649,0.7834139124940351,0.4014960517772096,2,0.314034510137848,3,0.2735457854479166,4,0.23392935426879902,6,0.2159250561988835,8,0.1917630504759404,12,0.17386853347799625,16,0.15947367834169565,24,0.14961505304886616,32,ACE:CHEMBL2147_Ki
ACE:CHEMBL214_Ki,3317,1722,0.5708073674974836,0.13210109239143325,2,0.12388717171615848,3,0.12208160888648278,4,0.10869466856751354,6,0.101728633695018,8,0.08792291430653047,12,0.08374417563067654,16,0.07477635308066059,24,0.07152459774946747,32,ACE:CHEMBL214_Ki
ACE:CHEMBL218_EC50,1031,701,0.4623230594451974,0.09964753881453392,2,0.0876829146110628,3,0.07992637714636995,4,0.06630297548260719,6,0.06527329961957389,8,0.05900095405736808,12,0.057541773387613994,16,0.056128208890538114,24,0.05870955560938705,32,ACE:CHEMBL218_EC50
ACE:CHEMBL219_Ki,1865,916,0.4438694179806295,0.07939181593577829,2,0.07934861325571248,3,0.0736217839484322,4,0.06414411837446098,6,0.0587214440695128,8,0.05357791377572562,12,0.04917438701284428,16,0.04654841426559104,24,0.04535115252398554,32,ACE:CHEMBL219_Ki
ACE:CHEMBL228_Ki,1704,947,0.537194436979068,0.136082056171239,2,0.11535465680682126,3,0.10685792201649694,4,0.09202703558854129,6,0.08449558115322407,8,0.07524431857512565,12,0.07059316836094873,16,0.06494584784753459,24,0.06406766228478863,32,ACE:CHEMBL228_Ki
ACE:CHEMBL231_Ki,973,556,0.6261068344857911,0.2014961668219322,2,0.16445829088579073,3,0.16066246118279895,4,0.13710701060237582,6,0.13459394479488465,8,0.11619214947201047,12,0.10972801121260364,16,0.10232079052806993,24,0.10225780487340262,32,ACE:CHEMBL231_Ki
ACE:CHEMBL233_Ki,3142,1836,0.6202265442403742,0.19320378027783244,2,0.18436091484520273,3,0.1542988365461674,4,0.13984540214967628,6,0.12610747289545404,8,0.11251675764653718,12,0.10257331460134621,16,0.10270802018862413,24,0.09474310846964773,32,ACE:CHEMBL233_Ki
ACE:CHEMBL234_Ki,3657,1782,0.5966327977901159,0.19486924923722757,2,0.15120135407339008,3,0.1451870507127784,4,0.12128631792356172,6,0.10999340950652352,8,0.09716062955417468,12,0.08931999436159355,16,0.08075915489495296,24,0.07611300010620947,32,ACE:CHEMBL234_Ki
ACE:CHEMBL235_EC50,2349,991,0.5901910055102576,0.17787620562428422,2,0.14329536264957937,3,0.13492611997848789,4,0.11633105624789283,6,0.10827103528568946,8,0.09218005282701658,12,0.08616952187701292,16,0.07989051629261214,24,0.07626448170133661,32,ACE:CHEMBL235_EC50
ACE:CHEMBL236_Ki,2598,1567,0.6762661625269546,0.2339480316341465,2,0.2123990990944191,3,0.2030193098920469,4,0.1772280487270279,6,0.1633389659975792,8,0.1487405084665957,12,0.13962196391245688,16,0.132285859730861,24,0.12890018724755448,32,ACE:CHEMBL236_Ki
ACE:CHEMBL237_EC50,955,665,0.49663941182953003,0.09684214818648655,2,0.0867982236895684,3,0.08274984952409196,4,0.07746316237702423,6,0.07534283054558327,8,0.07043196685760804,12,0.06745877469037252,16,0.06361079569712569,24,0.06800716427820029,32,ACE:CHEMBL237_EC50
ACE:CHEMBL237_Ki,2603,1557,0.6415425161143787,0.2013599862529812,2,0.19186231953126337,3,0.1756636798932319,4,0.14690539532625332,6,0.13294106180660406,8,0.11425005278550852,12,0.10392986052646745,16,0.09346865296851363,24,0.08875091954873403,32,ACE:CHEMBL237_Ki
ACE:CHEMBL238_Ki,1052,762,0.5391053517878116,0.18960811974417643,2,0.12719355603830054,3,0.12088282945971536,4,0.09872777291332815,6,0.09268939842234866,8,0.08050097112513728,12,0.07448822511006968,16,0.06998434047314002,24,0.07035751222812969,32,ACE:CHEMBL238_Ki
ACE:CHEMBL239_EC50,1721,839,0.5267916543557966,0.13586278714954966,2,0.11486112973981474,3,0.10014975411150046,4,0.09048937047147318,6,0.08161602669679462,8,0.07230776281785829,12,0.06774073454676009,16,0.06308767706293998,24,0.06386490934585619,32,ACE:CHEMBL239_EC50
ACE:CHEMBL244_Ki,3097,1079,0.7543778310736075,0.29010730525659384,2,0.2804047297393388,3,0.24227919452897648,4,0.21615387557573104,6,0.19583690687024932,8,0.17435713875418113,12,0.15908822693667976,16,0.14296760025663144,24,0.13430059843579284,32,ACE:CHEMBL244_Ki
ACE:CHEMBL262_Ki,856,209,0.3684298291945885,0.04768790253730665,2,0.059488290430100205,3,0.05135886958638804,4,0.04560939035636425,6,0.04094418884696691,8,0.03984517509814727,12,0.03760683584275374,16,0.04047509468343228,24,0.04612319864787842,32,ACE:CHEMBL262_Ki
ACE:CHEMBL264_Ki,2862,1190,0.5602217701227769,0.15051214797890947,2,0.11945212482397,3,0.1192763192194569,4,0.10817610542319887,6,0.1017063388633754,8,0.09098704901681226,12,0.08462943400127917,16,0.07627982180489391,24,0.07317701357359072,32,ACE:CHEMBL264_Ki
ACE:CHEMBL2835_Ki,615,298,0.668984465755763,0.24943540459309738,2,0.21866811648678933,3,0.2085982682179396,4,0.1783038366798171,6,0.17041930261809932,8,0.15420530819562042,12,0.14762356986341443,16,0.13479396106138813,24,0.13631660177180593,32,ACE:CHEMBL2835_Ki
ACE:CHEMBL287_Ki,1328,885,0.36879138738929207,0.06727710469856292,2,0.049864121271445065,3,0.052137114709980704,4,0.04712592669147053,6,0.04279563952915371,8,0.03954309653506885,12,0.03749170617424182,16,0.03750977634136296,24,0.039610852085727614,32,ACE:CHEMBL287_Ki
ACE:CHEMBL2971_Ki,976,436,0.7532363064540621,0.4767522964506524,2,0.2546182815681556,3,0.2756562338146387,4,0.2461856431665426,6,0.22517528935843398,8,0.19394819918766357,12,0.18100779348426532,16,0.16742988078920487,24,0.15953257412819175,32,ACE:CHEMBL2971_Ki
ACE:CHEMBL3979_EC50,1125,551,0.6120080914184454,0.1712352311910993,2,0.15246464207455526,3,0.12986861469564934,4,0.12388219655197667,6,0.11095568690555208,8,0.09605829785361904,12,0.0897998119800989,16,0.0868039108900869,24,0.08536432051665677,32,ACE:CHEMBL3979_EC50
ACE:CHEMBL4005_Ki,960,594,0.5878051236068353,0.1337519368640166,2,0.14381338475363192,3,0.12396045513207467,4,0.11385934716207224,6,0.10866706644903776,8,0.09850707968961235,12,0.09189413077763581,16,0.09198319290722455,24,0.0903360594630708,32,ACE:CHEMBL4005_Ki
ACE:CHEMBL4203_Ki,731,54,0.3420750152146599,0.037146030433372584,2,0.03202513890382653,3,0.04020893230439074,4,0.039335791143186374,6,0.03811252156176463,8,0.036469621693536965,12,0.035777854455511134,16,0.03881388252388475,24,0.040473693415536034,30,ACE:CHEMBL4203_Ki
ACE:CHEMBL4616_EC50,682,355,0.36964140835968906,0.053482572395392766,2,0.053061044483139835,3,0.050050028928550795,4,0.04782083022602756,6,0.04837442492691231,8,0.05941754264890252,12,0.06639914712063348,16,0.07517606308492203,24,0.08701655635042652,32,ACE:CHEMBL4616_EC50
ACE:CHEMBL4792_Ki,1471,696,0.5192895539441912,0.09862581001474317,2,0.1032436281104476,3,0.1089279593512324,4,0.09622153060588964,6,0.0899384277455875,8,0.07732935144277432,12,0.07338689915514991,16,0.06709002422453164,24,0.06667512745274276,32,ACE:CHEMBL4792_Ki
DD:Caco2,910,593,0.5055592762508784,0.10376077256917547,2,0.10151146778399507,3,0.0955278821816685,4,0.08735219204573422,6,0.08346960138467342,8,0.07751837513331479,12,0.07427737915842025,16,0.07960538194877859,24,0.08012534930283062,32,DD:Caco2
DD:FUBrain,253,189,0.16411431118196823,0.014969986246617278,2,0.010604737900176842,3,0.013932257703425387,4,0.009934962482834132,6,0.013987033100437135,8,0.015210493675022162,12,0.01873850208508881,16,0.032910961463389544,24,0.053078076847047434,32,DD:FUBrain
DD:FreeSolv,642,485,0.49674135707521105,0.11129311612970617,2,0.10927432800672868,3,0.1088532194432979,4,0.10002367173261871,6,0.09460370052851597,8,0.09161368359465569,12,0.09509161888287346,16,0.09392188669768739,24,0.10094474735240856,32,DD:FreeSolv
DD:HalfLife,1321,500,0.2457078194650299,0.028038762100191232,2,0.025719603675497936,3,0.022904430852751363,4,0.02115491520111495,6,0.018657757567157197,8,0.01839236270081948,12,0.01885933035118347,16,0.019687366589806368,24,0.022474978223909065,32,DD:HalfLife
DD:HemoTox,828,567,0.5607482349102421,0.11505579041462029,2,0.108696950377746,3,0.10878243414156058,4,0.10685519503379956,6,0.11245806929115887,8,0.10266041272277421,12,0.09979865779493977,16,0.09981514279290862,24,0.10109919938751186,32,DD:HemoTox
DD:HepClear,881,348,0.17021015623356797,0.011447735016960387,2,0.01109722312770089,3,0.013533012297242488,4,0.009397800383199328,6,0.010291191053406378,8,0.00964907277692681,12,0.010877105505955302,16,0.014488412627868482,24,0.018862992724399823,32,DD:HepClear
DD:MicroClear,731,284,0.17450832259393484,0.012791985871393711,2,0.013745387279348889,3,0.01113302643400948,4,0.009412609657612385,6,0.009215942427825743,8,0.009895543220746945,12,0.010109709675176723,16,0.014908806613694377,24,0.020865136673988417,32,DD:MicroClear
DD:RenClear,636,345,0.24387761196752794,0.0365139325132077,2,0.02254705762580036,3,0.022697079467166096,4,0.019806390087153902,6,0.021483198840847945,8,0.02107098090823883,12,0.020613069250406943,16,0.02500234275657918,24,0.03184549415358084,31,DD:RenClear
DD:Sol,1128,734,0.5088015110460103,0.09813028320332493,2,0.0974395187909999,3,0.08784227934455474,4,0.08186109747988779,6,0.07614425597377164,8,0.0672585599997332,12,0.06232315286355906,16,0.05936106457668491,24,0.05936169482265074,32,DD:Sol
DD:VDss,1130,306,0.4253754178612226,0.08257634088707971,2,0.08997243566132174,3,0.07671887516786219,4,0.062006986896448194,6,0.058800596644067754,8,0.052321829059744876,12,0.049449364153000386,16,0.047095148489277185,24,0.0481589020426053,32,DD:VDss
