dataset,curl_linear,curl_mlp
CHEMBL1862_Ki,1.3978802240152352e-32,0.003958468210293462
CHEMBL1871_Ki,1.3439046772623484e-32,0.0036249631324506287
CHEMBL2034_Ki,1.5138644344147607e-32,0.0025343254643660665
CHEMBL2047_EC50,2.0083590319851596e-32,0.006659738723760974
CHEMBL204_Ki,3.29653750208667e-32,0.006050583592182056
CHEMBL2147_Ki,1.8167928311509212e-32,0.0021817747528029095
CHEMBL214_Ki,3.155699097854135e-32,0.01837250220255662
CHEMBL218_EC50,1.7925781060719643e-32,0.004741405782499998
CHEMBL219_Ki,2.6878821653237135e-32,0.012903853019542789
CHEMBL228_Ki,2.313180987734675e-32,0.00851973762227845
CHEMBL231_Ki,2.2912738458143338e-32,0.002998900360502692
CHEMBL233_Ki,3.2234183884991055e-32,0.009408565895410323
CHEMBL234_Ki,3.0308796771554605e-32,0.014154403155049936
CHEMBL235_EC50,3.613434471362799e-32,0.013332008937999167
CHEMBL236_Ki,3.8262473415544467e-32,0.009893837404979096
CHEMBL237_EC50,2.2929427936242878e-32,0.0035510748919978384
CHEMBL237_Ki,3.446923638967371e-32,0.007691994705362874
CHEMBL238_Ki,1.8936049413619884e-32,0.0040352363724393495
CHEMBL239_EC50,2.8421714605862307e-32,0.014163028703401763
CHEMBL244_Ki,3.9018649425898987e-32,0.010155088524171747
CHEMBL262_Ki,2.026507472623372e-32,0.006019578340484874
CHEMBL264_Ki,3.29563708653718e-32,0.01388188928594266
CHEMBL2835_Ki,1.292480797549505e-32,0.005299848422904198
CHEMBL287_Ki,1.9615311383391462e-32,0.009530250569778765
CHEMBL2971_Ki,1.8094194355288347e-32,0.0015572525295633871
CHEMBL3979_EC50,2.1243022106201345e-32,0.008774354217305824
CHEMBL4005_Ki,1.9050772920232493e-32,0.008303903386710793
CHEMBL4203_Ki,1.864175590139221e-32,0.0008057867028127427
CHEMBL4616_EC50,1.8757905164558993e-32,0.008243122763624032
CHEMBL4792_Ki,1.9496796831891407e-32,0.008971178718258995
