dataset,cluster,receptor_class,n_molecules,rank_assortativity,skill_ecfp4,skill_rdkit_descriptors,skill_maccs,skill_atompair,provenance
CHEMBL217_Ki,CHEMBL217_Ki,CHEMBL217_Ki,8205,0.585001992813461,0.359,0.183,0.293,0.378,recovered_3dp
CHEMBL205_Ki,CHEMBL205_Ki,CHEMBL205_Ki,7636,0.5197666178640202,0.351,0.252,0.326,0.326,recovered_3dp
CHEMBL261_Ki,CHEMBL261_Ki,CHEMBL261_Ki,7082,0.5269995730574574,0.291,0.28,0.297,0.256,recovered_3dp
CHEMBL3594_Ki,CHEMBL3594_Ki,CHEMBL3594_Ki,5779,0.4766850155327366,0.314,0.292,0.297,0.301,recovered_3dp
CHEMBL251_Ki,CHEMBL251_Ki,CHEMBL251_Ki,5286,0.6434214148088179,0.407,0.349,0.358,0.426,recovered_3dp
CHEMBL224_Ki,CHEMBL224_Ki,CHEMBL224_Ki,4653,0.6294556643791898,0.41,0.27,0.366,0.418,recovered_3dp
CHEMBL1628481_EC50,CHEMBL1628481_EC50,CHEMBL1628481_EC50,3215,0.4358442749896936,0.314,0.158,0.227,0.297,recovered_3dp
CHEMBL256_Ki,CHEMBL256_Ki,CHEMBL256_Ki,4276,0.6074370517416211,0.422,0.263,0.348,0.403,recovered_3dp
CHEMBL3242_Ki,CHEMBL3242_Ki,CHEMBL3242_Ki,4624,0.4850783446592439,0.276,0.256,0.3,0.271,recovered_3dp
CHEMBL226_Ki,CHEMBL226_Ki,CHEMBL226_Ki,4386,0.5010824024510303,0.322,0.018,0.288,0.328,recovered_3dp
CHEMBL253_Ki,CHEMBL253_Ki,CHEMBL253_Ki,4063,0.5635499863242398,0.316,0.234,0.253,0.319,recovered_3dp
CHEMBL3371_Ki,CHEMBL3371_Ki,CHEMBL3371_Ki,3904,0.5901332919864384,0.412,0.324,0.375,0.429,recovered_3dp
CHEMBL5113_Ki,CHEMBL5113_Ki,CHEMBL5113_Ki,2272,0.6595029464533736,0.467,0.388,0.371,0.452,recovered_3dp
CHEMBL2292_EC50,CHEMBL2292_EC50,CHEMBL2292_EC50,1857,0.4721866790549264,0.279,-0.266,0.185,0.257,recovered_3dp
CHEMBL1163125_Ki,CHEMBL1163125_Ki,CHEMBL1163125_Ki,1296,0.6584209425890659,0.475,0.136,0.429,0.47,recovered_3dp
CHEMBL3155_Ki,CHEMBL3155_Ki,CHEMBL3155_Ki,2657,0.5340201802651717,0.377,0.246,0.314,0.364,recovered_3dp
CHEMBL225_Ki,CHEMBL225_Ki,CHEMBL225_Ki,2584,0.5016885481048378,0.291,0.206,0.298,0.314,recovered_3dp
CHEMBL4422_EC50,CHEMBL4422_EC50,CHEMBL4422_EC50,2272,0.5569808086389368,0.313,0.236,0.27,0.327,recovered_3dp
CHEMBL614358_EC50,CHEMBL614358_EC50,CHEMBL614358_EC50,1243,0.1347954727590041,-0.18,-0.207,0.022,-0.015,recovered_3dp
CHEMBL4860_Ki,CHEMBL4860_Ki,CHEMBL4860_Ki,1243,0.8414142775183591,0.678,0.494,0.636,0.67,recovered_3dp
CHEMBL5024_Ki,CHEMBL5024_Ki,CHEMBL5024_Ki,1011,0.3607215862971505,0.172,-0.289,0.118,0.165,recovered_3dp
CHEMBL2000_Ki,CHEMBL2000_Ki,CHEMBL2000_Ki,1080,0.4943718499112561,0.406,0.326,0.316,0.393,recovered_3dp
CHEMBL4333_EC50,CHEMBL4333_EC50,CHEMBL4333_EC50,2464,0.606798410975099,0.417,0.353,0.354,0.417,recovered_3dp
CHEMBL4550_Ki,CHEMBL4550_Ki,CHEMBL4550_Ki,1513,0.4243520878017136,0.319,0.149,0.22,0.328,recovered_3dp
CHEMBL259_Ki,CHEMBL259_Ki,CHEMBL259_Ki,1982,0.6800062266981456,0.463,0.31,0.365,0.453,recovered_3dp
CHEMBL4822_Ki,CHEMBL4822_Ki,CHEMBL4822_Ki,2217,0.5463231906649918,0.384,0.131,0.312,0.395,recovered_3dp
CHEMBL222_Ki,CHEMBL222_Ki,CHEMBL222_Ki,1987,0.5540245538685513,0.302,0.153,0.319,0.348,recovered_3dp
CHEMBL245_Ki,CHEMBL245_Ki,CHEMBL245_Ki,1777,0.7121783266073024,0.493,0.458,0.471,0.506,recovered_3dp
CHEMBL2014_Ki,CHEMBL2014_Ki,CHEMBL2014_Ki,2108,0.5432602742735599,0.365,0.247,0.322,0.4,recovered_3dp
CHEMBL255_Ki,CHEMBL255_Ki,CHEMBL255_Ki,1843,0.6535300187942188,0.427,0.387,0.394,0.425,recovered_3dp
CHEMBL4361_Ki,CHEMBL4361_Ki,CHEMBL4361_Ki,1617,0.8504487457392921,0.6734052612614634,0.5568104423031183,0.6418399497049114,0.6562160012909379,computed
CHEMBL4805_Ki,CHEMBL4805_Ki,CHEMBL4805_Ki,583,0.31096930283773655,0.0007435114903853179,-0.21146698727428936,-0.04510011420375748,-0.05434292739009705,computed
CHEMBL1784_EC50,CHEMBL1784_EC50,CHEMBL1784_EC50,1464,0.7457968144427248,0.5143758933237382,0.4960998010201393,0.43292677325983164,0.5126790040669464,computed
CHEMBL1833_Ki,CHEMBL1833_Ki,CHEMBL1833_Ki,1655,0.3750205141892499,0.1763537913877692,0.07700602028116821,0.21910627096172164,0.2122052000766056,computed
CHEMBL4227_EC50,CHEMBL4227_EC50,CHEMBL4227_EC50,1332,0.5282501842272807,0.2821801588932261,0.18764504148183636,0.23347973919142617,0.3021655453397978,computed
CHEMBL211_Ki,CHEMBL211_Ki,CHEMBL211_Ki,1564,0.6146934259964413,0.4743877673010911,0.44404019214741297,0.4111637026402025,0.492956511055779,computed
CHEMBL344_Ki,CHEMBL344_Ki,CHEMBL344_Ki,1593,0.41310031430119454,0.2752467470610551,0.1848704989481449,0.1839229211533452,0.294847814872774,computed
CHEMBL240_Ki,CHEMBL240_Ki,CHEMBL240_Ki,1485,0.5759189577814343,0.3736527310330279,0.34469145021672787,0.34809854334256485,0.41504004964548624,computed
CHEMBL3759_Ki,CHEMBL3759_Ki,CHEMBL3759_Ki,1342,0.5194748851150306,0.38817023918195115,0.3679835735761735,0.3402448279877429,0.3913327218302258,computed
CHEMBL2056_Ki,CHEMBL2056_Ki,CHEMBL2056_Ki,1265,0.554038782674466,0.37862506721252853,0.339798629298828,0.3599518453154984,0.3758168052560743,computed
