assortativity,rank_assortativity,rogi,mean_degree,n_molecules,dataset,collection,cluster,baseline,skill_absolute,skill_delta,receptor_class
0.5999912152746948,0.6187561201529371,0.049348659132860684,14.375314861460957,794,ACE:CHEMBL1862_Ki,MoleculeACE,Kinase,1.47861405223795,0.4269871857746592,0.34679018289603747,Kinase
0.5880238292430153,0.5931455038648209,0.05602623849398092,13.12898330804249,659,ACE:CHEMBL1871_Ki,MoleculeACE,NR,1.0848179906789492,0.29332457861457273,0.2533326828506651,NR
0.5647806523125452,0.5387437688892572,0.07423326671471253,13.138666666666667,750,ACE:CHEMBL2034_Ki,MoleculeACE,NR,1.0044932930364325,0.24338396717130428,0.22385189575517006,NR
0.5201456411300904,0.5051724674627449,0.0776248735473219,13.613312202852615,631,ACE:CHEMBL2047_EC50,MoleculeACE,NR,0.9833920694257378,0.33083223912888715,0.22276270733551284,NR
0.6626660522234534,0.6755556160465123,0.05813396853513719,13.124909222948439,2754,ACE:CHEMBL204_Ki,MoleculeACE,Protease,1.536498104786623,0.45854864651521,0.3657088835650093,Protease
0.8052380569238171,0.7834139124940351,0.05300553768298766,14.30631868131868,1456,ACE:CHEMBL2147_Ki,MoleculeACE,Kinase,1.9819944917204428,0.6263089756971645,0.605319004816745,Kinase
0.5786389764886399,0.5708073674974836,0.06335834656143546,13.181187820319566,3317,ACE:CHEMBL214_Ki,MoleculeACE,GPCR,1.1376916574011824,0.3355790993901109,0.2486830714589764,GPCR
0.4631119043738833,0.4623230594451974,0.06402070122042713,13.158098933074685,1031,ACE:CHEMBL218_EC50,MoleculeACE,GPCR,1.0452953508265326,0.24611882803412366,0.2594054705280906,GPCR
0.4419260794150359,0.4438694179806295,0.07258316811385918,13.512064343163539,1865,ACE:CHEMBL219_Ki,MoleculeACE,GPCR,1.075296786113329,0.24241699114048987,0.0538676135365731,GPCR
0.5261103517446459,0.537194436979068,0.062171798587433214,13.326291079812206,1704,ACE:CHEMBL228_Ki,MoleculeACE,Other,1.1999214399799265,0.3330363615101446,0.22862171854104196,Other
0.6210885846432446,0.6261068344857911,0.05148652217013472,13.800616649537513,973,ACE:CHEMBL231_Ki,MoleculeACE,GPCR,1.3108401606026538,0.3392372429573023,0.2800229006026693,GPCR
0.6118547719646804,0.6202265442403742,0.06485707460365703,13.453214513049014,3142,ACE:CHEMBL233_Ki,MoleculeACE,GPCR,1.3048433275054745,0.3158851285138804,0.20875555701997184,GPCR
0.5913670695372554,0.5966327977901159,0.06545920867182459,13.689909762100083,3657,ACE:CHEMBL234_Ki,MoleculeACE,GPCR,1.137474954671998,0.35651425934755576,0.25572873977512256,GPCR
0.5825291251051303,0.5901910055102576,0.07249587256272222,13.046402724563643,2349,ACE:CHEMBL235_EC50,MoleculeACE,NR,1.0770674265506504,0.3428127252960247,0.12579797617639443,NR
0.6799773522729705,0.6762661625269546,0.06639948104301618,13.524249422632794,2598,ACE:CHEMBL236_Ki,MoleculeACE,GPCR,1.343149459667262,0.4028262690432066,0.2895351589098134,GPCR
0.5206351920539958,0.49663941182953003,0.08924307403236409,13.612565445026178,955,ACE:CHEMBL237_EC50,MoleculeACE,GPCR,1.4474820237851875,0.43139753519262447,0.33601625235415244,GPCR
0.6454298724215494,0.6415425161143787,0.0677379517298417,13.545908567038033,2603,ACE:CHEMBL237_Ki,MoleculeACE,GPCR,1.3464117829592086,0.4071847406749385,0.2621333702097848,GPCR
0.5328737557677491,0.5391053517878116,0.060509881604670634,13.543726235741445,1052,ACE:CHEMBL238_Ki,MoleculeACE,Other,1.1646882303263248,0.3564636780774585,0.33612107081018816,Other
0.5137419196498889,0.5267916543557966,0.08477759163855292,13.231841952353284,1721,ACE:CHEMBL239_EC50,MoleculeACE,NR,1.0987358548733526,0.30906430598775536,0.16305706459663072,NR
0.7549038358404901,0.7543778310736075,0.06865973614398035,13.367775266386825,3097,ACE:CHEMBL244_Ki,MoleculeACE,Protease,1.615001651689472,0.49023970091174884,0.3667242470012372,Protease
0.384770204839488,0.3684298291945885,0.0633088396447044,14.133177570093459,856,ACE:CHEMBL262_Ki,MoleculeACE,Kinase,1.0998424342880266,0.24231688345842706,0.16606347922016673,Kinase
0.5615735208834454,0.5602217701227769,0.06636191639982847,13.37665967854647,2862,ACE:CHEMBL264_Ki,MoleculeACE,GPCR,1.0831037311631586,0.31524606543773404,0.21731390757589308,GPCR
0.7840189108351248,0.668984465755763,0.06277933002182479,14.097560975609756,615,ACE:CHEMBL2835_Ki,MoleculeACE,Kinase,0.9771000742702373,0.5406214145050978,0.48649055138664465,Kinase
0.3750248425846566,0.36879138738929207,0.07134167695297017,13.850903614457831,1328,ACE:CHEMBL287_Ki,MoleculeACE,Other,1.048300037855247,0.15068108326837115,0.13931695415958467,Other
0.734889061710484,0.7532363064540621,0.04319403124258725,14.245901639344263,976,ACE:CHEMBL2971_Ki,MoleculeACE,Kinase,1.402918092480929,0.4921273825272141,0.46203082586139443,Kinase
0.6086937707707706,0.6120080914184454,0.07599692647292988,13.214222222222222,1125,ACE:CHEMBL3979_EC50,MoleculeACE,NR,1.1329793174671772,0.3901097917648251,0.30560656646554596,NR
0.591282282235574,0.5878051236068353,0.07235437713010823,13.245833333333334,960,ACE:CHEMBL4005_Ki,MoleculeACE,Transferase,1.084220594588725,0.39402558855605463,0.30764884093615374,Transferase
0.36887762688690123,0.3420750152146599,0.05248750725574791,14.25170998632011,731,ACE:CHEMBL4203_Ki,MoleculeACE,Kinase,1.0741491224396573,0.02144555533036363,0.0613046578416816,Kinase
0.3988669189346174,0.36964140835968906,0.10992209447732604,13.454545454545455,682,ACE:CHEMBL4616_EC50,MoleculeACE,GPCR,0.9171451774430938,0.2336356364658253,0.11610256959758336,GPCR
0.5447958878548221,0.5192895539441912,0.0957175878365511,13.366417403127125,1471,ACE:CHEMBL4792_Ki,MoleculeACE,GPCR,1.181032018317486,0.4179402453217683,0.3507292253134576,GPCR
0.5204923866993411,0.5046816341438715,0.04402111982721524,13.582417582417582,910,TDC:caco2_wang,TDC,TDC:caco2_wang,0.6953157200283617,-0.4250353368896522,0.31724840211836514,TDC:caco2_wang
0.37946814531199824,0.3712732344120749,0.06685392722994243,13.873809523809523,4200,TDC:lipophilicity_astrazeneca,TDC,TDC:lipophilicity_astrazeneca,1.2037365325303069,0.2710953858399857,0.08902165959741937,TDC:lipophilicity_astrazeneca
0.577251524963696,0.5597671726715782,0.03650615238280852,14.250300601202404,9980,TDC:solubility_aqsoldb,TDC,TDC:solubility_aqsoldb,2.4086424304975287,0.3281820502862699,0.23504735591663428,TDC:solubility_aqsoldb
0.1867614683832326,0.2598832169300411,0.06457200001647867,14.137546468401487,1614,TDC:ppbr_az,TDC,TDC:ppbr_az,15.214599895067542,0.005056479137952041,-0.28113960095506685,TDC:ppbr_az
0.08193308472228787,0.4258922883527446,0.016003512215986837,14.038938053097345,1130,TDC:vdss_lombardo,TDC,TDC:vdss_lombardo,5.8092236042805165,-0.0883487184162508,-5.34969133942438,TDC:vdss_lombardo
0.09622992557184956,0.2470452090825843,0.018143672753943504,13.853073463268366,667,TDC:half_life_obach,TDC,TDC:half_life_obach,23.916820166279784,-0.6197716502945618,-1.581975877394727,TDC:half_life_obach
0.19737032984171152,0.21068411278926394,0.1494884928207213,14.122011541632316,1213,TDC:clearance_hepatocyte_az,TDC,TDC:clearance_hepatocyte_az,48.06637880199499,0.007533771713536863,-0.1638497218700985,TDC:clearance_hepatocyte_az
0.21732512029966025,0.2927255304925767,0.10886996178440222,14.421052631578947,1102,TDC:clearance_microsome_az,TDC,TDC:clearance_microsome_az,43.60163821713575,0.1107449545045407,-0.1265540746425713,TDC:clearance_microsome_az
0.5350479093474597,0.49950751979039,0.022079382637533895,14.184157075152337,7385,TDC:ld50_zhu,TDC,TDC:ld50_zhu,1.1056222899769348,0.12585729927013456,0.0951431068050731,TDC:ld50_zhu
