dataset,cluster,receptor_class,n_molecules,assortativity,rank_assortativity,rogi,mean_degree,skill
CHEMBL217_Ki,CHEMBL217_Ki,CHEMBL217_Ki,8205,0.5919193612358656,0.585001992813461,0.06144142754875978,13.494454600853139,0.35907239299413163
CHEMBL205_Ki,CHEMBL205_Ki,CHEMBL205_Ki,7636,0.5211174031053739,0.5197666178640202,0.04086804729903534,12.990570979570455,0.35109771436461534
CHEMBL261_Ki,CHEMBL261_Ki,CHEMBL261_Ki,7082,0.5259616898123023,0.5269995730574574,0.04407985371997905,12.956791866704322,0.2911936575743884
CHEMBL3594_Ki,CHEMBL3594_Ki,CHEMBL3594_Ki,5779,0.5038326921820945,0.4766850155327366,0.0649162695347299,12.902232220107285,0.31380977965524315
CHEMBL251_Ki,CHEMBL251_Ki,CHEMBL251_Ki,5286,0.6441574510325299,0.6434214148088179,0.05695468757308397,13.34998108210367,0.4073636603810721
CHEMBL224_Ki,CHEMBL224_Ki,CHEMBL224_Ki,4653,0.6123069596232147,0.6294556643791898,0.052069777172954024,13.475607135181603,0.4096548961605211
CHEMBL1628481_EC50,CHEMBL1628481_EC50,CHEMBL1628481_EC50,3215,0.4557569015426612,0.4358442749896936,0.10173266476724518,13.769828926905133,0.313563766906259
CHEMBL256_Ki,CHEMBL256_Ki,CHEMBL256_Ki,4276,0.6068571122491742,0.6074370517416211,0.06944693320081458,13.21936389148737,0.42232713378522735
CHEMBL3242_Ki,CHEMBL3242_Ki,CHEMBL3242_Ki,4624,0.5236780952596303,0.48507834465924393,0.06048051624133327,12.77984429065744,0.2760428420851371
CHEMBL226_Ki,CHEMBL226_Ki,CHEMBL226_Ki,4386,0.4999240680042367,0.5010824024510303,0.07368091904314303,13.211126310989512,0.32214605014749886
CHEMBL253_Ki,CHEMBL253_Ki,CHEMBL253_Ki,4063,0.5596806317821306,0.5635499863242398,0.07112681063701864,13.44622200344573,0.31598488673153124
CHEMBL3371_Ki,CHEMBL3371_Ki,CHEMBL3371_Ki,3904,0.5975902209263451,0.5901332919864384,0.05739771149015488,13.425204918032787,0.4115244124975288
CHEMBL5113_Ki,CHEMBL5113_Ki,CHEMBL5113_Ki,2272,0.6532916178717078,0.6595029464533736,0.07133857200940674,13.461267605633802,0.4670385345378947
CHEMBL2292_EC50,CHEMBL2292_EC50,CHEMBL2292_EC50,1857,0.4345197124246565,0.47218667905492645,0.10666748739550919,13.518578352180937,0.27887628901623107
CHEMBL1163125_Ki,CHEMBL1163125_Ki,CHEMBL1163125_Ki,1296,0.6768655698724421,0.6584209425890659,0.05967933987020563,13.510802469135802,0.47530921462312437
CHEMBL3155_Ki,CHEMBL3155_Ki,CHEMBL3155_Ki,2657,0.5357174946520892,0.5340201802651717,0.0657110353076168,13.314264207753105,0.3769753398966461
CHEMBL225_Ki,CHEMBL225_Ki,CHEMBL225_Ki,2584,0.509857174176103,0.5016885481048378,0.051942225609902026,13.51780185758514,0.2912294566663701
CHEMBL4422_EC50,CHEMBL4422_EC50,CHEMBL4422_EC50,2272,0.5450224130458442,0.5569808086389368,0.07654577425387654,13.601232394366198,0.31333573065076226
CHEMBL614358_EC50,CHEMBL614358_EC50,CHEMBL614358_EC50,1243,0.11322103326456127,0.13479547275900414,0.04956746311749061,14.242960579243766,-0.17955787347649266
CHEMBL4860_Ki,CHEMBL4860_Ki,CHEMBL4860_Ki,1243,0.8725045698886278,0.8414142775183591,0.054781484442319006,13.475462590506838,0.6780126573695201
CHEMBL5024_Ki,CHEMBL5024_Ki,CHEMBL5024_Ki,1011,0.4391634360102922,0.36072158629715056,0.08868685825137385,13.90108803165183,0.17192019502429035
CHEMBL2000_Ki,CHEMBL2000_Ki,CHEMBL2000_Ki,1080,0.5461332325025285,0.4943718499112561,0.0832099776900177,14.137037037037038,0.40636861761388976
CHEMBL4333_EC50,CHEMBL4333_EC50,CHEMBL4333_EC50,2464,0.6194148572864997,0.606798410975099,0.07625983522982532,13.223214285714286,0.4171530152278601
CHEMBL4550_Ki,CHEMBL4550_Ki,CHEMBL4550_Ki,1513,0.41508525596385415,0.42435208780171363,0.17491280269176973,13.903502974223397,0.31883883244423883
CHEMBL259_Ki,CHEMBL259_Ki,CHEMBL259_Ki,1982,0.6974640357297915,0.6800062266981456,0.08627008866163455,13.426841574167508,0.462711407996787
CHEMBL4822_Ki,CHEMBL4822_Ki,CHEMBL4822_Ki,2217,0.5357850901614466,0.5463231906649918,0.09046515531178367,13.232295895354081,0.38428856965572167
CHEMBL222_Ki,CHEMBL222_Ki,CHEMBL222_Ki,1987,0.5535579606260396,0.5540245538685513,0.05840300207848259,13.712128837443382,0.30202894196388397
CHEMBL245_Ki,CHEMBL245_Ki,CHEMBL245_Ki,1777,0.7165869096438549,0.7121783266073024,0.05279804644911523,13.576814856499718,0.49303414808076684
CHEMBL2014_Ki,CHEMBL2014_Ki,CHEMBL2014_Ki,2108,0.5559074267959228,0.5432602742735599,0.08622021469195867,13.46584440227704,0.3648197755150854
CHEMBL255_Ki,CHEMBL255_Ki,CHEMBL255_Ki,1843,0.6689078978329568,0.6535300187942188,0.05903961036486005,13.331524688008681,0.4272563709565842
CHEMBL4361_Ki,CHEMBL4361_Ki,CHEMBL4361_Ki,1617,0.8708955537023604,0.8504487457392921,0.03461308180024031,13.711811997526283,0.6734052612614634
CHEMBL4805_Ki,CHEMBL4805_Ki,CHEMBL4805_Ki,583,0.25004524103487624,0.31096930283773655,0.11892236007228502,13.406518010291595,0.0007435114903853179
CHEMBL1784_EC50,CHEMBL1784_EC50,CHEMBL1784_EC50,1464,0.7482157958178667,0.7457968144427248,0.08877913257100789,13.691256830601093,0.5143758933237382
CHEMBL1833_Ki,CHEMBL1833_Ki,CHEMBL1833_Ki,1655,0.4002432488888049,0.3750205141892499,0.06400031284392999,13.682175226586102,0.1763537913877692
CHEMBL4227_EC50,CHEMBL4227_EC50,CHEMBL4227_EC50,1332,0.5199645042237123,0.5282501842272807,0.09877419095541623,13.732732732732734,0.2821801588932261
CHEMBL211_Ki,CHEMBL211_Ki,CHEMBL211_Ki,1564,0.6260890399704975,0.6146934259964413,0.06042956820411172,13.601023017902813,0.4743877673010911
CHEMBL344_Ki,CHEMBL344_Ki,CHEMBL344_Ki,1593,0.4214743486615958,0.41310031430119454,0.08219832387302681,13.11487758945386,0.2752467470610551
CHEMBL240_Ki,CHEMBL240_Ki,CHEMBL240_Ki,1485,0.5722638405787761,0.5759189577814343,0.05389403334623838,13.100336700336701,0.3736527310330279
CHEMBL3759_Ki,CHEMBL3759_Ki,CHEMBL3759_Ki,1342,0.5319512826266869,0.5194748851150306,0.06578357375665372,13.435171385991058,0.38817023918195115
CHEMBL2056_Ki,CHEMBL2056_Ki,CHEMBL2056_Ki,1265,0.5510389228492543,0.554038782674466,0.0644483992941225,13.677470355731225,0.37862506721252853
