dataset,n_molecules,n,assortativity_pearson,assortativity_rank,rogi,mean_degree,rmse_RandomForest,base_RandomForest,skill_RandomForest,rmse_ChemProp50,base_ChemProp50,skill_ChemProp50,rmse_DeepDelta5,base_DeepDelta5,skill_DeepDelta5,cluster,receptor_class
Caco2,910,910,0.5212790715751032,0.5055592762508784,0.042382428193391775,13.573626373626373,0.6141343496526598,1.0904067293143405,0.4367841529748866,0.5748405472367313,1.0904067293143405,0.4728200663268125,0.5723846701725593,1.0904067293143405,0.4750723241294732,Caco2,Caco2
FUBrain,253,253,0.1547531673819017,0.16411431118196823,0.054327525552327005,14.181818181818182,0.9283722972526401,1.0989131124060154,0.15519044520270098,0.9645273532921224,1.0989131124060154,0.12228970388720006,0.8301525286127165,1.0989131124060154,0.24456945754779558,FUBrain,FUBrain
FreeSolv,642,642,0.48010383401546863,0.49674135707521105,0.022489321837310283,13.71651090342679,2.913666308826568,5.405739013341387,0.4610049982739406,1.3716844352934985,5.405739013341387,0.7462540400289072,1.2900124356178213,5.405739013341387,0.7613624275174837,FreeSolv,FreeSolv
HalfLife,1321,1321,0.21980454969044605,0.2457078194650299,0.03783551102686106,14.15442846328539,0.7623662671489074,0.8982013306748774,0.15123008493419643,0.7837607784737889,0.8982013306748774,0.12741080233660063,0.7780173320839789,0.8982013306748774,0.13380518875494918,HalfLife,HalfLife
HemoTox,828,828,0.6266236173512293,0.5607482349102421,0.04054497305989899,13.23913043478261,0.6629036475737278,1.158695223439842,0.42788782229916145,0.7286399825426821,1.158695223439842,0.37115475424197064,0.6348758944166916,1.158695223439842,0.452076886506943,HemoTox,HemoTox
HepClear,881,881,0.17202360218092996,0.17021015623356797,0.11248663111853469,14.152099886492621,0.5635546258163135,0.6217065539402207,0.09353597409477954,0.5703889927457098,0.6217065539402207,0.08254305969475961,0.6217432358051681,0.6217065539402207,-5.900189521068633e-05,HepClear,HepClear
MicroClear,731,731,0.17157483469110874,0.17450832259393484,0.10107076057812403,14.456908344733241,0.5443949779573585,0.6061721013100857,0.10191350479379013,0.5455951243833883,0.6061721013100857,0.09993362742326106,0.5568559041423625,0.6061721013100857,0.08135675835482836,MicroClear,MicroClear
RenClear,636,636,0.20214516159186746,0.24387761196752794,0.06355627645908146,14.034591194968554,0.3373929055303909,0.37977865563448415,0.11160645674855185,0.338945147410237,0.37977865563448415,0.10751922894673449,0.3501750054775643,0.37977865563448415,0.07794974709008318,RenClear,RenClear
Sol,1128,1128,0.5213934666416367,0.5088015110460103,0.03554585606678501,14.063829787234043,1.6232490260654735,2.953460058319116,0.4503907301901001,0.915450544423455,2.953460058319116,0.6900413324213162,0.8590283814928302,2.953460058319116,0.709145082536947,Sol,Sol
VDss,1130,1130,0.3995385829044942,0.4253754178612226,0.027781388859448364,14.028318584070796,0.6317015226845628,0.9203218272677264,0.31360801844722785,0.6698332954271086,0.9203218272677264,0.2721749331799227,0.6177577015718662,0.9203218272677264,0.3287590457287315,VDss,VDss
