dataset,cluster,receptor_class,n_molecules,assortativity,rank_assortativity,skill_pointwise,skill_knn_floor,skill_pairwise,provenance
CHEMBL217_Ki,CHEMBL217_Ki,CHEMBL217_Ki,8205,0.5919193612358656,0.585001992813461,0.312,0.388,0.345,recovered_3dp
CHEMBL205_Ki,CHEMBL205_Ki,CHEMBL205_Ki,7636,0.5211174031053739,0.5197666178640202,0.319,0.326,0.286,recovered_3dp
CHEMBL261_Ki,CHEMBL261_Ki,CHEMBL261_Ki,7082,0.5259616898123023,0.5269995730574574,0.25,0.322,0.256,recovered_3dp
CHEMBL3594_Ki,CHEMBL3594_Ki,CHEMBL3594_Ki,5779,0.5038326921820945,0.4766850155327366,0.264,0.316,0.2,recovered_3dp
CHEMBL251_Ki,CHEMBL251_Ki,CHEMBL251_Ki,5286,0.6441574510325299,0.6434214148088179,0.368,0.418,0.316,recovered_3dp
CHEMBL224_Ki,CHEMBL224_Ki,CHEMBL224_Ki,4653,0.6123069596232147,0.6294556643791898,0.373,0.356,0.32,recovered_3dp
CHEMBL1628481_EC50,CHEMBL1628481_EC50,CHEMBL1628481_EC50,3215,0.4557569015426612,0.4358442749896936,0.277,0.25,0.242,recovered_3dp
CHEMBL256_Ki,CHEMBL256_Ki,CHEMBL256_Ki,4276,0.6068571122491742,0.6074370517416211,0.382,0.379,0.292,recovered_3dp
CHEMBL3242_Ki,CHEMBL3242_Ki,CHEMBL3242_Ki,4624,0.5236780952596303,0.4850783446592439,0.243,0.318,0.195,recovered_3dp
CHEMBL226_Ki,CHEMBL226_Ki,CHEMBL226_Ki,4386,0.4999240680042367,0.5010824024510303,0.28,0.314,0.188,recovered_3dp
CHEMBL253_Ki,CHEMBL253_Ki,CHEMBL253_Ki,4063,0.5596806317821306,0.5635499863242398,0.276,0.298,0.163,recovered_3dp
CHEMBL3371_Ki,CHEMBL3371_Ki,CHEMBL3371_Ki,3904,0.5975902209263451,0.5901332919864384,0.376,0.375,0.274,recovered_3dp
CHEMBL5113_Ki,CHEMBL5113_Ki,CHEMBL5113_Ki,2272,0.6532916178717078,0.6595029464533736,0.446,0.415,0.414,recovered_3dp
CHEMBL2292_EC50,CHEMBL2292_EC50,CHEMBL2292_EC50,1857,0.4345197124246565,0.4721866790549264,0.241,0.242,0.183,recovered_3dp
CHEMBL1163125_Ki,CHEMBL1163125_Ki,CHEMBL1163125_Ki,1296,0.6768655698724421,0.6584209425890659,0.446,0.436,0.431,recovered_3dp
CHEMBL3155_Ki,CHEMBL3155_Ki,CHEMBL3155_Ki,2657,0.5357174946520892,0.5340201802651717,0.336,0.378,0.284,recovered_3dp
CHEMBL225_Ki,CHEMBL225_Ki,CHEMBL225_Ki,2584,0.509857174176103,0.5016885481048378,0.248,0.32,0.129,recovered_3dp
CHEMBL4422_EC50,CHEMBL4422_EC50,CHEMBL4422_EC50,2272,0.5450224130458442,0.5569808086389368,0.299,0.298,0.17,recovered_3dp
CHEMBL614358_EC50,CHEMBL614358_EC50,CHEMBL614358_EC50,1243,0.1132210332645612,0.1347954727590041,-0.269,-0.001,-0.289,recovered_3dp
CHEMBL4860_Ki,CHEMBL4860_Ki,CHEMBL4860_Ki,1243,0.8725045698886278,0.8414142775183591,0.663,0.641,0.627,recovered_3dp
CHEMBL5024_Ki,CHEMBL5024_Ki,CHEMBL5024_Ki,1011,0.4391634360102922,0.3607215862971505,0.139,0.231,-0.013,recovered_3dp
CHEMBL2000_Ki,CHEMBL2000_Ki,CHEMBL2000_Ki,1080,0.5461332325025285,0.4943718499112561,0.401,0.36,0.329,recovered_3dp
CHEMBL4333_EC50,CHEMBL4333_EC50,CHEMBL4333_EC50,2464,0.6194148572864997,0.606798410975099,0.389,0.372,0.292,recovered_3dp
CHEMBL4550_Ki,CHEMBL4550_Ki,CHEMBL4550_Ki,1513,0.4150852559638541,0.4243520878017136,0.284,0.287,0.276,recovered_3dp
CHEMBL259_Ki,CHEMBL259_Ki,CHEMBL259_Ki,1982,0.6974640357297915,0.6800062266981456,0.443,0.461,0.353,recovered_3dp
CHEMBL4822_Ki,CHEMBL4822_Ki,CHEMBL4822_Ki,2217,0.5357850901614466,0.5463231906649918,0.386,0.345,0.304,recovered_3dp
CHEMBL222_Ki,CHEMBL222_Ki,CHEMBL222_Ki,1987,0.5535579606260396,0.5540245538685513,0.264,0.321,0.224,recovered_3dp
CHEMBL245_Ki,CHEMBL245_Ki,CHEMBL245_Ki,1777,0.7165869096438549,0.7121783266073024,0.457,0.484,0.41,recovered_3dp
CHEMBL2014_Ki,CHEMBL2014_Ki,CHEMBL2014_Ki,2108,0.5559074267959228,0.5432602742735599,0.3238043735320125,0.3545355711797278,0.2941152957664299,computed
CHEMBL255_Ki,CHEMBL255_Ki,CHEMBL255_Ki,1843,0.6689078978329568,0.6535300187942188,0.4022563096986519,0.4148036376261838,0.35809195075921774,computed
CHEMBL4361_Ki,CHEMBL4361_Ki,CHEMBL4361_Ki,1617,0.8708955537023604,0.8504487457392921,0.6578764447700562,0.671425999847843,0.6212137464682119,computed
CHEMBL4805_Ki,CHEMBL4805_Ki,CHEMBL4805_Ki,583,0.25004524103487624,0.31096930283773655,-0.04165606873647931,0.09474645520471581,0.010539853652285602,computed
CHEMBL1784_EC50,CHEMBL1784_EC50,CHEMBL1784_EC50,1464,0.7482157958178667,0.7457968144427248,0.4951038842765133,0.519884620162027,0.46134438875712036,computed
CHEMBL1833_Ki,CHEMBL1833_Ki,CHEMBL1833_Ki,1655,0.4002432488888049,0.3750205141892499,0.13070883895215957,0.18770591699169326,0.09309698388929166,computed
CHEMBL4227_EC50,CHEMBL4227_EC50,CHEMBL4227_EC50,1332,0.5199645042237123,0.5282501842272807,0.2669266729516174,0.30847590858021545,0.12496643853775347,computed
CHEMBL211_Ki,CHEMBL211_Ki,CHEMBL211_Ki,1564,0.6260890399704975,0.6146934259964413,0.43740948812428826,0.4383310938688363,0.41868871623794157,computed
CHEMBL344_Ki,CHEMBL344_Ki,CHEMBL344_Ki,1593,0.4214743486615958,0.41310031430119454,0.23548539428927096,0.2266513254484478,0.19879967299931312,computed
CHEMBL240_Ki,CHEMBL240_Ki,CHEMBL240_Ki,1485,0.5722638405787761,0.5759189577814343,0.33289322553246614,0.37211992531463867,0.28113360585521563,computed
CHEMBL3759_Ki,CHEMBL3759_Ki,CHEMBL3759_Ki,1342,0.5319512826266869,0.5194748851150306,0.34998106804066387,0.33850243887948805,0.29831376035130586,computed
CHEMBL2056_Ki,CHEMBL2056_Ki,CHEMBL2056_Ki,1265,0.5510389228492543,0.554038782674466,0.3469267510860282,0.33680830835913667,0.3534542227295827,computed
