dataset,receptor_class,prereg,n_molecules,assortativity,assortativity_coverage,unbiased_homophily,label_informativeness,adjusted_homophily,rogi,rogi_flavour,dirichlet,mean_degree,n_components,largest_component_fraction,n_triangles,rmse_pointwise,rmse_knn_floor,rmse_pairwise,rmse_cliff_pointwise,rmse_cliff_knn_floor,rmse_cliff_pairwise,gap,access,correction,selected_pointwise,selected_pairwise,n_seeds
CHEMBL1862_Ki,Kinase,8e26372e94e75a38c60911859187afcef29109e7,794,0.5999912152746948,1.0,0.36195390765821717,0.09648361070899175,0.36136168408702396,0.049348659132860684,rogi,0.810576192371708,14.375314861460957,1,1.0,11501,0.8472647992260028,1.0055901157080762,0.9658452146297002,0.7723585267839507,0.8183220512202349,0.7699417810169146,-0.11858041540369742,-0.15832531648207337,0.03974490107837595,"mean(hgb,mlp)","mean(hgb,mlp)",3
CHEMBL1871_Ki,NR,8e26372e94e75a38c60911859187afcef29109e7,659,0.5880238292430153,1.0,0.3258901108293393,0.06390893366630973,0.2781163862938371,0.05602623849398092,rogi,0.8134112502855716,13.12898330804249,2,0.9575113808801214,10962,0.7666142106895389,0.7490737234904264,0.8099981386955832,1.0149046636216799,0.9615492249087425,0.9054268370914151,-0.043383928006044147,0.017540487199112647,-0.06092441520515679,"mean(hgb,mlp)","mean(hgb,mlp)",3
CHEMBL2034_Ki,NR,8e26372e94e75a38c60911859187afcef29109e7,750,0.5647806523125452,1.0,0.24881862347807537,0.042409750108495334,0.23686094809336253,0.07423326671471253,rogi,0.8341955425723632,13.138666666666667,2,0.9813333333333333,13654,0.7600157303802582,0.7665628721857204,0.7796355651168736,0.8697897821059892,0.929783383037758,0.921138399731641,-0.0196198347366154,-0.006547141805462194,-0.013072692931153207,"mean(hgb,mlp)","mean(hgb,mlp)",3
CHEMBL2047_EC50,NR,8e26372e94e75a38c60911859187afcef29109e7,631,0.5201456411300904,1.0,0.3101319591991304,0.06985077531741861,0.3077420658384776,0.0776248735473219,rogi,0.9061695922025319,13.613312202852615,1,1.0,11425,0.6580542691560309,0.6548409402705475,0.7643289896681879,0.6958641999805916,0.6991301395435457,0.8528843493474537,-0.10627472051215699,0.003213328885483424,-0.10948804939764041,"mean(hgb,mlp)","mean(hgb,mlp)",3
CHEMBL204_Ki,Protease,8e26372e94e75a38c60911859187afcef29109e7,2754,0.6626660522234534,1.0,0.342422926990618,0.08501367249482814,0.3383356972928191,0.05813396853513719,rogi,0.6768632187549034,13.124909222948439,5,0.9702251270878722,45828,0.8319389784635317,0.9096584042499328,0.9745870982853545,0.9463062246850503,1.041276963370834,1.0176665467799817,-0.14264811982182268,-0.07771942578640108,-0.0649286940354216,"mean(hgb,mlp)","mean(hgb,mlp)",3
CHEMBL2147_Ki,Kinase,8e26372e94e75a38c60911859187afcef29109e7,1456,0.8052380569238171,1.0,0.4049062693865274,0.12035763784705202,0.40131182527950254,0.05300553768298766,rogi,0.3937038979909398,14.30631868131868,1,1.0,21936,0.7406535517735903,0.7785222390110391,0.782255558439954,0.6884563900711211,0.7939497461476396,0.7109015646708677,-0.04160200666636379,-0.03786868723744893,-0.003733319428914861,"mean(hgb,mlp)","mean(hgb,mlp)",3
CHEMBL214_Ki,GPCR,8e26372e94e75a38c60911859187afcef29109e7,3317,0.5786389764886399,1.0,0.25341693830804707,0.045301364350237655,0.2468323613163086,0.06335834656143546,rogi,0.8242106681950455,13.181187820319566,1,1.0,49832,0.7559061156268511,0.7507154521529021,0.8547670016654029,0.8145332262060933,0.8282993022351778,0.8537724611934402,-0.09886088603855188,0.005190663473948846,-0.10405154951250073,"mean(hgb,mlp)","mean(hgb,mlp)",3
CHEMBL218_EC50,GPCR,8e26372e94e75a38c60911859187afcef29109e7,1031,0.4631119043738833,1.0,0.2959923859132848,0.06197080670420852,0.2879917404478936,0.06402070122042713,rogi,1.0563191561998202,13.158098933074685,1,1.0,16056,0.7880284841315882,0.8069673288016355,0.7741400185045504,0.8148285637294336,0.8703069869631873,0.7444312238570454,0.013888465627037827,-0.01893884467004725,0.03282731029708508,"mean(hgb,mlp)","mean(hgb,mlp)",3
CHEMBL219_Ki,GPCR,8e26372e94e75a38c60911859187afcef29109e7,1865,0.4419260794150359,1.0,0.20779068961572167,0.030932624972372775,0.2054778545272655,0.07258316811385918,rogi,1.106925820820329,13.512064343163539,1,1.0,28940,0.8146265746406968,0.8175220027214785,1.017373114401857,0.8263026391591476,0.8370677645627781,1.0081690909593222,-0.20274653976116022,-0.002895428080781729,-0.1998511116803785,"mean(hgb,mlp)","mean(hgb,mlp)",3
CHEMBL228_Ki,Other,8e26372e94e75a38c60911859187afcef29109e7,1704,0.5261103517446459,1.0,0.26797115669190885,0.05079668063218783,0.2613156286242544,0.062171798587433214,rogi,0.9381916060665937,13.326291079812206,1,1.0,27064,0.8003039695109985,0.8313953532225801,0.925593338257474,0.8039181370651726,0.8797918181086969,0.8677206514545212,-0.12528936874647556,-0.03109138371158156,-0.094197985034894,"mean(hgb,mlp)","mean(hgb,mlp)",3
CHEMBL231_Ki,GPCR,8e26372e94e75a38c60911859187afcef29109e7,973,0.6210885846432446,1.0,0.16318326559446078,0.015107328357322067,0.13441273228749565,0.05148652217013472,rogi,0.7580680976019414,13.800616649537513,1,1.0,15950,0.8661543585621022,0.7932343452929796,0.9437748966042298,0.9556653628045374,0.9383685387317667,1.1148320738428106,-0.07762053804212754,0.07292001326912256,-0.1505405513112501,"mean(hgb,mlp)","mean(hgb,mlp)",3
CHEMBL233_Ki,GPCR,8e26372e94e75a38c60911859187afcef29109e7,3142,0.6118547719646804,1.0,0.30172095072498717,0.06625432979283022,0.3001165499386727,0.06485707460365703,rogi,0.7887219048313572,13.453214513049014,2,0.9961807765754297,51629,0.8926627253059284,0.8538955820728953,1.0324500318482757,0.9699690123817538,0.9094731638142242,1.0398478902291766,-0.1397873065423473,0.03876714323303313,-0.17855444977538046,"mean(hgb,mlp)","mean(hgb,mlp)",3
CHEMBL234_Ki,GPCR,8e26372e94e75a38c60911859187afcef29109e7,3657,0.5913670695372554,1.0,0.2581435992560714,0.04854870818414378,0.25785319345361635,0.06545920867182459,rogi,0.8007872231592272,13.689909762100083,1,1.0,57661,0.731948913680716,0.7334019993020714,0.8465899179879633,0.7026259069125259,0.6962571323946188,0.7505642420693558,-0.11464100430724751,-0.0014530856213554506,-0.11318791868589206,"mean(hgb,mlp)","mean(hgb,mlp)",3
CHEMBL235_EC50,NR,8e26372e94e75a38c60911859187afcef29109e7,2349,0.5825291251051303,1.0,0.3176078409834887,0.07206998686751756,0.31090369382838035,0.07249587256272222,rogi,0.8369103337130469,13.046402724563643,3,0.9765857811834824,39756,0.707835006727246,0.6885010323157935,0.9415745240850611,0.8079066345364385,0.8199918249463439,1.0079201406837008,-0.2337395173578151,0.01933397441145261,-0.2530734917692677,"mean(hgb,mlp)","mean(hgb,mlp)",3
CHEMBL236_Ki,GPCR,8e26372e94e75a38c60911859187afcef29109e7,2598,0.6799773522729705,1.0,0.29805071958869833,0.06418178442154553,0.29484929255545667,0.06639948104301618,rogi,0.6536801708966904,13.524249422632794,4,0.9776751347190146,43778,0.8020935740620999,0.7922499996671869,0.9542604674228713,0.8507259514733959,0.8824339192088916,0.9623037748044765,-0.15216689336077116,0.00984357439491305,-0.1620104677556842,"mean(hgb,mlp)","mean(hgb,mlp)",3
CHEMBL237_EC50,GPCR,8e26372e94e75a38c60911859187afcef29109e7,955,0.5206351920539958,1.0,0.3058443420826773,0.06856864431982969,0.30584378796462647,0.08924307403236409,rogi,0.9473678395287325,13.612565445026178,2,0.9832460732984293,16404,0.8230418464886258,0.9236125477851586,0.9611045388028846,0.8841969825382109,0.9001914727889385,0.9872846878179704,-0.1380626923142588,-0.10057070129653285,-0.037491991017725934,"mean(hgb,mlp)","mean(hgb,mlp)",3
CHEMBL237_Ki,GPCR,8e26372e94e75a38c60911859187afcef29109e7,2603,0.6454298724215494,1.0,0.3328443866961411,0.08113213324016293,0.3317863418021363,0.0677379517298417,rogi,0.7127411717393811,13.545908567038033,2,0.9953899346907414,43350,0.7981734502732817,0.7844264103277266,0.9934723246019459,0.8259960542689564,0.8433255230658611,1.0310604986753005,-0.19529887432866402,0.013747039945555262,-0.20904591427421929,"mean(hgb,mlp)","mean(hgb,mlp)",3
CHEMBL238_Ki,Other,8e26372e94e75a38c60911859187afcef29109e7,1052,0.5328737557677491,1.0,0.24566303894053085,0.03710344815003694,0.2146476829346484,0.060509881604670634,rogi,0.9164196964565327,13.543726235741445,1,1.0,16644,0.749519179930677,0.7365823296691468,0.7732119751890175,0.7488802190100703,0.7489277999721118,0.8100645262199775,-0.02369279525834056,0.012936850261530167,-0.036629645519870725,"mean(hgb,mlp)","mean(hgb,mlp)",3
CHEMBL239_EC50,NR,8e26372e94e75a38c60911859187afcef29109e7,1721,0.5137419196498889,1.0,0.24851809727470192,0.04447874478089582,0.2461452112139858,0.08477759163855292,rogi,0.973574200065404,13.231841952353284,2,0.990122022080186,29287,0.7591558204230567,0.774913642376741,0.9195792116106339,0.8481029905247693,0.9218594113260045,0.9726397633366713,-0.16042339118757729,-0.015757821953684286,-0.14466556923389298,"mean(hgb,mlp)","mean(hgb,mlp)",3
CHEMBL244_Ki,Protease,8e26372e94e75a38c60911859187afcef29109e7,3097,0.7549038358404901,1.0,0.280918397180666,0.057652831915985206,0.28074207863601014,0.06865973614398035,rogi,0.4918712066788759,13.367775266386825,8,0.948337100419761,54018,0.823263724993245,0.8161574872691247,1.022741387067896,0.8954290343729919,0.8979159856361009,1.0465817279454173,-0.19947766207465115,0.007106237724120261,-0.20658389979877143,"mean(hgb,mlp)","mean(hgb,mlp)",3
CHEMBL262_Ki,Kinase,8e26372e94e75a38c60911859187afcef29109e7,856,0.384770204839488,1.0,0.26638841777765626,0.03743859142832076,0.20565716793967134,0.0633088396447044,rogi,1.2311442817568148,14.133177570093459,1,1.0,11901,0.8333320433160222,0.8881855385000104,0.9171987730561794,0.8289592387967778,0.9856672997741484,0.8406093853835127,-0.08386672974015712,-0.05485349518398822,-0.029013234556168888,"mean(hgb,mlp)","mean(hgb,mlp)",3
CHEMBL264_Ki,GPCR,8e26372e94e75a38c60911859187afcef29109e7,2862,0.5615735208834454,1.0,0.29805455863094016,0.06468451772612953,0.2966716572993575,0.06636191639982847,rogi,0.8655573293625597,13.37665967854647,2,0.9937106918238994,45635,0.7416595414530436,0.7126988976863631,0.847730227034063,0.7971447077341421,0.8355633118176975,0.8634305733686501,-0.1060706855810194,0.028960643766680543,-0.13503132934769993,"mean(hgb,mlp)","mean(hgb,mlp)",3
CHEMBL2835_Ki,Kinase,8e26372e94e75a38c60911859187afcef29109e7,615,0.7840189108351248,1.0,0.4138965980918981,0.06378701371565611,0.2373951559702194,0.06277933002182479,rogi,0.4104015945831125,14.097560975609756,1,1.0,10485,0.44885885000522546,0.470720704209412,0.5017501203785781,0.7585782884484553,0.8916666717299709,0.836928575378813,-0.05289127037335273,-0.021861854204186532,-0.031029416169166196,"mean(hgb,mlp)","mean(hgb,mlp)",3
CHEMBL287_Ki,Other,8e26372e94e75a38c60911859187afcef29109e7,1328,0.3750248425846566,1.0,0.2297225960439938,0.0379531944063959,0.22756242082394332,0.07134167695297017,rogi,1.2059854453698506,13.850903614457831,2,0.9917168674698795,20824,0.8903410525609439,0.8433482674390956,0.9022540695358766,0.9477833901895076,0.938178939510714,0.9017683330827438,-0.011913016974932708,0.046992785121848235,-0.058905802096780945,"mean(hgb,mlp)","mean(hgb,mlp)",3
CHEMBL2971_Ki,Kinase,8e26372e94e75a38c60911859187afcef29109e7,976,0.734889061710484,1.0,0.34752528028963536,0.06284766652904497,0.2634424892187494,0.04319403124258725,rogi,0.510925340436468,14.245901639344263,1,1.0,15406,0.7125036837282174,0.6749432536034362,0.7547266875960733,0.7301142448842373,0.7683139097412294,0.7920326064639727,-0.04222300386785601,0.03756043012478124,-0.07978343399263725,"mean(hgb,mlp)","mean(hgb,mlp)",3
CHEMBL3979_EC50,NR,8e26372e94e75a38c60911859187afcef29109e7,1125,0.6086937707707706,1.0,0.3329260292196088,0.0810784952622618,0.3315633820376514,0.07599692647292988,rogi,0.7614744051563991,13.214222222222222,2,0.9848888888888889,18876,0.690992991856203,0.7173048231453659,0.7867333983795554,0.7401232713735202,0.7456071614881233,0.866759933446005,-0.0957404065233524,-0.02631183128916285,-0.06942857523418955,"mean(hgb,mlp)","mean(hgb,mlp)",3
CHEMBL4005_Ki,Transferase,8e26372e94e75a38c60911859187afcef29109e7,960,0.591282282235574,1.0,0.23856180580058417,0.041144440034850946,0.23716253672224452,0.07235437713010823,rogi,0.7757590429564467,13.245833333333334,6,0.8822916666666667,14851,0.6570099366813072,0.7004853403986209,0.7506613853443964,0.7381795455028581,0.7566578804535037,0.8333021247612059,-0.09365144866308905,-0.043475403717313586,-0.05017604494577547,"mean(hgb,mlp)","mean(hgb,mlp)",3
CHEMBL4203_Ki,Kinase,8e26372e94e75a38c60911859187afcef29109e7,731,0.36887762688690123,1.0,0.22502483794069453,0.014859424217135755,0.10849832980520871,0.05248750725574791,rogi,1.28521099999658,14.25170998632011,1,1.0,8515,1.051113398001316,0.916441809333242,1.0082987780175516,1.1353474309762894,1.0315054142951712,1.022447862980095,0.04281461998376431,0.13467158866807383,-0.09185696868430952,"mean(hgb,mlp)","mean(hgb,mlp)",3
CHEMBL4616_EC50,GPCR,8e26372e94e75a38c60911859187afcef29109e7,682,0.3988669189346174,1.0,0.29486802694284364,0.06290187283814543,0.29208414421573764,0.10992209447732604,rogi,1.1610550090411595,13.454545454545455,1,1.0,11513,0.7028673801796143,0.7589712844169996,0.810662265647919,0.7194020224419942,0.851415998441906,0.8948209334279822,-0.10779488546830474,-0.05610390423738535,-0.051690981230919385,"mean(hgb,mlp)","mean(hgb,mlp)",3
CHEMBL4792_Ki,GPCR,8e26372e94e75a38c60911859187afcef29109e7,1471,0.5447958878548221,1.0,0.20379859500977265,0.029745748627371466,0.2015230651019566,0.0957175878365511,rogi,0.9047581619790157,13.366417403127125,1,1.0,21155,0.6874312068490127,0.7415288678796887,0.7668095734626048,0.6865307725217858,0.7454646679691729,0.79875984545534,-0.0793783666135921,-0.054097661030676036,-0.025280705582916063,"mean(hgb,mlp)","mean(hgb,mlp)",3
