dataset,n_nodes,n_edges,n_components,n_triangles,triangles_sampled,dim_gradient,dim_cycle_space,dim_curl,dim_harmonic,harmonic_share_of_cycle,harmonic_over_gradient,triangles_per_edge,certified,method,spectral_gap,k_used,prereg,avg_clustering,mean_degree,degree_cv,transitivity,receptor_class,assortativity,rogi,unbiased_homophily
CHEMBL2835_Ki,615,4335,1,10485,False,614,3721,3572,149,0.0400429991937651,0.2426710097719869,2.4186851211072664,True,lanczos,0.0168125708528013,595,864ec5131b281d6cf3d48c481c897acd803d2e93,0.5679786466716773,14.097560975609756,0.4347174010771412,0.46035974065889035,Kinase,0.7840189108351248,0.0627793300218247,0.4138965980918981
CHEMBL2047_EC50,631,4295,1,11425,False,630,3665,3555,110,0.0300136425648021,0.1746031746031746,2.660069848661234,True,lanczos,0.0201964416147718,586,864ec5131b281d6cf3d48c481c897acd803d2e93,0.6352166348627605,13.613312202852615,0.3624199948009518,0.554127461441459,NR,0.5201456411300904,0.0776248735473219,0.3101319591991304
CHEMBL1871_Ki,659,4326,2,10962,False,657,3669,3545,124,0.0337966748432815,0.1887366818873668,2.533980582524272,True,lanczos,0.032967028392722,587,864ec5131b281d6cf3d48c481c897acd803d2e93,0.6316392289059438,13.12898330804249,0.3105086021876384,0.5675283884996376,NR,0.5880238292430153,0.0560262384939809,0.3258901108293393
CHEMBL4616_EC50,682,4588,1,11513,False,681,3907,3738,169,0.0432556949065779,0.2481644640234948,2.509372275501308,True,lanczos,0.0264665985350962,625,864ec5131b281d6cf3d48c481c897acd803d2e93,0.6070806949026373,13.454545454545455,0.3443936710164797,0.5357957277818284,GPCR,0.3988669189346174,0.109922094477326,0.2948680269428436
CHEMBL4203_Ki,731,5209,1,8515,False,730,4479,3727,752,0.1678946193346729,1.03013698630137,1.6346707621424457,True,lanczos,0.0255776805194465,1432,864ec5131b281d6cf3d48c481c897acd803d2e93,0.3525523307630655,14.25170998632011,0.3154627992179559,0.3342886306532663,Kinase,0.3688776268869012,0.0524875072557479,0.2250248379406945
CHEMBL2034_Ki,750,4927,2,13654,False,748,4179,4114,65,0.0155539602775783,0.0868983957219251,2.771260401867262,True,lanczos,0.0141350660392601,668,864ec5131b281d6cf3d48c481c897acd803d2e93,0.6861858447336425,13.138666666666667,0.29771819067596217,0.6249446944847051,NR,0.5647806523125452,0.0742332667147125,0.2488186234780753
CHEMBL1862_Ki,794,5707,1,11501,False,793,4914,4423,491,0.0999185999185999,0.6191677175283733,2.0152444366567375,True,lanczos,0.0416725113919276,786,864ec5131b281d6cf3d48c481c897acd803d2e93,0.4459077726219267,14.375314861460957,0.38591248497638625,0.38963986855032695,Kinase,0.5999912152746948,0.0493486591328606,0.3619539076582171
CHEMBL262_Ki,856,6049,1,11901,False,855,5194,4483,711,0.1368887177512514,0.8315789473684211,1.9674326334931391,True,lanczos,0.0429348849262647,831,864ec5131b281d6cf3d48c481c897acd803d2e93,0.4249439701319051,14.133177570093459,0.2781530452133716,0.4148761867134574,Kinase,0.384770204839488,0.0633088396447044,0.2663884177776562
CHEMBL237_EC50,955,6500,2,16404,False,953,5547,5318,229,0.0412835767081305,0.2402938090241343,2.5236923076923077,True,lanczos,0.0187358436008771,887,864ec5131b281d6cf3d48c481c897acd803d2e93,0.6001308155268884,13.612565445026178,0.3647266951159149,0.5249168017748954,GPCR,0.5206351920539958,0.089243074032364,0.3058443420826773
CHEMBL4005_Ki,960,6358,6,14851,False,954,5404,5171,233,0.0431162102146558,0.2442348008385744,2.335797420572507,True,lanczos,0.0213877876760233,864,864ec5131b281d6cf3d48c481c897acd803d2e93,0.5847371416715116,13.245833333333334,0.3430855805959638,0.5075992343799846,Transferase,0.591282282235574,0.0723543771301082,0.2385618058005841
CHEMBL231_Ki,973,6714,1,15950,False,972,5742,5306,436,0.0759317311041449,0.448559670781893,2.3756330056598154,True,lanczos,0.0675465703961371,918,864ec5131b281d6cf3d48c481c897acd803d2e93,0.5454875295310622,13.800616649537513,0.3148583854891167,0.5030011878606945,GPCR,0.6210885846432446,0.0514865221701347,0.1631832655944607
CHEMBL2971_Ki,976,6952,1,15406,False,975,5977,5500,477,0.0798059227036975,0.4892307692307692,2.2160529344073647,True,lanczos,0.0275640475944261,956,864ec5131b281d6cf3d48c481c897acd803d2e93,0.495290052403494,14.245901639344263,0.38382663894194397,0.43325584011399004,Kinase,0.734889061710484,0.0431940312425872,0.3475252802896353
CHEMBL218_EC50,1031,6783,1,16056,False,1030,5753,5459,294,0.0511037719450721,0.2854368932038835,2.367094206103494,True,lanczos,0.0618992166581206,920,864ec5131b281d6cf3d48c481c897acd803d2e93,0.5832284305585373,13.158098933074685,0.2887527404740611,0.5357357357357357,GPCR,0.4631119043738833,0.0640207012204271,0.2959923859132848
CHEMBL238_Ki,1052,7124,1,16644,False,1051,6073,5590,483,0.0795323563313024,0.4595623215984776,2.3363279056709714,True,lanczos,0.0855840830729504,971,864ec5131b281d6cf3d48c481c897acd803d2e93,0.5489322188863053,13.543726235741445,0.3021823529222962,0.5086175284195086,Other,0.5328737557677491,0.0605098816046706,0.2456630389405308
CHEMBL3979_EC50,1125,7433,2,18876,False,1123,6310,6011,299,0.0473851030110935,0.2662511130899376,2.539486075608772,True,lanczos,0.0241103895896857,1009,864ec5131b281d6cf3d48c481c897acd803d2e93,0.6280613314342834,13.214222222222222,0.326438770136654,0.5592612710483433,NR,0.6086937707707706,0.0759969264729298,0.3329260292196088
CHEMBL287_Ki,1328,9197,2,20824,False,1326,7871,7288,583,0.0740693685681616,0.4396681749622926,2.264216592367076,True,lanczos,0.0926977899809888,1259,864ec5131b281d6cf3d48c481c897acd803d2e93,0.5258971979280361,13.850903614457831,0.3665788477581467,0.4617021905578384,Other,0.3750248425846566,0.0713416769529701,0.2297225960439938
CHEMBL2147_Ki,1456,10415,1,21936,False,1455,8960,8014,946,0.1055803571428571,0.650171821305842,2.1061929908785406,True,lanczos,0.0379686847251918,1433,864ec5131b281d6cf3d48c481c897acd803d2e93,0.464312153111595,14.30631868131868,0.39738779706594596,0.40593405915553776,Kinase,0.8052380569238171,0.0530055376829876,0.4049062693865274
CHEMBL4792_Ki,1471,9831,1,21155,False,1470,8361,7808,553,0.0661404138260973,0.3761904761904762,2.1518665446038043,True,lanczos,0.0373384430619015,1337,864ec5131b281d6cf3d48c481c897acd803d2e93,0.5217889027469514,13.366417403127125,0.3514062017703361,0.46055543863977766,GPCR,0.5447958878548221,0.0957175878365511,0.2037985950097726
CHEMBL228_Ki,1704,11354,1,27064,False,1703,9651,9060,591,0.0612371774945601,0.3470346447445684,2.38365333803065,True,lanczos,0.0410521279934575,1544,864ec5131b281d6cf3d48c481c897acd803d2e93,0.5723186779412248,13.326291079812206,0.30270510232728076,0.5278480272011546,Other,0.5261103517446459,0.0621717985874332,0.2679711566919088
CHEMBL239_EC50,1721,11386,2,29287,False,1719,9667,9233,434,0.0448950036205648,0.2524723676556137,2.572193922360794,True,lanczos,0.0366949850942561,1546,864ec5131b281d6cf3d48c481c897acd803d2e93,0.6374789363668926,13.231841952353284,0.3243460265808437,0.5664030015278395,NR,0.5137419196498889,0.0847775916385529,0.2485180972747019
CHEMBL219_Ki,1865,12600,1,28940,False,1864,10736,10002,734,0.0683681073025335,0.3937768240343348,2.2968253968253967,True,lanczos,0.0362115016448797,1717,864ec5131b281d6cf3d48c481c897acd803d2e93,0.5547225494541654,13.512064343163539,0.3449722795323627,0.4879913216010072,GPCR,0.4419260794150359,0.0725831681138591,0.2077906896157216
CHEMBL235_EC50,2349,15323,3,39756,False,2346,12977,12411,566,0.0436156276489173,0.2412617220801364,2.5945310970436597,True,lanczos,0.0223482284911076,2076,864ec5131b281d6cf3d48c481c897acd803d2e93,0.6520857597776077,13.046402724563643,0.31059338693524924,0.5850141265107518,NR,0.5825291251051303,0.0724958725627222,0.3176078409834887
CHEMBL236_Ki,2598,17568,4,43778,False,2594,14974,14349,625,0.0417390142914384,0.2409406322282189,2.4919171220400727,True,lanczos,0.0548436922021432,2395,864ec5131b281d6cf3d48c481c897acd803d2e93,0.6020510576849928,13.524249422632794,0.3659300895763957,0.5214957056237864,GPCR,0.6799773522729705,0.0663994810430161,0.2980507195886983
CHEMBL237_Ki,2603,17630,2,43350,False,2601,15029,14300,729,0.048506221305476,0.2802768166089965,2.458876914350539,True,lanczos,0.0236343545128147,2404,864ec5131b281d6cf3d48c481c897acd803d2e93,0.5918001652369886,13.545908567038033,0.3631631979827735,0.5146805656143517,GPCR,0.6454298724215494,0.0677379517298417,0.3328443866961411
CHEMBL204_Ki,2754,18073,5,45828,False,2749,15324,14737,587,0.0383059253458627,0.2135321935249181,2.535716261827035,True,lanczos,0.0221940141759503,2451,864ec5131b281d6cf3d48c481c897acd803d2e93,0.6316517023100687,13.124909222948439,0.2951115980848558,0.5733469006472276,Protease,0.6626660522234534,0.0581339685351371,0.342422926990618
CHEMBL264_Ki,2862,19142,2,45635,False,2860,16282,15486,796,0.0488883429554108,0.2783216783216783,2.3840246578204995,True,lanczos,0.0341298164158713,2605,864ec5131b281d6cf3d48c481c897acd803d2e93,0.5825619779479303,13.37665967854647,0.39056467117058347,0.49608113837223206,GPCR,0.5615735208834454,0.0663619163998284,0.2980545586309401
CHEMBL244_Ki,3097,20700,8,54018,False,3089,17611,17049,562,0.03191187326103,0.1819359015862738,2.6095652173913044,True,lanczos,0.0276405354490012,2817,864ec5131b281d6cf3d48c481c897acd803d2e93,0.6373482095941648,13.367775266386825,0.371034116265965,0.5510035463283771,Protease,0.7549038358404901,0.0686597361439803,0.280918397180666
CHEMBL233_Ki,3142,21135,2,51629,False,3140,17995,17120,875,0.0486246179494304,0.2786624203821656,2.4428199668795836,True,lanczos,0.0477082984577209,2879,864ec5131b281d6cf3d48c481c897acd803d2e93,0.591704672678774,13.453214513049014,0.3494792702729618,0.5198841323013097,GPCR,0.6118547719646804,0.064857074603657,0.3017209507249871
CHEMBL214_Ki,3317,21861,1,49832,False,3316,18545,17300,1245,0.0671339983823132,0.3754523522316043,2.2794931613375415,True,lanczos,0.0755740187390891,2967,864ec5131b281d6cf3d48c481c897acd803d2e93,0.5586166387406742,13.181187820319566,0.305054224763857,0.5100372558920262,GPCR,0.5786389764886399,0.0633583465614354,0.253416938308047
CHEMBL234_Ki,3657,25032,1,57661,False,3656,21376,19819,1557,0.0728386976047904,0.4258752735229759,2.303491530840524,True,lanczos,0.0287714077550197,3420,864ec5131b281d6cf3d48c481c897acd803d2e93,0.5397264865523397,13.689909762100083,0.38238211786688336,0.4703692625625408,GPCR,0.5913670695372554,0.0654592086718245,0.2581435992560714
